price,bedrooms,bathrooms,sqft_living,sqft_lot,floors,waterfront,view,condition,sqft_above,Address,age_house,is_basement,is_renovated
313000.0,3.0,1.5,1340,7912,1.5,0,0,3,1340,1522,70,0,1
2384000.0,5.0,2.5,3650,9050,2.0,0,4,5,3370,3899,104,1,0
342000.0,3.0,2.0,1930,11947,1.0,0,0,4,1930,2291,59,0,0
420000.0,3.0,2.25,2000,8030,1.0,0,0,4,1000,4263,62,1,0
550000.0,4.0,2.5,1940,10500,1.0,0,0,4,1140,4352,49,1,1
490000.0,2.0,1.0,880,6380,1.0,0,0,3,880,3521,87,0,1
335000.0,2.0,2.0,1350,2560,1.0,0,0,3,1350,2286,49,0,0
482000.0,4.0,2.5,2710,35868,2.0,0,0,3,2710,2038,36,0,0
452500.0,3.0,2.5,2430,88426,1.0,0,0,4,1570,3369,40,1,0
640000.0,4.0,2.0,1520,6200,1.5,0,0,3,1520,3846,80,0,1
463000.0,3.0,1.75,1710,7320,1.0,0,0,3,1710,4510,77,0,1
1400000.0,4.0,2.5,2920,4000,1.5,0,0,5,1910,3025,116,1,1
588500.0,3.0,1.75,2330,14892,1.0,0,0,3,1970,1473,45,1,0
365000.0,3.0,1.0,1090,6435,1.0,0,0,4,1090,2176,70,0,1
1200000.0,5.0,2.75,2910,9480,1.5,0,0,3,2910,2905,86,0,1
242500.0,3.0,1.5,1200,9720,1.0,0,0,4,1200,808,60,0,0
419000.0,3.0,1.5,1570,6700,1.0,0,0,4,1570,1060,69,0,0
367500.0,4.0,3.0,3110,7231,2.0,0,0,3,3110,276,28,0,0
257950.0,3.0,1.75,1370,5858,1.0,0,0,3,1370,1147,38,0,1
275000.0,3.0,1.5,1180,10277,1.0,0,0,3,1180,528,42,0,1
750000.0,3.0,1.75,2240,10578,2.0,0,0,5,1550,2722,102,1,0
435000.0,4.0,1.0,1450,8800,1.0,0,0,4,1450,3053,71,0,1
626000.0,3.0,2.25,1750,1572,2.5,0,0,3,1470,2654,20,1,0
612500.0,4.0,2.5,2730,12261,2.0,0,0,3,2730,71,34,0,0
495000.0,4.0,1.75,1600,6380,1.0,0,0,3,1130,1687,66,1,1
285000.0,3.0,2.5,2090,10834,1.0,0,0,4,1360,2419,38,1,0
615000.0,3.0,1.75,2360,7291,1.0,0,0,4,1360,4233,77,1,0
698000.0,4.0,2.25,2200,11250,1.5,0,0,5,1300,106,105,1,0
675000.0,5.0,2.5,2820,67518,2.0,0,0,3,2820,2021,46,0,1
790000.0,3.0,2.5,2600,4750,1.0,0,0,4,1700,2793,74,1,1
382500.0,4.0,1.75,1560,8700,1.0,0,0,4,1560,820,58,0,0
499950.0,4.0,2.5,2860,3345,2.0,0,0,3,2190,1673,21,1,1
650000.0,4.0,2.0,1820,5000,1.5,0,1,3,1640,3921,80,1,1
625000.0,4.0,2.5,2820,8408,2.0,0,0,3,2820,1295,11,0,0
400000.0,4.0,2.5,3630,42884,1.5,0,0,3,2300,3507,46,1,1
604000.0,3.0,2.5,3240,33151,2.0,0,2,3,3240,2619,30,0,0
440000.0,2.0,1.0,800,4850,1.0,0,0,4,800,3402,81,0,0
287200.0,3.0,3.0,1850,19966,1.0,0,0,4,1090,1954,33,1,0
403000.0,3.0,2.0,1960,13100,1.0,0,2,5,1650,1399,68,1,0
750000.0,3.0,2.5,2390,6550,1.0,0,2,4,1440,2936,70,1,1
335000.0,3.0,2.25,1580,16215,1.0,0,0,4,1580,3291,47,0,1
260000.0,4.0,2.0,1480,8625,1.0,0,0,4,1480,1684,51,0,0
308500.0,2.0,1.0,850,6174,1.0,0,0,4,850,440,75,0,1
439950.0,3.0,2.5,1770,2875,2.0,0,0,3,1770,3290,35,0,1
235000.0,2.0,1.0,1210,9400,1.0,0,0,2,1210,4020,76,0,0
315000.0,3.0,1.0,1160,9180,1.0,0,0,3,1160,1101,57,0,1
437500.0,3.0,2.25,1970,35100,2.0,0,0,4,1970,2274,48,0,0
407500.0,3.0,2.5,1930,10460,2.0,0,0,3,1930,3227,29,0,0
445700.0,3.0,2.5,1270,1180,3.0,0,0,3,1270,2307,24,0,0
838000.0,4.0,2.5,3310,42998,2.0,0,0,3,3310,1091,24,0,0
630000.0,4.0,2.75,2710,37277,2.0,0,0,3,2710,2314,25,0,0
550000.0,3.0,1.75,2910,35200,1.5,0,0,3,2910,3056,46,0,1
805000.0,3.0,2.0,2710,4500,1.5,0,0,4,1880,3731,96,1,0
284000.0,3.0,1.75,1800,23103,1.0,0,0,3,1800,2733,57,0,1
470000.0,5.0,2.5,2210,9655,1.0,0,0,3,1460,1604,49,1,0
430000.0,4.0,1.5,1920,10000,1.0,0,0,4,1070,3114,71,1,1
491500.0,4.0,1.75,2190,125452,1.0,0,2,3,2190,2960,57,0,1
785000.0,5.0,3.25,3660,11995,2.0,0,2,3,3660,3986,19,0,0
385000.0,3.0,3.25,1320,1327,2.0,0,0,3,1040,2820,17,1,0
295000.0,2.0,2.5,1630,1368,2.0,0,0,3,1280,3666,16,1,0
555000.0,4.0,2.5,3310,6500,2.0,0,0,3,3310,2894,13,0,1
459990.0,3.0,2.5,2680,5539,2.0,0,0,3,2680,774,12,0,1
625000.0,4.0,3.25,2730,54014,1.0,0,0,3,1560,4502,18,1,0
300000.0,3.0,2.5,2540,5050,2.0,0,0,3,2540,2537,19,0,0
625000.0,4.0,2.75,2920,6605,2.0,0,0,3,2920,3615,13,0,1
553000.0,2.0,1.0,900,5000,1.0,0,0,3,900,4135,81,0,0
379880.0,3.0,2.5,1650,14054,1.0,0,0,4,1130,685,39,1,0
310000.0,3.0,1.0,1010,9945,1.0,0,0,4,1010,4012,52,0,0
775000.0,2.0,2.5,2680,7392,1.0,0,0,3,2680,663,21,0,1
365000.0,3.0,2.5,2200,7350,1.0,0,0,5,1570,719,37,1,0
331950.0,4.0,2.5,2530,9933,2.0,0,2,3,2010,4398,35,1,1
783500.0,3.0,2.5,2850,7130,2.0,0,0,3,1990,1007,45,1,0
628000.0,4.0,2.0,2280,6010,1.0,0,0,3,1140,1722,125,1,1
560000.0,3.0,2.5,1900,8744,2.0,0,0,3,1900,1895,38,0,1
900000.0,3.0,1.0,1330,77972,1.0,0,0,3,1330,752,97,0,1
531000.0,2.0,3.0,1270,1175,2.0,0,0,3,1110,823,25,1,0
831000.0,4.0,3.0,2170,4000,2.0,0,0,4,1610,402,43,1,1
780000.0,4.0,2.5,2730,10281,2.0,0,2,3,2730,1977,29,0,0
755000.0,4.0,2.5,2120,10202,1.0,0,0,4,1620,580,65,1,1
705380.0,3.0,2.5,2490,4343,2.0,0,0,3,2490,2682,22,0,0
627000.0,4.0,2.25,1990,7712,1.0,0,0,3,1210,1533,52,1,1
865000.0,4.0,3.0,3690,9892,2.0,0,0,3,3690,1382,27,0,1
580000.0,2.0,1.0,2540,7000,1.0,0,0,5,1320,4275,83,1,0
410000.0,3.0,2.25,1800,36704,1.0,0,0,4,1360,2123,47,1,1
485000.0,4.0,3.0,2340,7048,1.0,0,0,4,1340,882,46,1,0
400000.0,2.0,1.75,2110,9519,1.0,0,0,2,2110,1786,77,0,0
549000.0,2.0,1.0,1140,5400,1.0,0,0,5,1140,1757,117,0,0
620000.0,3.0,1.75,1480,2185,2.5,0,0,3,1480,132,20,0,0
405000.0,2.0,3.0,1410,1240,2.0,0,0,3,1140,4359,19,1,0
232000.0,2.0,1.0,1200,8063,1.0,0,0,4,1200,1692,67,0,1
800866.0,5.0,2.5,3180,13806,2.0,0,0,4,3180,383,35,0,0
650000.0,3.0,1.5,2160,9000,1.0,0,2,4,1400,644,76,1,1
823000.0,6.0,1.75,2920,5000,2.5,0,0,4,2780,542,117,1,0
770000.0,3.0,2.0,2350,5700,1.5,0,0,4,1810,1850,86,1,1
524000.0,3.0,1.75,1560,5520,1.0,0,0,4,780,2851,81,1,0
541125.0,5.0,2.75,2740,8426,1.0,0,0,4,1370,3517,65,1,1
670000.0,3.0,2.5,1680,2000,3.0,0,0,3,1680,2880,116,0,1
384900.0,5.0,2.5,3090,12750,1.0,0,0,3,1750,301,57,1,1
406100.0,3.0,2.25,1410,1332,3.0,0,0,3,1410,4256,20,0,0
1395000.0,5.0,3.5,4010,8510,2.0,0,1,5,2850,3058,54,1,0
736500.0,4.0,2.5,3180,21904,2.0,0,3,3,3180,1317,25,0,0
570000.0,3.0,2.25,2010,6000,1.0,0,0,3,1330,66,50,1,0
787000.0,3.0,1.75,1330,7500,1.0,0,0,3,1330,1854,64,0,1
328000.0,4.0,2.5,2370,6500,2.0,0,0,3,2370,571,27,0,1
435000.0,5.0,2.0,1840,9240,1.0,0,0,4,1540,800,83,1,1
499000.0,4.0,2.5,2910,6479,2.0,0,0,3,2910,2823,19,0,0
501000.0,4.0,1.0,2070,7519,1.0,0,0,3,1160,2180,62,1,1
1090000.0,4.0,2.5,4340,141570,2.5,0,0,3,4340,4294,33,0,0
400000.0,2.0,1.0,840,5510,1.0,0,0,3,840,3309,70,0,1
220000.0,4.0,1.5,1240,9600,1.0,0,0,3,1240,3433,54,0,0
657100.0,4.0,1.0,1390,4240,1.0,0,0,3,1050,3224,101,1,1
309950.0,4.0,2.75,2310,5000,2.0,0,0,3,2310,1943,19,0,0
300000.0,3.0,2.0,1050,10072,1.0,0,0,3,1050,2363,39,0,0
525888.0,5.0,1.75,2550,71874,1.0,0,0,5,1810,661,65,1,0
740000.0,4.0,1.75,2010,3600,1.5,0,0,3,2010,51,123,0,0
340000.0,5.0,1.0,1120,9022,1.5,0,0,4,1120,835,63,0,0
398750.0,3.0,2.5,2230,4000,2.0,0,0,3,2230,2263,71,0,1
206000.0,2.0,1.0,810,7158,1.0,0,0,5,810,603,81,0,0
1030000.0,5.0,2.75,3190,16920,1.0,0,3,3,1690,3320,49,1,0
600000.0,3.0,1.75,1670,39639,1.0,0,0,4,1670,1419,49,0,1
379950.0,4.0,1.75,1970,9389,1.0,0,0,5,1140,1278,65,1,0
287000.0,3.0,1.0,1450,6000,1.0,0,0,4,1450,4281,72,0,1
2280000.0,7.0,8.0,13540,307752,3.0,0,4,3,9410,2310,26,1,0
309950.0,3.0,2.5,1880,7838,2.0,0,0,3,1880,1385,31,0,0
600000.0,3.0,1.75,1880,6360,1.0,0,0,4,1040,4127,80,1,0
418000.0,3.0,2.0,1410,6030,1.5,0,0,4,1410,4328,95,0,0
449250.0,4.0,2.0,1480,3844,1.5,0,0,5,1480,3508,97,0,1
329950.0,2.0,1.0,1140,5250,1.5,0,0,4,1140,803,76,0,1
245000.0,3.0,1.75,1920,9306,1.0,0,0,3,1000,2547,41,1,0
549000.0,4.0,2.5,2910,6338,2.0,0,0,3,2910,1138,17,0,0
800000.0,3.0,2.5,3240,7857,2.0,0,0,3,3240,1928,31,0,0
249950.0,3.0,2.0,1550,15040,1.0,0,0,4,1550,1416,67,0,1
210000.0,5.0,2.0,2050,10200,1.0,0,0,3,1430,1760,69,1,1
1425000.0,2.0,2.5,2220,4000,2.0,0,0,3,2220,1497,25,0,0
585000.0,2.0,1.0,1770,8640,1.5,0,0,3,1520,2901,76,1,1
615000.0,4.0,1.75,2300,11700,1.0,0,0,4,1960,1480,48,1,0
618500.0,3.0,2.0,1800,5000,1.0,0,0,4,1080,2435,83,1,1
487585.0,4.0,1.75,2010,9211,1.0,0,0,3,1470,696,48,1,1
509900.0,3.0,2.5,1790,2700,2.0,0,0,3,1790,3328,15,0,0
631625.0,4.0,2.5,2440,6651,2.0,0,0,3,2440,4402,11,0,0
555000.0,3.0,2.5,1940,3211,2.0,0,0,3,1940,3304,16,0,0
340000.0,2.0,1.5,1160,1438,2.0,0,0,3,1160,669,24,0,0
830000.0,4.0,2.5,3400,9692,2.0,0,0,3,3400,406,18,0,0
890000.0,4.0,4.25,4420,5750,2.0,0,0,3,3410,4227,19,1,0
366750.0,3.0,3.0,1571,2017,3.0,0,0,3,1571,891,17,0,0
415000.0,3.0,2.25,1620,998,2.5,0,0,3,1540,4421,15,1,0
416286.0,3.0,2.5,1408,989,3.0,0,0,3,1408,4078,20,0,0
478000.0,3.0,2.5,3040,4535,2.0,0,0,3,3040,1700,18,0,0
890000.0,5.0,3.5,4490,6000,2.0,0,0,3,3200,4092,19,1,0
419190.0,2.0,2.5,1590,1426,2.0,0,0,3,1590,598,11,0,0
712198.0,4.0,2.5,2450,4247,2.0,0,0,3,2450,1313,12,0,1
397000.0,4.0,2.0,1440,7680,1.0,0,0,3,1200,147,54,1,0
450000.0,2.0,2.0,1100,3000,1.5,0,0,3,1100,3144,113,0,1
353000.0,3.0,1.0,1350,7740,1.0,0,0,4,860,233,78,1,1
609000.0,4.0,2.5,2150,37981,2.0,0,0,3,2150,1431,40,0,0
234000.0,3.0,1.75,1490,8366,1.0,0,0,4,1010,2207,50,1,0
561000.0,3.0,2.0,2000,7000,2.0,0,0,3,2000,3769,109,0,1
469000.0,2.0,1.0,1030,4400,1.0,0,0,3,1030,2628,101,0,1
329350.0,2.0,1.0,720,6687,1.0,0,0,3,720,4469,83,0,1
488000.0,5.0,2.0,2020,5000,1.5,0,0,4,2020,4333,87,0,0
279900.0,3.0,1.75,1580,8151,1.0,0,1,4,1100,1184,63,1,0
606000.0,4.0,2.5,2110,13850,2.0,0,0,3,2110,2405,38,0,1
312000.0,4.0,2.0,1300,7054,1.0,0,0,3,1300,2449,75,0,1
650000.0,3.0,1.5,1630,7475,1.0,0,1,3,1160,3677,85,1,1
1135000.0,4.0,2.75,3370,8103,1.0,0,3,3,1970,3054,55,1,1
325000.0,4.0,2.5,1890,6156,1.0,0,0,3,980,3627,45,1,0
425000.0,4.0,2.0,1520,7983,1.0,0,0,5,1520,961,58,0,0
219000.0,2.0,1.0,900,5160,1.0,0,0,3,900,4279,73,0,1
250000.0,3.0,1.0,1050,6874,1.0,0,0,3,1050,1466,71,0,1
390000.0,3.0,1.75,1260,6500,1.0,0,0,4,1260,833,59,0,0
475000.0,6.0,3.0,3470,117612,1.5,0,0,3,3470,1541,101,0,1
736000.0,4.0,2.5,2290,12047,2.0,0,0,4,2290,1361,37,0,0
407000.0,4.0,2.25,2810,23400,1.0,0,1,3,1710,1957,67,1,1
272000.0,3.0,2.5,1650,13816,2.0,0,0,3,1650,2692,27,0,1
362000.0,3.0,2.25,1640,14374,1.0,0,0,4,1140,1341,62,1,0
535000.0,3.0,2.5,1850,10109,2.0,0,0,3,1850,4224,34,0,0
284000.0,4.0,2.5,2000,5390,2.0,0,0,3,2000,2219,22,0,0
367500.0,3.0,1.5,1410,9647,1.0,0,0,3,1410,1420,64,0,1
379900.0,4.0,1.75,1500,11600,1.0,0,0,4,1000,983,70,1,1
520000.0,3.0,2.5,2460,54885,2.0,0,0,4,2460,3572,45,0,0
175000.0,3.0,1.0,1010,7034,1.0,0,0,3,1010,1744,71,0,1
460000.0,2.0,2.25,1230,929,2.0,0,0,3,1020,3,21,1,1
345000.0,4.0,2.5,2331,3826,2.0,0,0,3,2331,392,18,0,0
455000.0,5.0,2.5,2240,7770,1.0,0,0,3,1340,577,47,1,0
610000.0,4.0,3.0,2450,10117,1.0,0,0,5,1580,1076,58,1,0
563000.0,4.0,3.0,3100,15480,2.0,0,0,3,2400,3984,29,1,0
612500.0,4.0,2.0,2060,5000,1.0,0,0,3,1030,1301,76,1,1
218000.0,3.0,1.75,1850,7684,1.0,0,0,3,1320,2819,46,1,1
404000.0,4.0,1.75,1840,10720,1.0,0,0,3,960,1133,67,1,1
860000.0,4.0,2.0,3740,32417,2.0,0,0,3,3740,2125,25,0,0
136500.0,3.0,1.5,1420,8580,1.0,0,0,3,1420,2762,63,0,1
313950.0,3.0,1.0,1510,6083,1.0,0,0,4,860,3159,85,1,1
575000.0,3.0,1.75,2130,6500,1.0,0,2,3,1170,1887,71,1,1
1225000.0,4.0,2.25,3490,6906,2.0,0,0,4,2280,2235,97,1,0
280000.0,3.0,1.75,1630,11800,1.0,0,0,4,1630,554,54,0,0
515000.0,3.0,2.5,1790,7167,2.0,0,0,3,1790,4370,36,0,0
513000.0,4.0,2.5,2000,5684,2.0,0,0,3,2000,4344,29,0,0
599000.0,4.0,2.25,2260,29930,2.0,0,0,4,1400,1136,48,1,0
685000.0,4.0,2.5,3030,7864,2.0,0,0,3,3030,2090,26,0,0
365000.0,3.0,1.5,1310,8160,1.0,0,0,3,1310,764,75,0,1
762300.0,4.0,2.5,3880,14550,2.0,0,0,3,3880,1898,38,0,1
1580000.0,4.0,3.25,3760,10920,1.5,0,0,5,2400,3633,75,1,0
562000.0,5.0,2.25,3040,8111,2.0,0,0,3,3040,1381,41,0,0
530000.0,5.0,2.5,2910,9636,1.0,0,0,4,1690,2740,61,1,0
525000.0,3.0,2.5,2970,11985,1.0,0,0,3,1770,1837,30,1,0
484000.0,2.0,1.75,1660,6000,1.0,0,0,3,1160,3377,83,1,1
725126.0,4.0,2.5,3200,12369,2.0,0,0,3,3200,934,27,0,1
360000.0,4.0,2.0,2680,18768,1.0,0,0,5,2680,2668,60,0,0
387000.0,3.0,1.0,1230,9568,1.0,0,0,5,1230,449,63,0,0
483500.0,4.0,2.5,2740,45732,2.0,0,0,3,2740,1058,30,0,0
655500.0,4.0,3.5,3380,8330,2.0,0,0,3,3380,1288,25,0,0
345000.0,3.0,1.0,1110,6250,1.0,0,0,3,1110,2727,69,0,1
533000.0,5.0,2.75,1800,3780,1.5,0,0,3,1400,3990,99,1,1
385000.0,3.0,1.75,1900,5520,1.0,0,0,3,1280,3520,43,1,0
675000.0,2.0,1.0,930,36478,1.0,0,2,3,930,3178,74,0,1
197000.0,3.0,1.75,1690,7735,1.0,0,0,4,1060,2553,49,1,1
485000.0,3.0,2.0,1420,4080,1.5,0,0,3,1420,3919,120,0,1
1870000.0,5.0,4.0,4510,15175,2.0,0,0,3,4510,4201,56,0,1
295000.0,3.0,2.25,1980,8000,1.0,0,0,4,1560,2687,51,1,0
499000.0,2.0,1.75,1170,2400,1.0,0,0,4,740,1780,122,1,0
1050000.0,3.0,2.5,2200,1970,2.0,0,0,3,1610,2190,17,1,0
191000.0,3.0,1.5,800,8850,1.0,0,0,4,800,20,66,0,0
500000.0,3.0,2.5,1480,1171,3.0,0,0,3,1480,727,19,0,0
390000.0,5.0,3.75,2890,5000,1.0,0,0,3,1310,2955,19,1,0
979000.0,3.0,2.5,2690,4047,3.0,0,0,3,2690,3870,11,0,0
580000.0,4.0,3.25,3569,8327,2.0,0,0,3,3569,3900,12,0,1
369950.0,3.0,2.0,1270,1320,3.0,0,0,3,1270,4306,19,0,0
1800000.0,5.0,5.0,4490,10279,2.0,0,0,3,3930,890,12,1,1
776000.0,4.0,2.5,3040,6425,2.0,0,0,3,3040,1254,17,0,0
519950.0,3.0,2.25,1170,1249,3.0,0,0,3,1170,1367,11,0,0
255000.0,5.0,2.25,2060,8632,1.0,0,0,3,1030,127,63,1,1
495000.0,3.0,1.0,990,6000,1.0,0,0,3,990,3626,82,0,1
510000.0,4.0,2.5,2430,5203,2.0,0,0,3,2430,86,22,0,0
1150000.0,4.0,4.0,4460,103382,2.0,0,0,3,4460,2250,24,0,0
253000.0,3.0,1.75,1250,10122,1.0,0,0,3,1250,2225,31,0,0
503000.0,3.0,2.75,1540,6760,1.0,0,0,5,1210,4462,45,1,0
275000.0,3.0,2.5,1600,7000,2.0,0,0,4,1600,1798,32,0,0
249000.0,3.0,1.0,1110,8423,1.0,0,0,3,1110,927,73,0,1
310000.0,3.0,1.75,1840,10723,1.0,0,0,4,1220,1602,51,1,0
750000.0,3.0,2.75,2520,5401,1.0,0,0,4,1360,2438,79,1,1
630000.0,3.0,2.5,2680,327135,2.0,0,0,3,2680,2209,30,0,0
599999.0,9.0,4.5,3830,6988,2.5,0,0,3,2450,4293,87,1,1
758000.0,4.0,2.75,2410,9549,1.0,0,0,4,1780,157,69,1,0
248500.0,4.0,1.75,1720,10018,1.0,0,0,5,1720,1233,65,0,0
310000.0,3.0,1.75,2070,37904,1.0,0,0,4,1420,1631,52,1,0
460000.0,3.0,2.0,1760,9055,2.0,0,0,4,1760,3444,40,0,0
675000.0,3.0,1.75,1680,10500,1.0,0,0,4,1680,3068,66,0,0
526000.0,2.0,2.0,1550,2400,1.5,0,0,4,1550,3030,125,0,1
560000.0,3.0,3.0,4120,60392,2.0,0,2,3,3180,2720,31,1,0
415000.0,4.0,3.0,1830,9548,2.0,0,0,3,1830,1023,34,0,0
246000.0,3.0,1.0,1400,7410,1.0,0,0,3,1400,3735,81,0,0
314500.0,3.0,1.75,1870,12381,1.0,0,0,4,1870,2530,68,0,1
3200000.0,7.0,4.5,6210,8856,2.5,0,2,5,4760,499,115,1,0
420000.0,2.0,1.5,1040,3500,1.5,0,0,4,1040,1316,121,0,0
535000.0,3.0,1.75,2720,149410,1.5,0,0,3,2720,2805,37,0,1
350000.0,3.0,1.0,1010,9360,1.0,0,0,3,1010,4468,44,0,1
515000.0,3.0,1.75,1580,9147,1.0,0,1,4,1210,2005,58,1,0
749950.0,4.0,2.75,2600,6050,2.0,0,0,5,1960,3154,76,1,0
230000.0,3.0,2.5,1920,9180,2.0,0,0,3,1920,1732,37,0,1
568000.0,3.0,2.0,2350,5080,1.5,0,0,3,1780,3598,96,1,0
250000.0,1.0,1.0,1100,4373,1.0,0,0,2,820,1983,78,1,0
581000.0,4.0,2.0,2510,13695,1.0,0,0,4,1280,250,64,1,1
651000.0,3.0,2.5,3240,108366,2.0,0,0,4,3240,1503,34,0,0
600000.0,3.0,2.5,2460,108900,1.0,0,0,4,1860,2230,48,1,0
500000.0,2.0,1.0,1010,3885,1.5,0,0,4,1010,2788,119,0,1
475000.0,2.0,1.0,820,2723,1.0,0,0,3,820,3345,104,0,1
352000.0,5.0,2.5,2420,8560,1.0,0,2,3,1620,2980,47,1,0
420000.0,3.0,2.25,1770,8165,2.0,0,0,3,1770,621,48,0,1
428000.0,2.0,2.0,1350,3900,1.0,0,0,3,1350,1994,22,0,0
599000.0,3.0,1.75,1960,4788,1.0,0,0,4,1090,3739,105,1,0
492000.0,4.0,2.5,3305,16164,1.5,0,0,5,2245,1327,103,1,1
630000.0,2.0,2.25,2550,5663,1.0,0,0,3,1720,491,14,1,0
900000.0,5.0,3.75,4130,226076,2.0,0,0,3,3170,605,40,1,0
1110000.0,4.0,1.5,2310,13300,1.0,0,0,3,1890,4476,75,1,1
575000.0,4.0,2.0,1650,5000,1.0,0,0,3,1650,3821,70,0,1
705000.0,4.0,2.5,2650,4316,1.5,0,0,3,1520,1548,120,1,1
940000.0,4.0,2.25,1890,5940,1.0,0,1,3,1470,505,62,1,1
313000.0,3.0,1.75,2190,8000,1.0,0,0,4,2190,2747,58,0,0
618080.0,3.0,2.5,2030,6500,2.0,0,0,3,2030,3270,37,0,1
640000.0,3.0,3.0,2270,5175,2.0,0,0,3,2130,404,23,1,0
485000.0,3.0,2.0,1610,4160,1.0,0,0,4,1010,3226,108,1,0
300000.0,2.0,1.0,760,3001,1.0,0,0,3,760,1376,112,0,1
379500.0,2.0,1.0,1640,17335,1.0,0,0,3,840,2776,47,1,0
339950.0,3.0,2.25,1630,12295,2.0,0,0,4,1630,1615,40,0,0
1500000.0,6.0,2.5,3560,6480,2.5,0,0,4,3560,4337,111,0,1
1340000.0,3.0,3.0,2960,5500,2.0,0,2,3,2440,2898,88,1,1
500000.0,3.0,2.5,1940,37565,1.0,0,0,4,1940,1751,38,0,0
239900.0,3.0,2.0,1410,7566,1.0,0,0,3,1410,395,40,0,0
314950.0,3.0,1.0,1040,16986,1.0,0,0,4,1040,1458,57,0,0
361280.0,2.0,1.0,820,6400,1.0,0,0,4,820,3655,81,0,0
100000.0,2.0,1.0,910,22000,1.0,0,0,3,910,773,69,0,1
540000.0,7.0,5.75,3700,7647,2.0,0,1,3,3700,984,77,0,1
480500.0,4.0,2.5,2180,11200,1.0,0,0,4,2180,1531,57,0,0
280000.0,3.0,2.5,1600,4271,2.0,0,0,3,1600,3497,25,0,0
440000.0,3.0,1.75,1500,6180,1.0,0,0,4,1060,3022,78,1,1
530000.0,3.0,1.0,1340,4284,1.0,0,0,3,1080,3372,115,1,1
560000.0,3.0,2.0,1860,13374,1.0,0,0,3,1860,40,40,0,0
775000.0,3.0,2.0,2540,7200,1.5,0,3,4,1600,3505,120,1,0
160000.0,2.0,1.0,1040,13100,1.0,0,0,5,1040,3960,113,0,0
209950.0,3.0,1.5,1380,11130,1.0,0,0,3,1380,2693,65,0,1
226500.0,3.0,1.75,1640,10762,1.0,0,0,3,1130,2351,37,1,1
380000.0,5.0,1.75,3000,6000,1.0,0,0,5,1500,4243,67,1,0
409500.0,4.0,2.75,2140,13000,1.0,0,0,3,1320,1597,57,1,1
690000.0,3.0,2.0,1760,6428,1.0,0,0,4,980,1815,83,1,1
405000.0,3.0,2.25,1660,8307,1.0,0,0,4,1660,3692,64,0,1
375000.0,3.0,2.5,1830,13042,2.0,0,0,3,1830,2215,35,0,1
794154.0,4.0,2.0,2210,8556,1.0,0,1,4,1210,2728,71,1,1
185000.0,4.0,1.0,1490,6600,1.0,0,0,3,1490,684,56,0,1
245000.0,3.0,1.5,1260,1270,2.0,0,0,3,1040,294,20,1,0
1532500.0,5.0,4.5,4270,8076,2.0,0,0,3,3400,220,18,1,0
1040000.0,4.0,3.5,3900,8391,2.0,0,0,3,3900,205,19,0,0
425000.0,2.0,2.5,1150,1027,3.0,0,0,3,1150,2938,17,0,0
495000.0,4.0,2.75,2656,21195,2.0,0,0,3,2656,2683,11,0,0
365000.0,5.0,2.75,2410,5003,1.0,0,0,3,1410,4102,17,1,0
417250.0,3.0,2.25,1606,1452,3.0,0,0,3,1606,500,16,0,0
339950.0,2.0,1.0,820,681,3.0,0,0,3,820,3491,19,0,0
615000.0,2.0,1.0,1540,6872,1.0,0,0,4,820,2448,79,1,1
403000.0,3.0,2.75,2090,8354,2.0,0,0,3,2090,2429,13,0,1
980000.0,5.0,2.5,3160,11470,1.0,0,0,4,1780,3976,54,1,0
258000.0,4.0,1.75,1730,8320,1.0,0,0,3,1230,2613,48,1,1
533000.0,3.0,1.0,1670,4080,1.0,0,0,3,1170,3577,58,1,1
537500.0,4.0,2.5,2550,4630,2.0,0,0,3,2550,1460,20,0,0
830000.0,5.0,3.0,3040,9601,1.0,0,0,5,1970,3512,57,1,0
712000.0,3.0,1.0,1250,4620,1.5,0,0,4,1150,2924,125,1,1
262000.0,4.0,2.5,2020,6236,2.0,0,0,3,2020,3240,23,0,0
753888.0,4.0,2.5,2660,5500,2.0,0,2,3,2660,1237,22,0,0
134000.0,2.0,1.5,980,5000,2.0,0,0,3,980,2018,103,0,1
402000.0,3.0,2.5,1960,8000,1.0,0,0,4,1290,468,48,1,0
205000.0,2.0,1.0,720,5040,1.0,0,0,3,720,4236,70,0,1
553650.0,2.0,2.5,1360,1349,2.0,0,0,3,1050,3734,28,1,0
559950.0,2.0,2.0,1870,4950,1.0,0,0,3,1870,2036,19,0,0
260000.0,4.0,1.5,2130,8800,1.0,0,0,3,1100,2114,63,1,1
270000.0,4.0,2.5,1810,6509,2.0,0,0,3,1810,954,31,0,0
295000.0,2.0,1.75,2200,89298,1.0,0,0,3,1100,2396,52,1,1
719000.0,3.0,2.5,1690,4500,1.5,0,1,4,1690,3095,97,0,0
266000.0,3.0,2.5,1940,8547,1.0,0,0,3,1460,2445,36,1,0
325900.0,4.0,2.5,2320,6270,2.0,0,0,3,2320,994,21,0,1
647500.0,4.0,1.75,2060,26036,1.0,0,0,4,1160,1380,78,1,1
1039000.0,4.0,1.0,3410,5000,2.0,0,0,5,2190,2183,115,1,0
569000.0,4.0,2.25,2250,41688,2.0,0,0,3,2250,3944,45,0,0
246000.0,3.0,1.75,1390,7399,1.0,0,0,4,1390,398,50,0,0
515000.0,2.0,1.0,1060,4960,1.0,0,0,3,1060,4188,99,0,1
207000.0,3.0,1.0,1490,8995,1.0,0,0,4,1490,568,71,0,1
780000.0,4.0,1.75,2480,9195,1.0,0,0,3,1390,2550,75,1,1
489990.0,5.0,2.25,2440,20828,1.5,0,0,4,2440,762,50,0,0
335000.0,3.0,1.5,2240,87625,1.5,0,0,2,1480,1519,45,1,0
295000.0,3.0,2.5,1920,7229,2.0,0,0,3,1920,1563,32,0,0
385000.0,3.0,1.75,1890,9920,1.0,0,0,3,1230,880,81,1,0
350000.0,4.0,1.75,2250,13515,1.0,0,0,4,2150,3370,85,1,1
235000.0,2.0,1.0,1270,3008,1.0,0,0,4,650,3220,102,1,0
358000.0,2.0,1.5,960,1808,2.0,0,0,3,960,1443,32,0,0
716500.0,4.0,2.5,3290,6465,2.0,0,0,3,3290,91,23,0,0
228000.0,4.0,1.75,2000,6120,1.0,0,0,3,1100,3663,60,1,1
405000.0,2.0,1.0,1020,8155,1.0,0,0,4,1020,676,77,0,0
538000.0,4.0,1.75,1840,9600,1.0,0,0,3,1220,3595,58,1,1
530000.0,3.0,1.75,1980,6760,1.0,0,0,4,1980,2714,52,0,0
1750000.0,6.0,3.0,3510,5760,2.5,0,0,4,3510,4138,119,0,1
636000.0,2.0,1.75,1230,3600,1.5,0,0,5,1230,2236,100,0,0
535000.0,4.0,2.5,2280,65836,2.0,0,0,3,2280,778,21,0,1
1500000.0,3.0,1.75,2430,12757,1.0,0,2,4,1340,4493,73,1,0
868500.0,3.0,2.5,2920,3942,3.0,0,0,3,2920,45,17,0,0
530000.0,4.0,2.75,2280,2850,1.5,0,0,4,1540,4109,95,1,0
450000.0,3.0,2.0,1510,43560,1.0,0,0,3,1510,750,71,0,1
230000.0,3.0,1.75,950,6000,1.0,0,0,3,790,511,86,1,1
229000.0,3.0,2.5,1190,3000,2.0,0,0,3,1190,477,23,0,0
437000.0,3.0,1.75,1310,9282,1.0,0,0,4,1310,1314,49,0,1
1307000.0,5.0,3.25,2800,3200,1.5,0,0,5,1910,2948,93,1,1
595000.0,3.0,2.5,1750,3354,2.0,0,0,4,1750,153,34,0,0
660000.0,3.0,1.75,1320,5750,1.5,0,0,5,1320,1787,107,0,0
347500.0,4.0,2.5,2460,7350,2.0,0,0,3,2460,2759,36,0,0
297950.0,3.0,2.0,1240,10800,1.0,0,0,3,1240,1307,58,0,1
245000.0,3.0,1.5,1260,7964,1.0,0,0,4,1260,1255,70,0,1
543200.0,6.0,2.25,2820,15600,1.5,0,2,5,1970,1062,85,1,0
1250000.0,4.0,3.25,3820,24166,2.0,0,1,4,3310,4262,35,1,0
413450.0,3.0,2.5,1540,1614,3.0,0,0,3,1470,4373,17,1,0
330000.0,2.0,2.0,1550,435600,1.5,0,0,2,1550,2950,53,0,0
424500.0,3.0,1.75,1460,7700,1.0,0,0,3,1460,1116,46,0,1
230000.0,3.0,1.0,1390,16000,1.0,0,0,4,1390,2712,65,0,1
930000.0,3.0,3.25,2640,4080,2.0,0,0,3,1840,3379,113,1,1
349000.0,3.0,1.75,1590,9620,1.0,0,0,3,1590,3432,37,0,1
835000.0,4.0,2.0,1910,6960,1.5,0,0,5,1910,3994,84,0,0
988500.0,3.0,2.75,2015,16807,2.0,1,4,3,2015,2536,18,0,0
500000.0,3.0,1.75,1410,1197,3.0,0,0,3,1410,3085,13,0,1
499000.0,2.0,1.5,1110,957,2.0,0,0,3,930,839,20,1,0
321950.0,2.0,1.25,860,1277,2.0,0,0,3,860,1781,18,0,0
494000.0,3.0,2.5,2310,4729,2.0,0,0,3,2310,4045,14,0,0
441750.0,2.0,1.5,1020,1060,3.0,0,0,3,1020,3988,17,0,0
438000.0,2.0,1.0,980,1179,2.0,0,0,3,980,1723,15,0,0
985000.0,4.0,2.25,4230,37769,2.0,0,0,3,4230,1617,36,0,0
352000.0,3.0,2.25,1640,11050,1.0,0,0,4,1640,913,53,0,0
839900.0,4.0,3.5,3810,13592,1.0,0,1,3,2560,2073,12,1,1
765000.0,4.0,2.75,2790,10819,2.0,0,0,3,2790,1613,29,0,0
460000.0,4.0,1.75,1750,5500,1.5,0,0,5,1050,3881,99,1,0
224500.0,4.0,1.0,1430,8355,1.5,0,0,4,1430,2675,42,0,0
254000.0,3.0,2.5,1850,4597,2.0,0,0,3,1850,1055,22,0,0
255000.0,2.0,1.0,960,28717,1.0,0,0,4,960,2540,41,0,0
610000.0,3.0,3.0,2480,45302,1.0,0,0,4,1620,1634,49,1,1
920000.0,4.0,3.0,3750,11025,2.0,0,0,3,3750,2561,49,0,0
402500.0,4.0,2.5,2600,11951,2.0,0,0,3,2600,2792,37,0,1
280950.0,3.0,1.75,1390,8700,1.0,0,3,4,840,3744,113,1,1
604000.0,4.0,2.5,2260,7753,2.0,0,0,3,2260,3002,36,0,0
565000.0,4.0,2.25,2470,7447,2.0,0,0,3,2470,3176,41,0,0
255000.0,2.0,1.0,810,7980,1.0,0,0,1,810,596,97,0,0
445000.0,4.0,2.0,1650,6000,1.0,0,0,5,1000,1880,66,1,0
2400000.0,3.0,2.25,3000,11665,1.5,1,4,3,3000,4513,24,0,0
195000.0,2.0,1.0,720,18000,1.0,0,0,3,720,152,75,0,1
275000.0,3.0,1.5,1390,48257,1.0,0,0,3,1390,3347,103,0,1
387000.0,3.0,2.25,1445,1606,2.0,0,0,3,1300,1734,22,1,0
490000.0,2.0,1.0,1840,3300,1.5,0,0,4,1130,3740,115,1,0
505000.0,3.0,2.5,2100,5824,2.0,0,2,3,2100,3982,26,0,0
303500.0,3.0,1.5,1060,10464,1.0,0,0,4,1060,884,52,0,0
270000.0,3.0,1.5,1500,6337,1.0,0,0,5,1500,735,72,0,0
323000.0,4.0,2.75,1970,7213,1.0,0,0,3,1170,1395,48,1,1
382000.0,3.0,3.25,1410,1253,3.0,0,0,3,1410,4444,20,0,0
1370000.0,4.0,2.75,3720,9450,1.0,0,4,5,1960,753,63,1,0
280000.0,4.0,2.0,2190,14439,1.0,0,0,4,1180,2802,48,1,0
260000.0,3.0,2.0,1920,8075,1.0,0,0,4,1510,2752,56,1,0
201500.0,3.0,1.0,1160,8320,1.0,0,0,4,1160,2114,66,0,0
1157200.0,4.0,4.25,5860,52889,2.0,0,0,4,4910,785,29,1,0
536500.0,4.0,1.75,2000,4000,1.5,0,0,5,1450,3147,99,1,0
248000.0,4.0,3.0,2163,5883,2.0,0,0,3,2163,3214,19,0,0
532000.0,5.0,3.0,3480,57499,1.0,0,0,4,2340,2040,49,1,1
580000.0,4.0,2.5,2840,6268,2.0,0,0,3,2840,1027,27,0,1
463000.0,2.0,1.0,1150,4400,1.0,0,0,4,1150,3082,120,0,0
742500.0,4.0,2.75,3100,3773,2.0,0,0,3,2000,1157,106,1,1
260000.0,3.0,2.5,1420,14850,1.0,0,0,4,1020,2794,62,1,0
590000.0,4.0,2.25,2430,32496,1.0,0,0,3,2430,1504,32,0,0
312000.0,4.0,2.25,1930,7452,1.0,0,0,3,1430,1813,41,1,0
566000.0,3.0,2.25,1660,10140,1.0,0,0,4,1370,4492,45,1,0
511555.0,3.0,2.0,1400,7293,1.0,0,0,4,1400,2331,62,0,0
583000.0,4.0,2.5,2660,4000,2.0,0,0,3,2660,4501,24,0,0
290000.0,4.0,2.5,2000,13300,1.0,0,0,4,1200,2583,57,1,0
311100.0,4.0,2.25,2130,8078,1.0,0,0,4,1380,2878,48,1,0
325000.0,3.0,2.25,1352,1694,3.0,0,0,3,1352,444,18,0,0
491300.0,3.0,1.75,1750,11340,1.0,0,1,4,1300,3072,38,1,0
315000.0,5.0,1.75,2320,8100,1.0,0,0,4,1160,3252,69,1,0
360000.0,2.0,1.0,1420,81892,1.0,0,0,3,1180,1517,69,1,1
330000.0,4.0,2.5,1940,3784,2.0,0,0,3,1940,1262,22,0,0
481450.0,3.0,2.0,1410,4800,1.0,0,0,3,1410,4054,85,0,1
234950.0,3.0,1.0,1360,9948,1.0,0,0,3,1360,1840,48,0,1
251000.0,3.0,1.75,1220,7250,1.0,0,0,3,1220,3289,63,0,1
782000.0,4.0,2.5,2830,20345,2.0,0,0,3,1980,253,46,1,1
833000.0,4.0,2.75,3780,10308,2.0,0,0,3,3780,2334,26,0,0
542500.0,4.0,2.5,2330,14289,2.0,0,0,4,2330,1754,47,0,1
851000.0,3.0,2.5,3560,107290,2.0,0,0,3,3560,1843,38,0,1
325000.0,4.0,1.5,1470,70800,1.0,0,0,3,1470,2525,49,0,0
415000.0,4.0,2.25,3060,48787,2.0,0,0,3,3060,2673,33,0,0
252500.0,3.0,1.0,1030,6127,1.0,0,0,3,880,4168,78,1,1
465000.0,4.0,2.5,1930,9653,1.0,0,0,4,1930,2527,57,0,0
336900.0,3.0,1.75,1780,120661,1.0,0,0,4,1780,2781,46,0,0
225000.0,3.0,2.5,2000,9202,2.0,0,0,4,2000,1790,33,0,0
270000.0,3.0,2.0,1690,9583,1.0,0,0,4,1690,186,56,0,0
1702500.0,5.0,4.5,5190,23716,2.0,0,2,3,3390,4270,38,1,1
536000.0,3.0,1.75,1300,5413,1.5,0,0,3,1300,4457,100,0,1
585000.0,4.0,3.25,2400,29252,2.0,0,0,4,2400,1077,43,0,1
445000.0,2.0,2.0,1150,6634,1.0,0,0,3,860,1333,85,1,1
320000.0,4.0,2.25,2310,7490,2.0,0,0,3,2310,257,45,0,0
769900.0,4.0,3.5,2730,3047,2.0,0,0,3,2400,2328,19,1,0
557000.0,4.0,2.5,2840,4500,2.0,0,0,3,2840,1585,13,0,1
212000.0,2.0,1.5,1020,1525,2.0,0,0,3,1020,92,21,0,1
376000.0,3.0,2.0,1340,1384,3.0,0,0,3,1340,4395,17,0,0
800000.0,4.0,3.25,3540,159430,2.0,0,0,3,3540,2774,18,0,0
2238888.0,5.0,6.5,7270,130017,2.0,0,0,3,6420,3895,15,1,0
324000.0,3.0,2.25,998,904,2.0,0,0,3,798,4171,18,1,0
549900.0,5.0,2.75,3060,7015,1.0,0,0,5,1600,195,46,1,0
320000.0,3.0,2.5,2130,6969,2.0,0,0,3,2130,4512,22,0,0
875000.0,4.0,2.0,2520,6000,1.0,0,0,3,1400,3795,104,1,1
265000.0,4.0,1.0,1940,9533,1.0,0,0,3,1080,4500,63,1,1
394950.0,3.0,2.5,1350,1250,3.0,0,0,3,1270,3665,19,1,0
842500.0,4.0,2.5,2160,5298,2.5,0,0,4,2160,4349,123,0,0
368000.0,3.0,2.5,1370,1350,2.0,0,0,3,1010,3565,18,1,0
1225000.0,4.0,4.5,5420,101930,1.0,0,0,3,3890,2168,24,1,0
885000.0,4.0,2.5,2830,5000,2.0,0,0,3,2830,2879,30,0,0
453246.0,3.0,2.5,2010,2287,2.0,0,0,3,1390,2165,11,1,0
927000.0,4.0,2.75,3300,12090,2.0,0,0,3,3300,4364,72,0,0
490000.0,2.0,2.5,1230,1391,2.0,0,0,3,870,145,21,1,1
341000.0,3.0,1.5,1720,7119,1.5,0,0,4,1720,1292,73,0,0
235000.0,1.0,1.0,810,2451,1.0,0,0,5,810,4431,84,0,0
1200000.0,3.0,1.75,1560,8078,1.5,1,4,4,1560,2918,97,0,0
560000.0,3.0,2.0,2560,216777,1.0,0,0,3,2560,1577,39,0,0
900000.0,4.0,3.25,4700,38412,2.0,0,0,3,3420,2967,47,1,0
255000.0,2.0,1.0,1220,2500,1.0,0,0,3,770,2577,115,1,1
1575000.0,5.0,2.75,3650,20150,1.0,0,0,4,2360,459,50,1,0
876650.0,3.0,3.25,2170,12508,1.5,0,0,5,1650,3280,97,1,1
540000.0,4.0,2.25,2540,228254,1.0,0,0,3,1450,2686,35,1,1
350000.0,2.0,1.0,910,4500,1.5,0,0,4,910,3276,119,0,1
750000.0,4.0,2.5,2980,4930,2.0,0,0,3,2890,1217,25,1,0
582000.0,4.0,1.75,2120,4650,1.0,0,1,3,1190,4378,74,1,1
1315000.0,4.0,3.5,3460,3997,2.0,0,0,3,2560,2016,21,1,1
372500.0,5.0,3.0,2480,10090,1.0,0,0,3,1300,3600,21,1,1
410000.0,3.0,2.25,2200,16921,2.0,0,0,3,2200,1849,38,0,1
360000.0,4.0,2.0,1730,5500,1.0,0,0,5,1010,4101,82,1,0
1015000.0,3.0,2.5,2920,34527,1.0,0,4,4,1800,3522,71,1,1
225000.0,3.0,1.0,990,8012,1.0,0,0,4,990,1201,59,0,0
647000.0,4.0,2.5,3040,6887,2.0,0,0,3,3040,1822,26,0,0
950000.0,5.0,3.0,4530,258746,1.5,0,0,4,3200,1708,22,1,0
185000.0,3.0,1.5,1370,8470,1.0,0,0,4,1370,2088,64,0,1
335000.0,3.0,2.5,1940,4927,2.0,0,0,3,1940,1335,21,0,1
210000.0,3.0,2.5,1040,2643,2.0,0,0,3,720,3496,21,1,1
522000.0,4.0,2.25,1800,8623,1.0,0,0,4,1360,367,45,1,0
770000.0,3.0,1.75,1720,5000,1.0,0,0,3,1720,1158,71,0,1
499950.0,3.0,1.0,980,6380,1.0,0,0,3,760,1351,84,1,1
751000.0,4.0,2.5,3110,6142,2.0,0,0,3,3110,318,21,0,1
330000.0,5.0,3.0,2100,7715,1.0,0,0,3,1250,124,12,1,1
465000.0,3.0,1.5,2020,11358,1.0,0,0,4,1190,344,69,1,0
850000.0,4.0,1.75,2350,11914,1.0,0,0,4,2350,4187,64,0,1
947500.0,4.0,2.25,3290,12329,1.5,0,0,4,3290,4372,57,0,0
302000.0,5.0,2.25,2180,7813,2.0,0,0,3,2180,2309,39,0,0
500000.0,2.0,2.25,1290,1334,3.0,0,0,3,1290,3653,18,0,0
201000.0,3.0,1.0,1460,9750,1.0,0,0,4,1460,2626,56,0,0
265000.0,2.0,1.0,1290,2828,2.0,0,0,3,1290,2023,17,0,0
870300.0,4.0,2.5,2350,3150,1.5,0,0,4,1690,3261,115,1,0
339000.0,3.0,1.0,1080,8100,1.0,0,0,4,1080,1697,70,0,1
690000.0,4.0,2.5,2670,13463,2.0,0,0,4,2670,2077,36,0,0
788000.0,4.0,3.25,3680,5759,2.0,0,0,3,2840,3635,22,1,0
315275.0,3.0,1.75,1440,8040,1.0,0,0,3,960,332,74,1,1
505000.0,4.0,1.75,1940,4800,1.0,0,0,5,1030,3153,103,1,1
368000.0,3.0,1.0,1280,9898,1.0,0,0,3,1280,678,57,0,1
947500.0,3.0,2.75,2980,27144,1.5,1,2,5,2180,4516,108,1,0
156000.0,3.0,1.0,970,8580,1.0,0,0,3,970,2529,66,0,1
610000.0,4.0,3.0,2110,5000,1.5,0,2,4,1640,4410,95,1,0
420000.0,2.0,2.5,1480,1369,3.0,0,0,3,1480,4149,16,0,0
192000.0,2.0,1.0,700,10540,1.0,0,0,3,700,517,72,0,0
910000.0,3.0,2.0,2700,6120,1.0,0,0,4,1350,515,63,1,0
1300000.0,4.0,3.25,2330,9687,2.0,0,3,3,2330,3946,107,0,0
1346400.0,5.0,1.75,3380,20021,1.0,0,0,4,1690,4464,62,1,0
840000.0,4.0,2.75,2600,2750,1.5,0,0,3,1620,2126,89,1,0
300000.0,2.0,1.75,1360,8100,1.0,0,0,3,860,768,50,1,0
505000.0,4.0,2.5,2780,6369,1.0,0,0,3,1590,4406,47,1,0
110000.0,3.0,1.0,1250,53143,1.0,0,0,5,1250,1633,80,0,0
746000.0,3.0,2.5,2620,8950,2.0,0,0,3,2620,1225,33,0,0
211000.0,3.0,1.5,1350,7620,1.0,0,0,5,1350,1181,84,0,0
675000.0,4.0,3.0,2400,3340,1.0,0,0,4,1200,3717,61,1,0
734200.0,4.0,2.5,2760,5000,1.5,0,0,5,1680,4443,97,1,1
1225000.0,4.0,2.25,3070,16028,1.0,0,3,3,1870,4232,49,1,0
615000.0,2.0,1.75,2040,28593,1.5,1,3,4,2040,1953,106,0,1
630000.0,4.0,2.0,1770,6000,2.0,0,0,5,1770,2709,114,0,1
1264000.0,4.0,3.75,3490,9170,2.0,0,0,3,3490,122,13,0,1
301500.0,2.0,1.5,830,1333,2.0,0,0,3,830,3632,20,0,0
369000.0,2.0,2.5,980,895,2.0,0,0,3,670,1323,16,1,0
635000.0,3.0,2.5,1570,1433,3.0,0,0,3,1570,4082,15,0,0
1033888.0,4.0,3.25,3270,5187,2.0,0,0,3,3110,183,11,1,0
383000.0,4.0,2.5,2160,6223,2.0,0,0,3,2160,1904,15,0,0
1050000.0,4.0,3.75,3280,11000,2.0,0,0,3,2320,662,17,1,0
455000.0,4.0,2.5,3360,7685,2.0,0,0,3,3360,1478,24,0,0
819900.0,5.0,2.75,3150,7119,2.0,0,0,3,3150,4143,12,0,1
625000.0,3.0,3.5,1810,1846,2.0,0,0,4,1440,3486,16,1,0
651000.0,4.0,2.5,2740,7140,2.0,0,0,3,2740,2143,32,0,0
480000.0,5.0,4.75,3830,35000,1.0,0,0,3,2130,1437,49,1,0
757000.0,3.0,3.25,3190,5283,2.0,0,0,3,3190,1740,18,0,0
460000.0,3.0,2.25,2350,10450,1.0,0,0,3,1390,1098,48,1,1
267345.0,4.0,2.25,2510,8165,1.0,0,0,4,1610,2469,53,1,0
530000.0,2.0,2.0,1680,4950,1.0,0,0,3,1680,2035,19,0,0
449500.0,3.0,2.0,1770,6610,1.0,0,0,4,960,1594,71,1,1
289000.0,3.0,1.0,1090,7315,1.0,0,0,5,1090,3089,44,0,0
373000.0,5.0,2.5,3001,5710,2.0,0,0,3,3001,2229,19,0,0
525000.0,5.0,3.0,2450,4591,2.0,0,0,3,2450,3969,31,0,0
777000.0,3.0,3.25,3610,59677,2.0,0,0,3,2440,1532,22,1,0
550000.0,4.0,2.0,2250,7500,1.0,0,0,5,1200,2122,69,1,0
523000.0,3.0,1.5,1240,7735,1.0,0,0,4,1240,62,68,0,1
628000.0,4.0,2.0,2260,6000,1.0,0,0,3,1430,4123,67,1,1
581000.0,4.0,1.75,2090,8164,1.0,0,0,4,1070,3979,62,1,0
245000.0,5.0,1.75,2020,7902,1.0,0,0,3,1220,113,63,1,1
415000.0,3.0,1.75,1960,5000,1.0,0,0,5,980,3439,114,1,1
1895000.0,5.0,2.25,3120,16672,2.0,0,0,4,3120,4345,56,0,0
225000.0,3.0,1.5,1250,7500,1.0,0,0,3,1250,812,58,0,1
287000.0,3.0,2.25,1490,9600,1.0,0,0,4,1170,2354,38,1,0
799200.0,6.0,3.0,2890,2370,2.5,0,0,3,2290,3171,119,1,1
239950.0,3.0,1.0,1900,33888,1.5,0,0,4,1900,2941,83,0,1
591000.0,3.0,1.75,1680,2400,1.0,0,0,5,870,1124,103,1,1
700000.0,3.0,2.5,2030,8398,2.0,0,0,4,2030,1467,50,0,0
475000.0,4.0,2.5,3740,8700,1.0,0,0,3,2260,1238,21,1,1
575000.0,3.0,1.75,1580,11750,1.0,0,0,4,1180,3583,74,1,1
771000.0,3.0,2.25,1780,6120,1.5,0,0,4,1390,1304,98,1,0
155000.0,2.0,1.0,910,6232,1.0,0,0,3,910,3411,82,0,1
550000.0,7.0,4.0,3440,8100,2.0,0,0,3,3440,3914,55,0,1
645000.0,3.0,2.5,1740,13750,2.0,0,0,4,1740,1253,50,0,0
464000.0,5.0,2.5,3400,8970,1.0,0,0,4,1700,933,66,1,0
1050000.0,4.0,3.25,4400,16625,2.0,0,0,3,4400,2420,22,0,0
350000.0,3.0,2.5,2010,14298,2.0,0,0,3,2010,171,48,0,1
591000.0,4.0,2.25,2710,38180,2.0,0,0,4,2710,1627,48,0,0
2555000.0,4.0,2.5,5300,26211,2.0,1,2,2,4570,3282,102,1,0
717000.0,3.0,1.5,1310,3880,1.0,0,0,3,1090,3955,69,1,1
225000.0,4.0,1.5,1950,12559,1.5,0,0,3,1950,3099,86,0,1
225000.0,3.0,1.0,1040,6535,1.0,0,0,3,1040,533,78,0,1
345000.0,3.0,1.75,1090,7200,1.0,0,0,3,1090,420,57,0,1
230000.0,2.0,0.75,650,5360,1.0,0,0,4,650,736,94,0,0
385000.0,3.0,2.0,1480,6600,1.0,0,2,3,740,3137,82,1,1
90000.0,2.0,1.0,790,2640,1.0,0,0,3,790,936,52,0,1
860000.0,4.0,2.5,3560,11119,1.0,0,2,3,2290,3036,39,1,0
675000.0,4.0,2.5,3000,5548,2.0,0,0,3,3000,309,19,0,0
975000.0,4.0,2.5,3490,7494,2.0,0,3,3,3490,3426,25,0,0
780000.0,3.0,1.75,2340,10495,1.0,0,0,4,2340,4229,58,0,0
370000.0,3.0,1.75,1650,8254,1.0,0,0,5,1060,1414,74,1,0
665000.0,3.0,2.0,1940,5820,1.5,0,0,5,1150,2731,81,1,0
675000.0,5.0,3.0,3410,9600,1.0,0,0,4,1870,2467,57,1,0
620000.0,3.0,1.0,1710,4050,1.5,0,0,3,1710,3700,116,0,1
1105000.0,4.0,1.5,2740,4000,2.0,0,0,5,1930,1299,120,1,0
450000.0,3.0,2.75,1250,892,2.0,0,0,3,1040,1950,15,1,0
450000.0,3.0,2.25,2450,42180,1.0,0,0,4,2450,1302,47,0,1
530000.0,3.0,1.75,1690,8190,1.0,0,0,4,1690,2364,67,0,1
635000.0,4.0,1.75,1950,13320,1.0,0,0,4,1370,992,56,1,0
580000.0,5.0,2.0,2290,7125,1.0,0,0,3,1190,1223,61,1,1
1550000.0,5.0,3.25,3370,17458,1.0,0,2,5,2000,4157,43,1,0
285000.0,3.0,1.0,1090,8640,1.0,0,0,4,1090,1128,52,0,0
375000.0,3.0,1.0,1190,9486,1.0,0,0,4,1190,1847,72,0,1
1400000.0,5.0,4.25,3530,7924,2.0,0,0,3,3530,1933,24,0,0
560000.0,3.0,1.0,1440,5000,2.0,0,0,3,1440,3722,115,0,1
405000.0,4.0,1.75,2180,13529,1.0,0,0,3,1090,1246,69,1,1
413000.0,4.0,1.0,1410,6000,1.0,0,0,3,810,3142,100,1,1
287600.0,3.0,2.5,1950,8251,2.0,0,0,3,1950,3187,35,0,1
1680000.0,5.0,3.25,4860,23723,2.0,0,2,4,3820,4399,36,1,0
225000.0,3.0,1.0,1660,7210,1.0,0,0,3,1100,2505,62,1,1
319000.0,3.0,1.0,1390,12823,1.0,0,0,4,1390,1110,57,0,0
322500.0,3.0,2.0,1350,14200,1.0,0,0,3,1350,897,36,0,0
570000.0,3.0,2.0,1530,5401,1.0,0,0,4,1530,4070,88,0,0
465000.0,3.0,1.5,1270,5112,1.0,0,0,3,1270,2928,75,0,1
435000.0,4.0,2.25,2140,6355,2.0,0,0,3,2140,3905,23,0,0
502000.0,4.0,2.5,2040,5616,2.0,0,0,3,2040,4042,13,0,1
525000.0,3.0,3.5,2876,5086,2.0,0,0,3,2360,538,18,1,0
525000.0,3.0,2.5,1580,1161,2.0,0,0,3,1010,1794,17,1,0
660000.0,4.0,3.5,3400,5196,2.0,0,0,3,3400,4408,13,0,1
870000.0,4.0,2.5,3520,6773,2.5,0,0,3,2650,4094,19,1,0
650000.0,4.0,2.5,2210,4861,2.0,0,0,3,2210,3715,12,0,1
505000.0,4.0,2.5,2790,5602,2.0,0,0,3,2790,3494,16,0,0
330000.0,3.0,2.5,1450,5008,1.0,0,0,3,840,3805,18,1,0
385000.0,4.0,1.75,1620,4980,1.0,0,0,4,860,22,78,1,1
306000.0,3.0,1.5,1220,1086,3.0,0,0,3,1220,2900,18,0,0
546000.0,3.0,1.75,2000,5000,1.0,0,0,4,1110,4065,104,1,0
925000.0,4.0,2.5,2190,7350,2.5,0,0,5,2190,2858,67,0,0
542000.0,4.0,1.75,1900,8250,1.0,0,0,4,950,3005,70,1,1
800000.0,3.0,1.0,1700,4400,1.5,0,0,4,1700,243,119,0,1
620000.0,5.0,2.5,2540,3832,2.0,0,0,5,1760,4032,96,1,0
175000.0,2.0,1.0,1170,8925,1.0,0,2,3,1170,4375,114,0,1
740000.0,5.0,5.0,5774,31675,1.0,0,2,3,4490,2481,41,1,0
345000.0,3.0,2.25,2120,15003,2.0,0,0,3,2120,881,41,0,0
510000.0,3.0,1.75,2170,26460,1.0,0,0,3,1450,3926,39,1,0
530000.0,4.0,2.75,2450,15002,1.0,0,0,5,2450,3105,51,0,0
155000.0,2.0,1.0,700,5200,1.0,0,0,5,700,3391,73,0,1
266000.0,3.0,2.5,1780,7214,1.0,0,0,4,1400,2290,39,1,0
257200.0,3.0,2.0,1850,8250,1.0,0,0,4,1150,1649,73,1,0
265000.0,3.0,2.0,1570,5706,1.0,0,0,3,1570,337,27,0,1
372220.0,3.0,1.0,1290,5500,1.0,0,0,3,980,3346,74,1,1
337500.0,5.0,2.0,1700,7314,1.0,0,0,3,1000,3671,69,1,1
582500.0,2.0,1.5,1159,4800,1.0,0,0,3,1159,3205,77,0,1
489200.0,3.0,2.75,1850,9600,1.5,0,0,5,1850,4274,60,0,0
405100.0,2.0,1.0,840,3522,1.0,0,0,3,840,2498,78,0,1
372977.0,3.0,2.5,1690,1618,2.0,0,0,3,1150,2165,11,1,0
310000.0,3.0,1.0,1050,9876,1.0,0,0,3,1050,1492,72,0,0
538000.0,3.0,1.75,1400,3825,1.5,0,0,4,1100,3864,121,1,0
1400000.0,3.0,2.5,2550,7200,2.0,0,2,3,2550,2663,44,0,1
317000.0,3.0,2.5,1840,5011,2.0,0,0,3,1840,1831,13,0,1
702500.0,3.0,1.5,2360,6750,2.0,0,0,5,1930,1817,99,1,0
565000.0,4.0,2.5,2240,14667,2.0,0,0,4,2240,739,36,0,0
723000.0,4.0,2.5,2700,4004,2.0,0,0,3,2700,2033,21,0,1
766950.0,3.0,2.5,3030,30007,1.5,0,0,4,3030,1114,33,0,0
682000.0,3.0,1.75,1830,5120,1.5,0,2,5,1830,2711,122,0,0
325000.0,3.0,2.5,2220,6049,2.0,0,0,4,2220,396,35,0,0
543000.0,3.0,2.5,2090,7640,1.0,0,0,3,1360,958,63,1,1
525000.0,3.0,1.75,1600,6120,1.5,0,0,3,1600,4030,101,0,1
364000.0,4.0,1.75,2010,8625,1.0,0,0,4,1340,1216,68,1,1
394475.0,2.0,1.0,830,4000,1.0,0,0,3,830,4283,70,0,1
316000.0,4.0,2.5,2010,7226,2.0,0,0,3,2010,1028,30,0,0
339950.0,3.0,1.0,1050,5402,1.5,0,0,4,1050,1426,119,0,1
486000.0,4.0,2.5,2150,39449,1.0,0,0,3,1420,3528,47,1,0
160000.0,3.0,1.0,860,11900,1.0,0,0,4,860,2377,62,0,0
930000.0,3.0,2.5,3100,20553,1.0,0,0,3,3100,920,71,0,1
139000.0,3.0,1.0,1100,17334,1.0,0,0,3,1100,2812,47,0,0
562000.0,3.0,1.5,1830,8000,1.0,0,0,4,1830,4369,68,0,1
299000.0,2.0,1.75,1250,34395,1.0,0,0,4,1250,788,75,0,1
511000.0,3.0,2.5,1820,4883,2.0,0,0,3,1820,947,20,0,0
499000.0,3.0,2.0,2090,42689,1.5,0,0,3,2090,2549,66,0,1
356000.0,3.0,3.5,2100,12384,2.0,0,0,3,2100,971,45,0,0
470000.0,4.0,2.5,2310,14023,2.0,0,0,3,2310,967,34,0,0
715000.0,4.0,2.25,2060,5649,1.0,0,0,5,1360,2783,84,1,0
1120000.0,4.0,2.25,4470,60373,2.0,0,0,3,4470,863,37,0,1
458000.0,3.0,1.0,1660,7500,1.0,0,0,4,1060,1652,85,1,1
966000.0,5.0,4.5,3810,8019,2.0,0,0,3,3810,1709,17,0,0
305495.0,3.0,1.75,2110,10200,2.0,0,0,4,2110,865,59,0,0
543000.0,2.0,2.0,2370,217800,1.5,0,0,3,1600,302,33,1,0
340000.0,3.0,2.25,1970,3716,2.0,0,0,3,1970,3462,28,0,0
633100.0,4.0,2.5,2470,33305,2.0,0,0,3,2470,2269,32,0,0
310000.0,3.0,1.0,1480,7830,1.0,0,0,3,1480,1556,73,0,1
349950.0,5.0,3.0,2257,10117,1.0,0,0,3,1363,2991,20,1,0
267800.0,2.0,1.0,700,6000,1.0,0,0,4,700,1261,76,0,1
234000.0,4.0,2.0,1630,9010,1.0,0,0,4,1050,201,50,1,0
740000.0,4.0,2.5,3430,10157,2.0,0,0,3,3430,756,25,0,0
607500.0,5.0,1.75,2220,6000,1.5,0,0,3,1420,2602,102,1,1
223000.0,3.0,1.75,1340,7473,1.0,0,0,4,1340,1123,52,0,0
400000.0,2.0,1.0,980,2130,1.0,0,0,4,860,3794,107,1,1
802000.0,3.0,2.5,2580,13096,2.0,0,0,3,2580,3709,39,0,0
253000.0,4.0,2.5,2230,4541,2.0,0,0,3,2230,2093,19,0,0
1058000.0,4.0,2.0,2290,11137,1.0,0,0,4,2290,121,70,0,1
300000.0,3.0,1.0,1260,8280,1.0,0,0,3,1260,2234,79,0,0
625000.0,4.0,2.75,1680,11180,1.0,0,0,4,1680,1119,59,0,0
707000.0,4.0,3.25,3200,7081,2.0,0,0,3,3200,2273,21,0,1
950000.0,4.0,2.5,3320,7644,2.0,0,0,3,3320,3589,30,0,0
420000.0,4.0,2.5,3040,24123,2.0,0,0,3,3040,3355,26,0,0
498000.0,4.0,2.75,2270,7375,1.0,0,0,4,1290,617,52,1,0
450000.0,3.0,2.5,2910,17172,2.0,0,0,3,2910,2917,36,0,0
955000.0,5.0,2.25,2510,9887,2.0,0,0,3,2510,4034,53,0,1
215000.0,2.0,1.0,1240,7200,1.0,0,0,3,1240,3102,58,0,1
437000.0,3.0,2.75,2580,5200,2.0,0,0,3,2580,4141,17,0,0
773000.0,3.0,2.75,2470,3600,2.0,0,0,3,2470,922,18,0,0
1222500.0,4.0,3.5,4910,9444,1.5,0,0,3,3110,3323,18,1,0
256883.0,3.0,2.5,1690,5025,2.0,0,0,3,1690,4214,22,0,0
592500.0,4.0,2.5,2240,12032,1.0,0,0,3,2240,2098,42,0,1
252350.0,3.0,2.0,1650,7352,1.0,0,0,3,1160,618,46,1,1
370000.0,4.0,2.5,2710,5880,2.0,0,0,3,2710,590,27,0,1
465750.0,3.0,1.5,1260,10350,1.0,0,0,3,1260,1176,66,0,1
185000.0,3.0,1.0,1150,8100,1.0,0,0,3,1150,469,93,0,0
582800.0,4.0,2.75,2550,7636,1.0,0,0,3,1440,1766,39,1,0
245000.0,3.0,1.75,1490,6930,1.0,0,0,4,1490,456,35,0,0
302000.0,4.0,1.75,2020,7865,1.0,0,0,4,1010,10,62,1,0
451555.0,2.0,1.0,1320,4520,1.0,0,1,3,1320,3152,113,0,1
250000.0,3.0,1.0,1230,10350,1.0,0,0,4,1230,1609,68,0,1
255000.0,4.0,2.5,2070,7800,2.0,0,0,3,2070,858,36,0,0
840000.0,4.0,1.75,2930,11562,1.0,0,3,3,1670,2906,78,1,1
190000.0,3.0,1.0,1090,8520,1.0,0,0,3,1090,2526,58,0,1
349950.0,3.0,1.0,1400,7066,1.0,0,0,3,1400,327,68,0,1
613000.0,4.0,2.0,1550,4815,1.5,0,0,3,1550,3518,116,0,1
300000.0,3.0,1.0,1220,13000,1.0,0,0,4,1220,1455,70,0,1
455000.0,3.0,2.5,1870,7344,1.0,0,0,3,1470,799,45,1,0
335000.0,3.0,2.25,2150,30476,2.0,0,0,3,2150,3288,34,0,0
197500.0,3.0,1.0,980,3090,1.5,0,0,3,980,3325,122,0,1
412500.0,3.0,1.5,1490,8475,1.0,0,0,4,1490,3567,62,0,0
395300.0,3.0,1.5,1120,7000,1.0,0,0,3,1120,680,70,0,1
342400.0,3.0,2.25,1180,9630,2.0,0,0,3,1180,4155,39,0,0
749400.0,4.0,2.5,3240,20301,2.0,0,0,3,3240,1281,40,0,0
316500.0,4.0,2.5,2150,6807,2.0,0,0,4,2150,304,34,0,0
390000.0,3.0,2.5,2240,10800,2.0,0,0,3,2240,1108,29,0,0
225000.0,3.0,2.0,1400,7384,1.0,0,0,3,1150,2790,46,1,1
550000.0,3.0,2.25,1980,40887,1.0,0,0,4,1980,3182,45,0,0
280000.0,3.0,1.0,1330,20562,1.5,0,0,3,1330,674,66,0,1
1255000.0,4.0,2.5,3200,7535,2.0,0,0,3,3200,3460,19,0,0
575000.0,2.0,1.0,1490,6000,1.0,0,0,3,1090,236,79,1,0
1000000.0,5.0,4.25,3920,16258,2.0,0,0,3,2900,2222,35,1,1
585000.0,5.0,1.75,2000,3750,2.0,0,0,4,2000,2622,104,0,0
620000.0,4.0,2.5,2680,9185,2.0,0,0,3,2680,2280,36,0,0
204700.0,4.0,2.0,1670,9987,1.0,0,0,3,1670,2500,58,0,1
695000.0,4.0,3.0,3150,9130,2.0,0,0,3,3150,2065,24,0,0
689900.0,4.0,3.25,2740,7266,2.0,0,0,3,2060,3050,22,1,0
375000.0,4.0,1.75,1890,8000,1.0,0,0,4,1250,1816,65,1,1
475000.0,7.0,3.5,2870,29699,1.0,0,0,3,1520,370,64,1,1
215000.0,3.0,1.0,1160,10384,1.0,0,0,4,1160,2323,56,0,0
2100000.0,4.0,1.75,3550,19865,2.0,0,0,3,3550,4085,63,0,1
790000.0,3.0,1.75,1790,6117,1.0,0,2,3,1350,1581,85,1,1
350000.0,3.0,1.75,1680,250470,1.0,0,0,4,1070,1537,85,1,1
695000.0,3.0,2.5,4560,17622,2.0,0,0,4,3800,665,39,1,0
263000.0,3.0,2.25,1590,7748,2.0,0,0,4,1590,2892,34,0,0
400000.0,3.0,1.0,1630,10304,1.0,0,0,5,1630,1337,72,0,0
525000.0,3.0,2.5,2700,7434,2.0,0,0,3,2700,523,34,0,0
349950.0,3.0,2.5,1700,7496,2.0,0,0,3,1700,1529,31,0,0
1085000.0,4.0,3.25,3740,12080,1.0,0,0,3,2000,761,37,1,1
744000.0,4.0,3.0,1980,5352,2.5,0,0,3,1980,3126,84,0,1
312500.0,2.0,1.0,880,6345,1.0,0,0,3,880,4031,106,0,1
240000.0,3.0,2.0,1400,6200,1.0,0,0,3,700,1150,77,1,1
495000.0,4.0,2.0,2050,4000,1.5,0,0,5,1210,2275,84,1,0
580050.0,3.0,2.5,2360,4638,2.0,0,3,3,2360,3679,29,0,0
640000.0,4.0,2.0,2560,7798,1.0,0,0,4,1890,4265,78,1,1
417000.0,3.0,1.5,1340,10224,1.0,0,0,4,1340,3018,69,0,0
174950.0,3.0,1.0,1060,5200,1.0,0,0,5,1060,2335,55,0,0
295000.0,3.0,1.5,850,2500,1.0,0,0,3,850,3091,39,0,0
423000.0,4.0,1.75,1880,7303,1.0,0,0,3,1010,95,49,1,0
839000.0,3.0,1.0,1230,12305,1.0,0,0,3,1230,202,70,0,1
343000.0,4.0,1.75,2290,10290,1.0,0,0,3,1340,2450,65,1,1
467000.0,3.0,1.0,1660,6582,1.0,0,0,5,1000,419,79,1,0
512500.0,3.0,2.5,1840,2875,2.0,0,0,4,1840,3321,28,0,0
575000.0,4.0,2.5,3020,17810,1.0,0,0,3,1600,3317,46,1,1
465000.0,3.0,1.75,1410,6886,1.0,0,0,3,1410,471,101,0,1
270000.0,3.0,1.0,1010,9514,1.0,0,0,3,1010,1379,56,0,1
340000.0,3.0,1.75,1960,8136,1.0,0,0,3,980,2086,77,1,1
765000.0,5.0,3.75,3580,14275,2.0,0,0,3,3190,1273,26,1,0
497000.0,4.0,2.5,2240,7200,2.0,0,0,3,2240,3266,30,0,0
803100.0,4.0,2.5,3310,5404,2.0,0,0,3,3310,1558,21,0,1
344000.0,3.0,2.5,1232,1130,3.0,0,0,3,1232,504,18,0,0
828950.0,4.0,3.5,3930,5680,2.0,0,1,3,2820,1626,12,1,1
386380.0,3.0,2.5,1720,3600,2.0,0,0,3,1720,4497,15,0,0
312000.0,3.0,2.25,1490,974,2.0,0,0,3,1220,3454,16,1,0
720000.0,3.0,2.5,3150,151588,2.0,0,0,3,3150,2649,18,0,0
914500.0,4.0,2.5,3950,10856,3.0,0,0,3,3950,2240,12,0,1
819995.0,5.0,2.75,3030,10335,2.0,0,0,3,3030,4119,12,0,1
252700.0,2.0,1.5,1070,9643,1.0,0,0,3,1070,655,40,0,0
437500.0,3.0,2.5,2320,36847,2.0,0,2,3,2320,589,33,0,0
350000.0,1.0,1.0,700,5100,1.0,0,0,3,700,3856,83,0,1
619000.0,3.0,2.5,2720,6439,2.0,0,0,3,2720,3790,20,0,0
408200.0,3.0,2.5,1800,5761,2.0,0,0,4,1800,4156,35,0,0
451000.0,3.0,1.75,1560,4049,1.5,0,2,3,1000,3107,99,1,1
317000.0,3.0,2.0,1760,11410,1.0,0,0,5,1060,1239,48,1,0
799000.0,4.0,3.25,3120,5000,2.0,0,0,3,2370,2237,20,1,0
720000.0,2.0,1.0,2020,7200,1.0,0,3,4,1700,196,78,1,1
490000.0,3.0,2.0,1450,2400,1.5,0,0,3,1450,1366,125,0,1
239900.0,4.0,2.25,1860,7000,1.0,0,0,3,1120,3084,46,1,1
446000.0,4.0,2.25,2270,7800,1.0,0,0,3,1290,254,48,1,1
275000.0,3.0,2.5,1480,15639,2.0,0,0,3,1480,3285,38,0,1
239950.0,5.0,1.0,1460,6032,2.0,0,0,4,1460,639,84,0,1
248000.0,4.0,3.5,1850,6519,2.0,0,0,3,1130,987,39,1,0
619500.0,3.0,2.5,2170,5000,2.0,0,0,3,2170,1390,22,0,0
363750.0,3.0,1.75,1726,197326,2.0,0,0,4,1726,2479,43,0,1
385000.0,3.0,1.75,1180,10541,1.0,0,0,4,940,1951,44,1,0
370000.0,4.0,1.5,1370,9957,1.0,0,0,3,900,432,53,1,1
425000.0,3.0,2.5,2670,13218,1.0,0,0,4,2670,2266,37,0,0
342000.0,3.0,1.0,1260,6826,1.0,0,0,3,720,811,81,1,0
345000.0,4.0,1.0,1980,7991,1.5,0,0,3,1980,581,63,0,1
724800.0,3.0,2.0,2050,3933,1.0,0,0,3,1180,2276,99,1,1
725000.0,5.0,2.75,2830,5310,2.0,0,0,3,2830,399,19,0,0
605000.0,2.0,1.0,910,3600,1.0,0,0,4,910,1160,116,0,1
350000.0,4.0,2.5,2440,4000,2.0,0,0,3,2440,2101,16,0,0
785000.0,3.0,2.0,2180,5440,1.0,0,0,5,1100,3132,121,1,0
250000.0,3.0,2.0,1900,6660,1.0,0,0,5,950,2355,59,1,0
565000.0,3.0,2.25,1520,1221,3.0,0,0,3,1520,1012,12,0,1
875000.0,3.0,2.0,2220,6641,1.0,0,2,4,1220,2233,78,1,1
862500.0,4.0,2.75,3280,24440,2.0,0,0,3,3280,428,29,0,0
400000.0,3.0,2.5,2740,83199,2.0,0,4,3,2740,2376,52,0,1
282613.0,2.0,1.0,830,6017,1.0,0,0,4,830,1173,71,0,1
174500.0,2.0,1.0,1010,5200,1.0,0,0,3,1010,1747,70,0,1
306500.0,3.0,2.25,2060,38377,1.0,0,0,4,1560,2942,47,1,1
445000.0,3.0,2.25,1990,7340,2.0,0,0,3,1990,1403,41,0,0
433000.0,4.0,2.5,2280,7568,2.0,0,0,4,2280,1878,24,0,0
306000.0,3.0,2.5,1870,5874,2.0,0,0,3,1870,1916,20,0,0
620000.0,3.0,2.25,1720,4000,1.5,0,0,4,1450,3531,104,1,0
245000.0,2.0,1.0,870,6150,1.0,0,0,3,870,4276,84,0,1
238000.0,3.0,2.0,1020,1204,2.0,0,0,3,720,2839,21,1,1
523000.0,3.0,1.5,1260,3135,1.5,0,0,3,1260,2691,94,0,0
522500.0,3.0,2.5,2370,7875,2.0,0,0,3,2370,3779,22,0,0
180000.0,3.0,1.0,1000,18513,1.0,0,0,3,1000,9,85,0,1
375000.0,3.0,1.5,1100,1751,2.0,0,0,3,940,1656,18,1,0
249000.0,3.0,2.25,1440,7673,1.0,0,0,3,940,1882,43,1,0
730100.0,4.0,2.5,3120,14300,2.0,0,0,3,3120,403,22,0,0
551000.0,2.0,2.0,2260,9604,1.0,0,0,3,2260,4503,35,0,1
375000.0,4.0,2.5,2790,7956,2.0,0,0,3,2790,2260,20,0,0
540000.0,1.0,1.0,1140,6700,1.5,0,0,3,1140,4348,105,0,1
605000.0,3.0,2.25,1290,2500,2.0,0,0,4,1290,3130,38,0,0
205000.0,5.0,1.75,1730,5200,1.0,0,0,4,1050,2333,47,1,1
645000.0,4.0,2.5,3160,11380,2.0,0,0,3,3160,2175,42,0,1
314000.0,4.0,2.5,2340,8990,2.0,0,0,3,2340,2156,22,0,0
330000.0,3.0,1.5,1170,4950,1.0,0,0,4,1170,1059,65,0,1
490000.0,2.0,1.0,1160,5000,1.0,0,0,4,1160,4074,88,0,0
445000.0,3.0,3.0,1970,24318,1.0,0,0,3,1970,1523,15,0,0
2000000.0,5.0,4.25,6490,10862,2.0,0,3,4,3940,3118,34,1,0
377500.0,3.0,2.25,1410,1377,2.0,0,0,3,1290,1672,20,1,0
480000.0,4.0,2.5,2430,5000,2.0,0,0,3,2430,2877,16,0,0
804995.0,5.0,1.5,3360,5402,2.0,0,0,3,3360,1821,11,0,0
341000.0,3.0,2.5,1480,1663,2.0,0,0,3,1180,3785,13,1,1
675000.0,5.0,2.5,3200,6455,2.0,0,0,3,3200,3732,16,0,0
611000.0,3.0,2.5,2134,1984,2.5,0,0,3,2134,2983,17,0,0
379950.0,3.0,3.25,1860,1787,3.0,0,0,3,1860,1369,18,0,0
1270000.0,4.0,3.0,5520,8313,2.0,0,3,3,3570,3294,17,1,0
500000.0,2.0,2.5,1310,1500,2.0,0,0,3,1160,4376,19,1,0
410000.0,3.0,2.0,1700,4250,1.0,0,0,3,890,1875,81,1,0
415000.0,3.0,2.5,2480,8342,2.0,0,0,3,2480,1465,39,0,0
297000.0,5.0,2.5,1970,8605,2.0,0,0,4,1970,3167,31,0,0
575550.0,4.0,2.5,2060,7475,1.0,0,0,3,1440,828,40,1,0
534640.0,3.0,2.5,2130,3500,1.0,0,0,4,1210,723,31,1,0
352500.0,3.0,2.25,1410,14110,1.0,0,2,3,1170,3987,38,1,1
488000.0,2.0,2.0,1360,4688,1.0,0,0,3,780,4118,81,1,0
732000.0,3.0,2.0,1940,55756,1.0,0,0,5,1940,1720,71,0,0
215000.0,2.0,2.25,1610,2040,2.0,0,0,4,1610,2502,46,0,0
592500.0,2.0,2.0,1420,9191,1.5,0,2,5,1420,4103,97,0,1
290000.0,4.0,2.5,1700,7280,2.0,0,0,4,1700,1871,37,0,0
475000.0,2.0,1.0,1490,3825,1.0,0,0,3,860,3876,96,1,0
320000.0,3.0,2.5,2680,7757,2.0,0,0,3,2680,4213,35,0,1
1216000.0,4.0,2.5,3190,8684,1.0,0,3,5,1680,3359,58,1,0
290000.0,5.0,1.5,2120,7700,1.5,0,0,5,2120,567,63,0,0
487250.0,4.0,2.0,1690,3250,1.5,0,0,3,1550,3401,124,1,0
339000.0,4.0,2.5,1830,8601,2.0,0,0,3,1830,2386,22,0,0
440000.0,2.0,1.5,1010,1968,1.5,0,0,5,1010,3767,119,0,0
366500.0,4.0,2.75,2070,9300,1.0,0,0,5,1120,1066,80,1,0
462000.0,3.0,1.5,1710,4500,1.5,0,0,3,1410,3500,97,1,1
560000.0,4.0,1.0,1660,4690,1.5,0,0,3,1260,3971,80,1,1
285000.0,4.0,1.75,2080,13629,1.0,0,0,4,1040,4121,70,1,1
280000.0,3.0,2.5,1270,9675,2.0,0,0,3,1270,3293,32,0,0
210000.0,3.0,1.0,1080,21043,1.0,0,0,3,1080,3619,83,0,1
690000.0,3.0,2.0,1610,5100,1.5,0,0,5,1610,3964,85,0,0
256500.0,2.0,1.0,1120,9912,1.0,0,0,4,1120,4040,45,0,0
411000.0,4.0,2.75,2500,5257,2.0,0,0,3,2500,4206,59,0,1
215000.0,3.0,1.0,970,7275,1.0,0,0,4,970,313,55,0,0
762000.0,5.0,2.0,3370,5000,1.5,0,0,4,2140,2947,118,1,0
359950.0,3.0,1.0,1290,189486,1.0,0,0,4,1290,2534,65,0,1
480000.0,4.0,3.5,3370,435600,2.0,0,3,3,3370,3274,20,0,0
1405000.0,4.0,3.5,3410,10769,2.0,0,0,3,3410,161,17,0,0
390000.0,4.0,2.5,2490,8290,2.0,0,0,3,2490,2586,26,0,0
413500.0,2.0,1.0,770,4000,1.0,0,0,5,770,3715,101,0,1
285000.0,1.0,1.5,810,3211,2.0,0,0,4,810,377,43,0,1
475000.0,4.0,2.5,3060,10043,1.0,0,0,4,1700,996,57,1,0
386591.0,3.0,2.5,1690,1613,2.0,0,0,3,1150,2165,11,1,0
524950.0,3.0,1.75,1890,3825,1.0,0,0,3,1290,3974,51,1,0
241000.0,2.0,2.0,1470,3128,2.0,0,0,3,1470,2060,20,0,0
461000.0,2.0,1.0,1060,7193,1.0,0,0,3,1060,234,99,0,1
810000.0,4.0,2.5,3480,59242,2.0,0,0,3,3480,1398,37,0,1
885000.0,4.0,2.75,2730,3560,1.5,0,0,3,1550,3728,104,1,1
247000.0,3.0,2.25,1580,7941,2.0,0,0,4,1580,1320,39,0,0
296500.0,3.0,2.75,2170,7900,1.0,0,0,4,1380,2338,47,1,1
141800.0,2.0,1.0,930,4743,1.0,0,0,4,930,4178,83,0,1
333000.0,4.0,2.0,1580,7800,2.0,0,0,2,1580,1693,119,0,0
602000.0,5.0,1.75,3290,11900,1.5,0,0,3,3290,3746,52,0,1
565000.0,4.0,2.25,2110,10698,2.0,0,0,4,2110,3357,46,0,0
373000.0,3.0,2.5,1670,3565,2.0,0,0,3,1670,1498,26,0,0
588000.0,3.0,2.25,2030,7350,1.0,0,0,4,1190,130,48,1,0
485000.0,3.0,1.0,1500,4100,1.5,0,0,3,1370,4166,99,1,1
482500.0,3.0,2.25,1450,1445,2.0,0,0,3,980,1447,20,1,0
251200.0,4.0,1.5,1310,8250,1.0,0,0,3,1060,2051,72,1,0
869000.0,5.0,3.25,4180,49222,2.0,0,0,4,2880,1491,46,1,0
464000.0,3.0,1.75,1630,28600,1.0,0,0,3,1630,969,58,0,1
755000.0,4.0,2.5,2660,10452,2.0,0,0,3,2660,188,32,0,0
280000.0,3.0,2.5,1720,1916,2.0,0,0,3,1720,3332,20,0,0
485000.0,2.0,2.25,1260,1240,3.0,0,0,3,1260,2945,21,0,1
305000.0,3.0,1.75,1610,12247,1.0,0,0,3,1610,1168,44,0,1
110700.0,2.0,1.0,680,8064,1.0,0,0,3,680,965,84,0,1
850000.0,4.0,3.5,2640,5900,2.0,0,2,3,2640,3829,88,0,1
350000.0,3.0,2.25,1640,7200,2.0,0,0,4,1640,1373,40,0,0
319950.0,4.0,1.75,2310,8045,1.0,0,0,4,1650,1194,49,1,1
700000.0,3.0,1.75,2010,4905,1.0,0,0,5,1230,4327,113,1,0
368000.0,2.0,1.5,1660,4680,1.0,0,0,5,830,12,117,1,0
433500.0,3.0,2.5,2200,3360,2.0,0,0,3,2200,3830,16,0,0
611000.0,4.0,2.5,2460,4200,2.0,0,0,3,2460,2049,27,0,1
1000000.0,2.0,1.75,2430,23400,1.0,0,4,3,2430,1450,74,0,1
307000.0,3.0,1.0,1370,7500,1.0,0,0,3,1370,3392,65,0,1
442500.0,3.0,1.75,1800,10200,1.0,0,0,3,1800,1309,58,0,1
485000.0,3.0,1.75,2200,7706,2.0,0,2,3,2200,2048,117,0,1
367000.0,2.0,1.0,700,2334,1.0,0,0,3,700,2304,80,0,1
429000.0,3.0,2.5,1920,15124,2.0,0,0,3,1920,3908,30,0,0
446000.0,5.0,2.75,2190,12687,1.0,0,0,5,1370,1713,47,1,0
572500.0,3.0,2.25,2030,9791,1.0,0,0,4,1500,702,41,1,0
477000.0,3.0,2.5,1350,2053,3.0,0,0,3,1350,1974,20,0,0
518000.0,3.0,2.5,1680,2096,2.0,0,0,3,1380,4220,17,1,0
462000.0,5.0,1.75,1250,10530,1.0,0,0,4,1250,3069,59,0,0
1190000.0,4.0,3.0,2240,6000,1.5,0,0,4,1270,1667,111,1,1
137000.0,3.0,1.0,950,7620,1.0,0,0,3,950,4440,71,0,1
530000.0,3.0,3.5,2320,3174,2.0,0,0,3,2060,524,28,1,0
818000.0,2.0,2.5,2380,9374,1.0,0,2,3,2380,534,14,0,0
640000.0,2.0,2.25,1540,958,3.0,0,0,3,1540,1424,18,0,0
298450.0,5.0,3.0,2100,9752,1.0,0,0,3,1200,2539,18,1,0
575000.0,4.0,2.5,2500,4945,2.0,0,0,3,2500,2833,12,0,1
730000.0,4.0,2.5,3230,7331,2.0,0,0,3,3230,2503,21,0,1
551000.0,3.0,2.5,2830,5802,2.0,0,0,3,2830,4096,24,0,0
271310.0,2.0,1.0,870,5340,1.5,0,0,2,870,1682,119,0,0
675000.0,4.0,3.0,2690,28300,1.0,0,0,3,2690,1358,71,0,1
479000.0,3.0,2.5,1260,889,3.0,0,0,3,1260,4362,17,0,0
520000.0,4.0,3.5,2680,10000,2.0,0,0,3,2040,708,83,1,1
599950.0,3.0,2.5,2660,4975,2.0,0,0,3,2660,3408,11,0,0
483945.0,2.0,1.75,1480,5120,1.0,0,0,4,840,3423,74,1,1
390000.0,4.0,2.25,1770,33132,1.0,0,0,4,1190,861,60,1,0
192500.0,2.0,1.0,950,7692,1.0,0,0,3,950,548,99,0,1
330000.0,2.0,1.0,860,8308,1.0,0,0,4,860,2893,77,0,0
250000.0,4.0,2.0,1960,7560,1.0,0,0,5,1160,467,47,1,0
243000.0,2.0,1.0,1770,5522,1.5,0,0,4,960,4128,82,1,0
575000.0,4.0,1.75,1280,6060,1.0,0,0,3,860,3889,99,1,1
639000.0,4.0,2.5,2150,12028,2.0,0,0,4,2150,751,43,0,1
710000.0,2.0,1.0,1790,4000,1.0,0,0,4,1040,2095,102,1,0
675000.0,3.0,2.25,1990,10260,2.0,0,0,4,1990,1260,38,0,0
405000.0,5.0,2.5,2430,4781,2.0,0,0,3,2430,1259,24,0,0
615000.0,4.0,2.75,2820,13193,1.0,0,0,3,1860,3437,60,1,1
490000.0,3.0,1.0,1910,8190,1.0,0,0,4,1010,4390,79,1,1
467000.0,3.0,2.25,1270,1213,2.0,0,0,3,1040,868,20,1,0
480000.0,4.0,2.75,2050,3960,1.0,0,0,4,1180,2282,39,1,0
755000.0,6.0,2.0,2150,4505,1.0,0,0,3,1270,2846,73,1,1
760000.0,4.0,1.75,2450,13300,1.0,0,2,4,1630,3457,38,1,0
387000.0,2.0,2.25,1230,1280,2.0,0,0,3,960,4107,13,1,1
925000.0,4.0,2.25,2260,41984,1.0,0,0,4,2260,3690,58,0,0
415000.0,2.0,1.0,1050,60113,1.0,0,0,4,1050,2979,82,0,0
263000.0,3.0,1.75,1570,7775,2.0,0,0,3,1570,4385,43,0,0
519900.0,4.0,2.0,1820,9350,1.0,0,0,4,1820,1681,58,0,0
570000.0,2.0,1.75,1540,4025,1.0,0,0,4,1190,1321,117,1,0
450000.0,3.0,1.5,2060,44866,1.0,0,0,3,2060,1827,72,0,0
1300000.0,4.0,3.5,4380,74052,1.0,0,0,3,4380,3651,24,0,0
300000.0,3.0,1.0,1090,9900,1.0,0,0,4,1090,720,70,0,1
320000.0,3.0,1.75,1480,7225,1.0,0,0,4,1480,2203,60,0,0
387500.0,4.0,1.0,1320,4440,1.5,0,0,3,1320,1003,96,0,0
458000.0,1.0,2.25,2140,10350,1.0,0,0,3,1470,931,49,1,0
1212500.0,4.0,3.5,4560,16643,1.0,0,3,3,2230,1265,30,1,0
380000.0,4.0,3.0,2800,9764,2.0,0,0,3,2800,2141,23,0,0
200000.0,3.0,1.0,1050,5000,1.0,0,0,4,1050,3684,58,0,0
385000.0,3.0,1.5,1490,9630,1.0,0,0,4,1490,3770,66,0,0
396675.0,2.0,1.0,1730,6375,2.0,0,0,4,1730,3973,80,0,0
452000.0,4.0,1.0,1210,3760,1.5,0,0,3,1210,237,125,0,1
426000.0,4.0,2.5,2800,8494,2.0,0,0,3,2800,2160,21,0,1
792000.0,3.0,1.5,1570,1050,2.0,0,0,3,1570,1472,110,0,0
315000.0,3.0,2.25,1400,31626,1.0,0,0,2,1140,1725,38,1,0
1275000.0,4.0,2.0,2850,7861,1.0,0,4,4,1450,2574,55,1,0
326000.0,6.0,3.0,1880,7200,1.0,0,0,4,1880,374,59,0,0
268500.0,2.0,1.0,790,8424,1.0,0,0,4,790,3605,72,0,1
440000.0,2.0,1.75,1300,4000,2.0,0,0,3,1300,3590,77,0,1
300000.0,3.0,1.0,2120,7735,1.0,0,0,4,1060,612,58,1,0
525000.0,3.0,1.5,1540,4773,2.0,0,0,3,1540,3087,84,0,1
978000.0,4.0,2.75,2620,13777,1.5,0,2,4,1720,2268,99,1,1
1125000.0,6.0,3.0,2880,3192,2.0,0,0,4,2180,1883,106,1,1
700000.0,4.0,1.0,1680,4021,1.5,0,0,3,1680,1802,104,0,1
315000.0,2.0,1.0,790,6969,1.0,0,0,3,790,194,70,0,1
309000.0,3.0,1.0,1092,7500,1.5,0,0,3,1092,4075,107,0,0
219950.0,3.0,1.5,1650,9936,1.0,0,0,3,1090,3201,58,1,1
289000.0,3.0,2.5,2090,4700,2.0,0,0,3,2090,1396,23,0,0
210000.0,4.0,1.75,2180,28710,1.0,0,0,3,1180,1860,75,1,1
260000.0,4.0,2.5,1990,6671,2.0,0,0,3,1990,2760,36,0,0
699000.0,4.0,2.5,2650,7945,2.0,0,0,3,2650,297,19,0,0
1800000.0,4.0,3.5,4460,16953,1.0,0,0,3,2550,2295,63,1,1
299950.0,3.0,1.0,910,8000,1.0,0,0,4,740,1658,75,1,1
749950.0,3.0,2.5,2770,10773,2.0,0,2,3,2770,1204,33,0,0
1100000.0,3.0,2.0,2390,6888,2.0,0,1,5,2390,4015,86,0,0
555000.0,3.0,2.5,3050,158558,1.0,0,0,4,3050,3877,38,0,0
384000.0,3.0,2.5,1700,4000,2.0,0,0,3,1700,2888,22,0,0
499950.0,5.0,3.5,3200,43560,2.0,0,0,3,3200,1484,36,0,0
430000.0,3.0,1.75,1200,4500,1.0,0,0,5,1200,3515,119,0,0
350000.0,4.0,2.25,2220,6953,2.0,0,0,4,2220,1908,26,0,0
620000.0,3.0,2.5,2480,9041,2.0,0,0,3,2480,4284,21,0,1
765000.0,4.0,2.25,2560,12100,1.0,0,0,4,1760,1349,49,1,1
250000.0,4.0,1.5,2500,6300,1.0,0,0,4,1500,2152,64,1,1
376000.0,2.0,1.0,1150,4000,1.0,0,0,3,1150,2459,78,0,1
475000.0,4.0,1.75,1650,7775,1.0,0,0,4,1150,368,75,1,1
120750.0,3.0,1.75,1140,9628,1.0,0,0,4,1140,2854,56,0,0
1690000.0,3.0,1.75,3400,8965,1.0,0,2,5,1820,3035,68,1,0
330000.0,3.0,1.0,1180,43124,1.0,0,0,4,1180,4235,66,0,0
619500.0,3.0,2.5,1700,4105,2.0,0,0,3,1700,2641,33,0,0
345000.0,3.0,1.5,1240,11200,1.0,0,0,4,1240,1016,71,0,1
598000.0,5.0,2.25,2890,12478,2.0,0,0,3,2890,1784,48,0,1
335000.0,3.0,1.0,1060,10050,1.0,0,0,4,1060,4162,58,0,0
372500.0,4.0,1.75,1590,10523,2.0,0,0,4,1590,919,103,0,0
300000.0,6.0,5.25,2860,5682,2.0,0,0,3,2860,3696,47,0,0
194000.0,1.0,1.0,820,1060,1.0,0,0,3,760,3681,18,1,0
507500.0,3.0,2.0,2020,8118,1.0,0,0,3,1020,1231,62,1,1
325000.0,4.0,2.25,1870,9680,1.0,0,0,4,1170,608,66,1,0
329900.0,3.0,2.5,2170,4905,2.0,0,0,3,2170,1921,21,0,1
329000.0,4.0,2.5,1600,6765,1.0,0,0,3,830,3691,78,1,1
494000.0,4.0,1.75,2090,4300,1.5,0,0,4,1250,3451,100,1,1
206000.0,4.0,2.0,1700,6025,1.0,0,0,3,1700,3696,47,0,0
423000.0,4.0,1.75,1940,6909,1.0,0,0,4,970,266,84,1,1
259000.0,3.0,1.0,1320,8625,1.0,0,0,4,1320,2518,68,0,1
879950.0,4.0,2.25,3500,13875,1.0,0,4,4,1830,144,87,1,0
345600.0,5.0,3.5,2800,5120,2.5,0,0,3,2800,2891,122,0,1
395000.0,3.0,1.5,1080,2940,1.5,0,0,4,1080,4004,105,0,0
625000.0,4.0,2.5,3550,8048,2.0,0,0,3,3550,3792,18,0,0
439000.0,3.0,2.0,2010,251341,2.0,0,0,3,1510,1152,22,1,0
380000.0,3.0,1.75,1690,1468,2.0,0,0,3,1380,3246,17,1,0
440000.0,3.0,1.5,1270,1443,3.0,0,0,3,1270,4456,18,0,0
415000.0,3.0,2.25,1970,2377,2.0,0,0,3,1680,3244,17,1,0
860000.0,4.0,2.75,3160,8097,2.0,0,0,3,3160,634,11,0,0
500000.0,3.0,2.5,1210,1200,3.0,0,0,3,1210,3039,17,0,0
953007.0,4.0,3.5,3120,5086,2.0,0,0,3,2480,3787,17,1,0
515000.0,4.0,2.5,2670,8765,2.0,0,0,3,2670,3562,19,0,0
772000.0,3.0,2.25,1640,1204,3.0,0,0,3,1640,463,11,0,0
329995.0,4.0,2.5,2303,3680,2.0,0,0,3,2303,3000,12,0,1
409316.0,3.0,2.5,1800,3168,2.0,0,0,3,1800,3981,11,0,0
490000.0,5.0,3.5,4460,2975,3.0,0,2,3,3280,787,12,1,1
305000.0,2.0,2.5,1590,2656,2.0,0,0,3,1220,3664,16,1,0
785000.0,4.0,3.5,3070,4684,2.0,0,0,3,2190,2167,16,1,0
240000.0,2.0,1.75,1330,7200,1.0,0,0,3,1330,1363,32,0,0
325000.0,3.0,1.0,990,6750,1.0,0,0,4,990,325,78,0,1
535800.0,4.0,2.5,1900,5790,2.0,0,0,3,1900,3151,31,0,0
720000.0,3.0,2.5,2020,1159,3.0,0,3,3,2020,1748,25,0,0
374000.0,3.0,1.75,2000,9416,1.0,0,0,4,2000,518,64,0,1
189650.0,2.0,1.75,1100,7600,1.0,0,0,3,1100,458,45,0,0
420850.0,1.0,1.0,960,40946,1.0,0,0,5,960,190,80,0,0
815000.0,4.0,2.75,3488,9614,2.0,0,0,3,3488,2697,27,0,1
1065000.0,2.0,1.75,1890,9466,2.0,0,0,3,1890,628,38,0,1
199000.0,4.0,2.0,2030,8120,2.0,0,0,3,2030,277,75,0,1
195000.0,3.0,1.75,1380,7350,1.0,0,0,3,990,1501,44,1,1
1506000.0,4.0,3.25,3660,5800,2.5,0,0,3,3360,61,116,1,1
288400.0,3.0,2.25,1870,3230,2.0,0,0,3,1870,3037,28,0,0
442000.0,4.0,2.25,2080,12007,1.0,0,0,4,1220,1353,46,1,0
619420.0,4.0,2.75,2450,14803,2.0,0,0,4,2450,4257,37,0,0
635000.0,4.0,2.25,2750,6180,1.0,0,0,4,1500,3012,77,1,0
210000.0,3.0,1.0,1240,4842,1.0,0,0,4,1240,4458,109,0,0
512500.0,3.0,2.5,1900,7604,2.0,0,0,3,1900,255,35,0,1
567000.0,3.0,2.5,2540,6093,2.0,0,0,3,2540,4091,26,0,0
525000.0,3.0,2.75,2100,10362,2.0,0,0,3,1510,2545,27,1,1
475000.0,4.0,2.0,1790,2250,1.0,0,2,4,840,56,116,1,1
250000.0,3.0,2.0,1170,7258,1.0,0,0,3,1170,2541,41,0,0
220000.0,3.0,1.0,1060,9126,1.0,0,2,5,1060,273,69,0,0
230000.0,5.0,2.0,1930,6120,1.5,0,0,3,1930,166,84,0,1
385500.0,3.0,2.0,1540,7947,1.0,0,0,3,1120,4379,64,1,1
895000.0,5.0,3.0,2876,13927,1.0,0,2,4,1970,3604,52,1,0
368250.0,3.0,2.5,2150,7484,2.0,0,0,3,2150,4411,37,0,1
249900.0,2.0,1.0,1140,5500,1.0,0,0,3,1140,4430,78,0,1
350000.0,3.0,1.5,980,7790,1.0,0,0,5,980,4480,56,0,0
175000.0,3.0,1.75,1230,13056,1.0,0,0,4,1230,2671,63,0,0
270000.0,3.0,1.75,1390,10905,1.0,0,0,3,860,3609,68,1,1
495000.0,3.0,3.5,2380,6250,2.0,0,3,3,1670,3796,28,1,0
1580000.0,3.0,3.25,3690,7200,2.0,0,0,3,3690,3253,18,0,0
542500.0,5.0,3.25,3010,1074218,1.5,0,0,5,2010,1162,94,1,0
330000.0,3.0,1.0,1250,9126,1.0,0,0,3,1250,1370,56,0,1
1003000.0,4.0,2.75,2290,6120,2.0,0,0,4,2170,516,99,1,1
299800.0,2.0,1.0,790,5240,1.0,0,0,4,790,4129,100,0,1
299900.0,3.0,2.5,2720,6014,2.0,0,0,3,2720,2542,23,0,0
691000.0,4.0,2.75,2550,8632,1.0,0,0,3,1700,3141,53,1,1
195000.0,2.0,1.0,1080,3899,1.0,0,0,4,1080,2146,53,0,0
405000.0,3.0,1.75,2470,9620,1.0,0,1,4,1570,58,63,1,0
360000.0,2.0,0.75,850,7710,1.0,0,2,5,550,2128,116,1,1
256750.0,3.0,2.5,1990,8991,1.0,0,0,3,1570,1991,56,1,1
332500.0,3.0,2.25,1800,10500,2.0,0,0,3,1800,2047,30,0,0
975000.0,5.0,4.0,4850,36450,2.0,0,0,3,4850,745,48,0,1
218000.0,3.0,1.0,1020,7874,1.0,0,0,3,1020,4442,69,0,1
429000.0,3.0,2.5,2420,49928,2.0,0,0,3,1860,2163,40,1,0
589000.0,4.0,2.5,2910,5776,2.0,0,2,3,2910,3860,27,0,1
255000.0,3.0,1.5,1060,9039,1.0,0,0,3,1060,1596,52,0,1
668750.0,4.0,2.5,2340,6420,1.0,0,2,3,1590,1820,61,1,1
344500.0,4.0,2.75,1800,5453,1.0,0,0,3,1050,1445,23,1,0
452000.0,4.0,2.0,1660,6150,1.0,0,0,3,850,3945,80,1,1
540000.0,3.0,1.75,1300,62290,1.0,0,0,3,1300,2348,42,0,1
246000.0,3.0,1.5,1780,23819,1.0,0,0,3,1780,529,72,0,0
535000.0,2.0,1.0,1030,4841,1.0,0,0,3,920,668,86,1,1
970000.0,4.0,3.25,2790,5420,1.0,0,3,3,1130,1608,62,1,1
430000.0,3.0,1.0,1150,3000,1.0,0,0,5,1150,4441,119,0,0
520000.0,4.0,2.5,3290,11446,2.0,0,0,3,3290,4116,33,0,0
712000.0,4.0,2.5,3400,247421,2.0,0,0,3,3400,2418,24,0,0
450000.0,2.0,1.0,1200,4000,1.0,0,0,3,1070,2582,85,1,1
220000.0,4.0,2.5,2160,8005,2.0,0,0,3,2160,4049,32,0,0
525000.0,3.0,1.0,1450,4000,1.0,0,1,4,950,3501,77,1,0
1220000.0,4.0,2.5,3240,3600,2.0,0,0,3,2060,2110,17,1,0
540000.0,3.0,2.0,1470,1691,2.0,0,0,3,1000,93,18,1,0
600000.0,4.0,2.5,2360,5226,2.0,0,0,3,2360,4225,24,0,0
600000.0,3.0,2.25,2230,9053,2.0,0,0,4,2230,3640,38,0,0
625000.0,4.0,2.5,2630,48706,2.0,0,0,3,2630,1134,39,0,0
150000.0,3.0,1.0,1010,25000,1.0,0,0,3,1010,156,59,0,1
389999.0,3.0,2.25,1445,1471,2.0,0,0,3,1300,1731,22,1,0
285000.0,3.0,1.75,2380,6000,1.5,0,0,3,1320,4285,90,1,1
744000.0,4.0,2.75,2830,13059,2.0,0,0,3,2830,2332,27,0,1
700000.0,4.0,2.5,3010,46173,2.0,0,0,3,3010,3251,29,0,0
318989.0,4.0,2.25,2000,9000,1.0,0,0,4,2000,3193,47,0,1
556000.0,3.0,2.25,2020,3600,2.0,0,0,3,2020,645,27,0,1
275000.0,3.0,2.5,2030,6326,2.0,0,0,3,2030,2010,32,0,0
430000.0,3.0,2.75,2550,11160,2.0,0,0,3,2550,917,31,0,0
300000.0,2.0,1.0,970,13700,1.0,0,0,3,970,4485,76,0,1
396450.0,3.0,1.75,1540,12446,1.0,0,0,5,1540,238,58,0,0
225000.0,2.0,1.0,1396,111949,1.0,0,0,3,1396,2149,85,0,1
700000.0,4.0,3.25,2780,7875,2.0,0,0,3,2780,3575,19,0,0
260000.0,6.0,2.0,2220,8797,1.0,0,0,3,2220,841,48,0,1
655000.0,4.0,3.5,2350,13402,2.0,0,3,3,1670,274,31,1,0
1185000.0,3.0,2.25,2760,40946,2.0,0,0,5,2760,671,47,0,0
1550000.0,3.0,2.5,4460,26027,2.0,0,0,3,4460,584,33,0,0
413800.0,3.0,2.0,1440,4421,1.0,0,0,3,1440,2026,18,0,0
950000.0,5.0,3.75,5330,6000,2.0,0,2,3,3570,4209,19,1,0
334990.0,4.0,2.5,2220,4228,2.0,0,0,3,2220,291,11,0,0
2700000.0,5.0,4.75,5305,8401,2.0,0,2,3,3745,38,20,1,0
1030000.0,3.0,4.0,3880,13095,2.0,0,3,3,3700,4144,16,1,0
1130000.0,4.0,3.25,3810,8519,1.0,0,1,3,2680,17,18,1,0
556000.0,3.0,3.0,1960,1168,2.0,0,0,3,1600,324,18,1,0
360000.0,3.0,2.5,1530,1131,3.0,0,0,3,1530,4418,16,0,0
480000.0,4.0,2.25,3250,34293,2.0,0,0,4,3250,2437,42,0,0
324000.0,3.0,2.5,1750,7208,2.0,0,0,3,1750,265,31,0,0
1050000.0,4.0,3.25,3440,35021,2.0,0,0,3,3440,357,42,0,1
275000.0,1.0,0.75,1170,14149,1.0,0,0,5,880,2984,63,1,0
180000.0,3.0,1.0,870,5330,1.0,0,0,3,870,1632,56,0,1
749000.0,4.0,2.5,2930,18199,2.0,0,0,3,2930,1211,27,0,1
1600000.0,3.0,2.5,3160,12824,1.0,0,2,4,1820,4428,59,1,0
373500.0,2.0,1.0,800,3330,1.0,0,0,3,800,185,107,0,0
770000.0,4.0,2.5,2350,8001,2.0,0,0,4,2350,804,38,0,0
356000.0,2.0,1.75,1060,16470,1.0,0,0,3,1060,1067,48,0,1
625000.0,3.0,1.75,2060,12558,1.0,0,0,4,1350,3815,41,1,0
494400.0,2.0,1.75,1560,1750,1.0,0,0,4,780,321,121,1,0
585000.0,4.0,1.75,3000,42200,1.0,0,3,3,1500,3038,75,1,1
926300.0,3.0,1.5,1660,4800,2.0,0,0,3,1660,1440,118,0,1
600000.0,3.0,1.75,1650,5100,1.0,0,0,5,1040,3585,117,1,0
430000.0,4.0,3.0,3220,8936,2.0,0,0,3,2450,1702,35,1,1
307000.0,3.0,1.5,2320,7500,1.0,0,0,3,2320,2345,49,0,0
604700.0,4.0,2.75,2750,14982,1.0,0,3,3,1720,2387,44,1,1
219900.0,3.0,1.0,910,6000,1.0,0,0,2,910,2590,69,0,0
270000.0,2.0,1.5,840,867,2.0,0,0,3,840,4358,20,0,0
432000.0,3.0,2.25,1470,1578,2.0,0,0,3,1090,3923,18,1,0
300000.0,6.0,2.0,2040,10812,1.0,0,0,4,2040,3602,82,0,0
361000.0,3.0,1.0,1100,4046,1.5,0,4,4,1100,2491,103,0,0
249950.0,2.0,1.0,940,8532,1.0,0,0,4,940,3743,66,0,0
320000.0,3.0,2.0,1110,10500,1.0,0,0,5,1110,1289,47,0,0
305000.0,4.0,1.75,2200,8100,1.5,0,0,5,1400,425,83,1,0
503000.0,2.0,1.75,2860,59612,1.0,1,4,3,1510,3239,77,1,1
235750.0,2.0,1.0,740,11250,1.0,0,0,2,740,232,87,0,0
657000.0,4.0,1.75,2740,8520,1.0,0,2,3,1370,3596,71,1,1
385000.0,3.0,1.0,1250,7300,1.0,0,0,4,1250,1165,69,0,0
389950.0,4.0,2.5,3140,8060,2.0,0,0,3,3140,2757,34,0,0
150000.0,2.0,1.0,820,10270,1.0,0,0,3,820,74,71,0,1
254500.0,4.0,2.75,2570,7264,2.0,0,0,3,1720,1167,27,1,1
555000.0,4.0,2.25,2350,8140,1.0,0,0,4,1430,1096,48,1,0
1075000.0,4.0,3.0,3600,9200,1.0,0,4,4,2100,2316,49,1,1
245000.0,4.0,2.0,1580,8000,1.0,0,0,3,1040,1965,58,1,1
319950.0,2.0,1.0,1070,5824,1.0,0,2,5,1070,3894,76,0,0
337000.0,3.0,1.0,1070,6109,1.0,0,0,5,1070,560,74,0,0
492000.0,4.0,2.0,1640,5000,2.0,0,0,3,1640,3762,118,0,1
1170000.0,3.0,2.75,2890,12130,2.0,0,3,4,2830,3301,38,1,0
348580.0,3.0,1.0,1220,7876,1.0,0,0,3,1220,896,59,0,1
180000.0,2.0,1.0,1400,4500,1.0,0,0,3,900,2621,103,1,1
400000.0,3.0,1.0,1040,6250,1.0,0,0,3,1040,3578,83,0,1
295000.0,4.0,2.0,980,10640,1.0,0,0,5,980,1286,47,0,0
910000.0,4.0,3.25,3340,10890,1.5,0,0,3,2240,1035,62,1,1
1150000.0,6.0,4.5,6040,219542,2.0,0,0,3,4100,3353,29,1,0
431500.0,3.0,3.5,1900,1612,2.0,0,0,3,1430,3798,17,1,0
180000.0,4.0,1.5,1740,7292,1.0,0,0,3,1020,784,63,1,1
677000.0,3.0,2.0,2000,3207,1.0,0,0,4,1100,690,109,1,0
1180500.0,3.0,1.75,1610,7200,1.0,0,0,3,1090,53,52,1,1
635700.0,4.0,2.5,3240,13978,1.0,0,0,3,1860,1742,48,1,1
482000.0,5.0,2.25,2230,9600,1.0,0,0,3,1320,1170,47,1,0
168000.0,2.0,2.5,1160,2174,2.0,0,0,3,1160,4266,27,0,1
805000.0,4.0,2.75,2410,6000,1.0,0,0,5,1410,2700,75,1,0
398000.0,2.0,1.0,590,10945,1.5,0,0,3,590,2528,42,0,1
665000.0,4.0,2.5,2600,17388,2.0,0,0,3,2600,928,29,0,0
592500.0,4.0,3.0,2170,8240,1.0,0,0,4,1370,1488,57,1,0
940000.0,4.0,2.75,2080,4000,1.5,0,0,3,2080,3689,113,0,1
655000.0,4.0,2.5,2860,12394,2.0,0,0,3,2860,2483,26,0,0
622500.0,4.0,2.5,2980,8107,2.0,0,0,3,2980,2872,25,0,0
380000.0,2.0,2.5,1230,987,2.0,0,0,3,1060,1704,14,1,0
648360.0,4.0,1.75,2260,7005,1.0,0,1,4,1130,759,78,1,1
432000.0,3.0,2.75,2200,14925,1.0,0,0,3,1100,1764,43,1,0
1050000.0,4.0,2.5,3030,12590,1.5,0,0,4,3030,2742,37,0,0
353250.0,2.0,1.0,1060,1600,2.0,0,0,3,1060,1032,46,0,1
1000000.0,4.0,3.0,4260,18687,2.0,0,0,3,4260,2109,29,0,0
320000.0,3.0,2.25,998,844,2.0,0,0,3,798,4171,18,1,0
349900.0,4.0,2.5,2052,3723,2.0,0,0,3,2052,2910,11,0,0
330000.0,4.0,3.5,3150,6202,2.0,0,0,3,3150,1914,20,0,0
408000.0,3.0,2.25,1950,7221,1.0,0,0,4,1950,2988,19,0,0
321000.0,3.0,2.25,1347,1292,3.0,0,0,3,1347,793,15,0,0
1051000.0,4.0,3.75,3860,5474,2.5,0,0,3,3860,2271,18,0,0
2150000.0,4.0,5.5,5060,10320,2.0,0,0,3,5060,979,17,0,0
359000.0,3.0,1.5,1360,885,3.0,0,0,3,1360,3898,17,0,0
300000.0,5.0,2.5,2760,6000,2.0,0,0,3,2760,4230,19,0,0
380000.0,5.0,3.5,2420,4670,2.0,0,0,3,2420,4292,12,0,1
660000.0,3.0,2.5,2450,4332,2.0,0,0,3,2450,180,15,0,0
355000.0,3.0,2.25,1280,959,3.0,0,0,3,1280,4253,20,0,0
259000.0,3.0,2.5,1550,3569,2.0,0,0,3,1550,1005,14,0,0
353000.0,1.0,1.0,550,1279,2.0,0,0,3,550,1161,17,0,0
430000.0,2.0,2.5,1520,1588,2.0,0,0,3,1240,1967,18,1,0
460000.0,3.0,1.0,1670,4005,1.5,0,0,4,1170,4124,86,1,1
80000.0,1.0,0.75,430,5050,1.0,0,0,2,430,2718,113,0,0
782000.0,4.0,2.5,2380,9614,2.0,0,0,4,2380,1258,34,0,0
218000.0,3.0,1.0,960,9633,1.0,0,0,5,960,3470,43,0,0
325000.0,3.0,1.0,1920,6862,1.0,0,2,3,1120,3344,73,1,1
980000.0,4.0,3.0,3680,5854,1.0,0,3,3,2060,831,58,1,1
902000.0,4.0,2.25,2530,9200,1.0,0,0,5,1570,3364,49,1,0
556000.0,5.0,2.5,3840,16905,2.0,0,0,3,3840,3975,34,0,0
662990.0,3.0,1.75,1240,3600,1.5,0,0,5,1240,2228,99,0,0
225000.0,2.0,1.0,1300,11867,1.5,0,0,4,1300,2779,50,0,0
439950.0,4.0,2.5,2380,12067,2.0,0,0,3,2380,2652,23,0,0
175000.0,2.0,1.0,1300,44431,1.0,0,0,5,1300,2606,67,0,0
306000.0,2.0,1.0,780,13500,1.0,0,0,4,780,1024,79,0,1
235000.0,4.0,2.5,1810,39639,1.0,0,0,3,1230,1356,55,1,1
399500.0,3.0,1.75,2420,12676,2.0,0,0,3,2420,1924,114,0,1
478000.0,3.0,1.0,1280,2580,1.5,0,0,3,1280,3676,115,0,1
515000.0,2.0,1.0,1680,6500,1.0,0,0,4,1140,3656,84,1,1
550000.0,3.0,2.5,2510,5400,2.0,0,0,3,2510,4368,33,0,0
149000.0,3.0,1.0,1700,8645,1.0,0,0,3,1700,586,70,0,1
526000.0,3.0,1.75,1680,3420,1.0,0,0,3,960,4062,33,1,0
527550.0,1.0,0.75,820,59677,1.0,0,0,3,820,4036,26,0,0
1050000.0,3.0,4.0,4380,42769,2.0,0,0,5,4380,1347,42,0,0
625000.0,3.0,2.5,2600,10092,1.0,0,0,3,2600,1945,41,0,0
950000.0,5.0,3.25,3400,7452,2.0,0,0,3,3400,1037,26,0,0
377691.0,5.0,1.75,2120,8399,1.0,0,0,4,1320,1470,83,1,1
648475.0,4.0,2.75,2250,5700,1.0,0,0,3,1200,2115,74,1,1
383000.0,3.0,1.0,1800,5612,1.0,0,0,4,1200,4278,83,1,1
535000.0,3.0,2.5,2210,7620,2.0,0,0,3,2210,137,31,0,0
449950.0,3.0,2.0,1560,4080,2.0,0,0,3,1560,4197,102,0,1
465425.0,4.0,2.75,2430,20720,1.0,0,0,3,2430,972,58,0,1
675000.0,4.0,2.5,2560,36601,2.0,0,0,4,2560,2261,38,0,0
599000.0,3.0,2.75,1960,2500,1.5,0,0,5,1410,3207,99,1,0
416000.0,3.0,1.5,1110,9762,1.0,0,0,4,1110,860,62,0,0
595000.0,2.0,1.5,1030,4500,1.0,0,0,3,830,2383,101,1,1
200000.0,4.0,1.0,1350,11507,1.0,0,0,3,1350,1618,59,0,1
402000.0,3.0,2.0,1540,1827,2.0,0,0,3,1540,2130,20,0,0
433000.0,4.0,1.75,1830,9600,1.0,0,0,4,1010,1155,59,1,0
275000.0,4.0,1.5,1930,15531,2.0,0,0,3,1930,2486,46,0,1
410000.0,3.0,2.0,1650,9641,1.5,0,0,3,1650,592,42,0,1
554820.0,4.0,2.0,3510,12905,1.0,0,2,3,2210,1629,60,1,1
1325000.0,4.0,3.0,3370,7920,1.0,0,3,3,1860,2895,37,1,1
735000.0,3.0,2.5,2390,9157,2.0,0,0,3,2390,910,41,0,0
607000.0,3.0,1.0,1230,8114,1.0,0,0,4,1230,2651,74,0,1
549900.0,4.0,3.0,2830,213879,2.0,0,0,4,2830,2856,38,0,0
258000.0,3.0,1.75,1620,7540,1.0,0,0,3,1310,1845,37,1,1
661254.0,4.0,4.0,2290,6250,1.5,0,0,5,1690,1981,85,1,0
945000.0,4.0,2.0,2840,13367,1.0,0,0,3,1420,4475,73,1,1
799950.0,4.0,3.5,4220,196817,2.0,0,0,3,4220,3442,32,0,0
132500.0,3.0,1.0,1080,10500,1.0,0,0,3,1080,3262,58,0,1
467100.0,3.0,1.75,1620,8645,1.0,0,0,3,1190,3810,52,1,1
1610000.0,4.0,3.5,4390,11600,2.0,0,3,3,3060,2406,35,1,1
641000.0,3.0,1.75,1620,3975,1.0,0,0,5,940,3831,99,1,0
350000.0,3.0,1.0,1010,11244,1.0,0,0,4,1010,1172,78,0,1
335000.0,4.0,2.5,1750,8476,1.0,0,0,4,1240,1026,42,1,0
900000.0,3.0,3.5,4080,217697,1.5,0,3,3,4080,2996,25,0,0
440000.0,4.0,2.5,2560,10400,1.0,0,0,4,1280,4000,60,1,0
464600.0,3.0,1.75,1120,5500,1.5,0,0,4,1120,3814,100,0,1
1200000.0,4.0,3.5,4740,172497,2.0,0,0,3,4740,1646,22,0,0
300000.0,2.0,1.0,1340,7788,1.0,0,2,3,1340,3903,78,0,1
670500.0,4.0,2.0,1590,6750,1.0,0,0,3,1590,2000,74,0,1
552000.0,3.0,1.0,1430,5000,1.0,0,0,4,1080,3675,106,1,1
244000.0,4.0,1.0,1450,8960,1.0,0,0,3,1450,42,82,0,1
788600.0,4.0,2.75,3500,7200,2.0,0,0,3,3500,4318,20,0,0
445000.0,3.0,2.0,1630,8702,1.0,0,0,3,1630,1552,38,0,1
530000.0,4.0,1.75,1814,5000,1.0,0,0,4,944,4016,74,1,1
90000.0,2.0,1.0,580,7500,1.0,0,0,3,580,3816,82,0,1
585000.0,3.0,2.0,1670,4572,1.5,0,0,3,1670,4058,94,0,0
498000.0,2.0,2.0,1140,8282,1.0,0,0,3,1140,1756,101,0,1
379000.0,2.0,1.0,800,6380,1.0,0,2,3,800,1303,85,0,1
462000.0,3.0,1.75,1300,2580,1.0,0,0,5,820,4194,106,1,1
388000.0,4.0,2.5,2440,7155,2.0,0,0,3,2440,1140,32,0,0
255000.0,3.0,2.0,1490,8371,1.5,0,0,3,1490,306,41,0,0
665000.0,3.0,2.75,1800,9550,1.0,0,0,4,1320,447,59,1,0
550000.0,3.0,2.0,1830,9152,1.0,0,0,5,1830,381,66,0,0
606000.0,3.0,1.0,1500,3920,1.0,0,0,3,1000,601,78,1,1
334000.0,4.0,2.5,2210,6080,1.0,0,2,4,1410,522,60,1,0
360000.0,3.0,2.0,1270,1323,3.0,0,0,3,1270,4302,19,0,0
235000.0,2.0,1.0,1140,1730,1.5,0,0,3,1010,2552,18,1,0
580000.0,3.0,2.5,1620,1173,3.0,0,4,3,1470,3564,17,1,0
355000.0,3.0,2.0,1220,1186,3.0,0,0,3,1220,4396,18,0,0
375000.0,2.0,2.5,750,1430,2.0,0,0,3,750,1275,19,0,0
372000.0,4.0,1.75,1960,9300,1.0,0,0,5,1340,1256,46,1,0
479000.0,3.0,1.0,1370,3000,1.5,0,0,3,1370,3702,101,0,1
2000000.0,5.0,4.0,4580,4443,3.0,1,4,3,4580,3209,21,0,1
1680000.0,4.0,4.25,5584,68257,2.0,0,0,3,5584,2497,27,0,1
501000.0,2.0,1.0,1010,4320,1.0,0,0,5,1010,4026,101,0,1
245000.0,3.0,1.75,1260,6908,1.0,0,0,3,1260,1989,31,0,0
496700.0,3.0,2.5,1740,5782,2.0,0,0,4,1740,2887,36,0,0
347000.0,4.0,1.5,2670,10026,2.0,0,0,3,2670,269,29,0,0
199000.0,2.0,1.0,720,7200,1.0,0,0,5,720,2642,82,0,0
440500.0,3.0,2.5,2460,4399,2.0,0,0,3,2460,2840,18,0,0
820000.0,4.0,2.5,3670,7000,2.0,0,0,3,3670,1611,20,0,0
325000.0,4.0,3.5,2630,3435,1.5,0,3,3,1640,1509,41,1,0
195000.0,3.0,1.75,1570,8459,1.0,0,0,3,1570,356,34,0,0
675000.0,3.0,3.0,2980,28000,1.0,0,0,3,1820,991,44,1,1
295000.0,3.0,2.5,1560,4200,2.0,0,0,3,1560,2031,22,0,0
355300.0,3.0,2.5,1620,7410,1.0,0,0,5,1620,1624,70,0,0
276000.0,3.0,1.0,1140,5000,1.0,0,0,3,1140,3558,65,0,1
460000.0,2.0,1.5,2730,19877,1.0,0,0,4,1570,1639,49,1,1
880000.0,3.0,2.0,2130,35169,1.0,0,0,4,2130,1240,36,0,0
370000.0,3.0,2.5,1780,4050,2.0,0,0,3,1780,1359,24,0,0
346000.0,4.0,2.5,2100,3916,2.0,0,0,3,2100,355,16,0,0
172500.0,3.0,1.0,1140,8800,1.0,0,0,3,1140,3405,53,0,1
379950.0,3.0,1.5,1690,9144,1.0,0,0,4,1140,3808,69,1,0
468000.0,2.0,1.0,1160,6000,1.0,0,0,4,860,2672,83,1,1
477000.0,4.0,2.75,1720,6270,2.0,0,0,3,1720,3499,47,0,0
529000.0,3.0,1.0,1210,3328,1.5,0,0,4,1210,3680,101,0,0
312000.0,3.0,1.5,1255,1374,3.0,0,0,3,1255,360,21,0,1
326100.0,2.0,1.0,880,7683,1.0,0,0,3,880,359,83,0,1
360000.0,3.0,1.0,1050,9206,1.5,0,0,3,1050,169,71,0,1
438000.0,3.0,1.75,1650,12940,1.0,0,0,4,1650,1487,64,0,1
360000.0,3.0,1.0,1570,9467,1.0,0,0,3,1570,1564,71,0,1
1050000.0,4.0,2.5,2920,7200,1.0,0,3,3,1470,2852,104,1,1
688000.0,4.0,3.0,3000,4000,1.5,0,3,3,1970,2715,112,1,1
585000.0,3.0,1.75,1850,7735,1.0,0,0,4,1850,3365,42,0,0
265000.0,3.0,2.5,1440,7741,1.0,0,0,4,1000,216,42,1,0
375000.0,3.0,1.75,1440,8775,1.0,0,0,3,1440,748,52,0,1
326500.0,3.0,1.0,1810,12375,2.0,0,0,3,1810,1092,55,0,1
160000.0,2.0,1.0,1180,9350,1.0,0,0,3,1180,583,107,0,0
1570000.0,4.0,3.75,3070,5850,2.0,0,0,5,2400,1039,98,1,0
735000.0,5.0,2.75,3390,5211,2.0,0,0,3,3390,4524,21,0,1
400000.0,2.0,1.0,1470,6120,1.0,0,0,2,1470,3020,85,0,0
800000.0,4.0,2.5,2680,7200,1.0,0,0,3,1380,336,73,1,1
949880.0,4.0,2.25,2290,10687,2.0,0,0,3,2290,114,47,0,0
405000.0,3.0,1.75,1980,8100,1.0,0,0,4,1310,1978,76,1,1
399000.0,4.0,2.5,2870,9292,2.0,0,0,3,2540,1251,46,1,1
730001.0,3.0,2.0,1840,4750,1.0,0,0,5,1010,4071,74,1,0
1795000.0,4.0,3.25,4060,13000,2.0,0,3,3,4060,3858,25,0,0
260000.0,3.0,2.0,1630,8018,1.0,0,0,3,1630,2634,22,0,0
751750.0,2.0,2.0,1880,5400,1.5,0,0,3,1880,3502,123,0,0
325000.0,3.0,1.75,1780,13095,1.0,0,0,4,1780,2293,42,0,0
344950.0,4.0,2.0,2330,6250,1.0,0,0,4,1400,3254,84,1,1
457500.0,3.0,1.75,1840,4030,1.0,0,0,5,1050,1183,100,1,0
389000.0,5.0,2.0,2330,10750,1.0,0,0,4,1190,885,63,1,0
515000.0,4.0,2.5,3200,6473,2.0,0,0,3,3200,3514,20,0,0
732000.0,3.0,2.5,2330,1987,2.0,0,4,3,1410,3707,21,1,1
415000.0,3.0,2.25,1950,8868,1.0,0,0,3,1350,1042,61,1,1
1655000.0,4.0,3.5,3080,4815,2.0,0,3,3,2300,2118,88,1,1
535000.0,2.0,1.0,1040,5527,1.0,0,0,3,1040,3806,74,0,1
540000.0,4.0,4.25,1960,3565,2.0,0,0,3,1960,1782,85,0,1
525000.0,5.0,3.0,2750,3800,1.5,0,0,5,1750,4024,99,1,0
570000.0,3.0,1.75,1930,36210,1.0,0,0,3,1930,1104,48,0,1
569950.0,5.0,4.5,4850,40902,2.0,0,0,3,4850,2670,24,0,0
283200.0,4.0,2.5,1982,6406,2.0,0,0,3,1982,2326,21,0,1
1100000.0,3.0,2.75,2640,4050,1.5,0,0,5,1750,1046,99,1,0
830000.0,4.0,2.5,1850,50662,1.0,0,0,3,1430,3456,47,1,0
495000.0,4.0,2.25,1940,9144,1.0,0,0,4,1430,1421,69,1,0
292050.0,5.0,3.0,2840,7199,1.0,0,0,3,1710,174,22,1,0
415000.0,5.0,1.5,1900,10226,1.0,0,0,3,1130,4268,64,1,1
295832.0,5.0,1.0,1410,6400,1.0,0,0,5,960,1686,70,1,0
450000.0,4.0,2.5,2520,8515,2.0,0,0,3,2520,2470,26,0,0
1381000.0,4.0,3.75,3160,9525,2.5,0,0,3,3160,3366,28,0,0
857000.0,4.0,3.0,3720,29043,2.0,0,0,3,3720,55,34,0,0
499950.0,3.0,3.5,1820,1501,2.0,0,0,3,1430,3942,11,1,0
465000.0,3.0,2.0,1560,8640,1.0,0,0,5,1560,853,58,0,0
329000.0,3.0,1.0,1600,5952,1.0,0,0,4,1150,4158,61,1,0
475000.0,3.0,2.0,1230,11502,1.0,0,0,4,1230,1117,41,0,0
255000.0,3.0,1.0,960,8100,1.0,0,0,3,960,1696,70,0,1
435000.0,3.0,1.0,1270,4000,1.5,0,2,3,1270,3017,97,0,1
685000.0,3.0,2.5,2810,7700,2.0,0,0,3,2810,3733,24,0,0
715000.0,2.0,2.5,2160,5581,1.0,0,0,3,2160,2037,23,0,0
780000.0,3.0,3.0,2520,2152,1.5,0,0,3,1560,1554,100,1,1
345000.0,2.0,1.5,1180,844,2.0,0,0,3,990,2726,20,1,0
355000.0,4.0,2.25,1810,4970,2.0,0,0,3,1810,103,22,0,0
282000.0,3.0,2.5,1680,15711,1.0,0,0,3,1240,1661,31,1,0
244000.0,3.0,1.0,910,5250,1.0,0,0,4,910,561,54,0,0
967500.0,3.0,3.75,3250,5797,2.0,0,2,4,2370,2599,74,1,1
375000.0,3.0,1.5,2000,7294,1.0,0,0,3,1520,3525,60,1,1
1600000.0,3.0,3.25,3790,19000,2.0,0,4,3,3790,1391,40,0,0
527500.0,3.0,1.75,2310,78844,1.0,0,0,3,1760,1614,48,1,1
994000.0,3.0,2.25,2510,6339,1.5,0,2,5,1810,2723,93,1,1
313000.0,3.0,1.75,1320,6205,1.0,0,0,5,1320,1050,77,0,1
587000.0,3.0,2.25,2370,217800,2.0,0,0,3,2370,2644,46,0,1
304000.0,3.0,1.0,900,7500,1.0,0,0,4,900,4063,53,0,0
675000.0,3.0,2.5,2540,7680,2.0,0,1,4,2540,426,85,0,1
305000.0,4.0,1.0,2100,9288,1.0,0,0,4,1050,1205,57,1,0
280000.0,3.0,1.0,1200,6250,1.0,0,0,3,920,119,82,1,1
960000.0,5.0,4.0,3720,15200,2.0,0,0,3,3720,830,20,0,0
500000.0,3.0,2.25,1760,4539,2.0,0,0,3,1760,2982,37,0,1
274950.0,3.0,1.75,1670,7415,1.0,0,0,3,1320,1263,38,1,1
455600.0,3.0,2.5,2420,8252,2.0,0,0,3,2420,3871,27,0,1
970000.0,5.0,3.0,3480,15185,2.0,0,0,4,3480,2914,61,0,0
312900.0,4.0,2.5,1630,4473,2.0,0,0,3,1630,2124,22,0,0
535000.0,4.0,2.5,2340,5600,2.0,0,0,3,2340,67,104,0,1
427000.0,2.0,1.0,920,3780,1.0,0,0,3,920,4140,115,0,1
405000.0,2.0,1.0,910,6490,1.0,0,0,3,910,4185,83,0,1
480000.0,3.0,1.0,1150,4945,1.0,0,2,3,1150,3124,82,0,1
725000.0,3.0,1.5,2500,4774,1.5,0,2,3,1450,3131,85,1,1
293000.0,4.0,2.5,3250,235063,1.0,0,2,3,3250,1305,52,0,1
268000.0,4.0,2.0,1930,6600,1.0,0,0,4,1030,722,58,1,0
475000.0,4.0,3.5,3400,234352,2.0,0,0,3,2500,1562,34,1,0
488000.0,3.0,2.5,1590,2550,3.0,0,0,3,1590,3809,40,0,0
760000.0,4.0,2.5,3330,7399,2.0,0,0,3,3330,796,16,0,0
1710000.0,5.0,4.5,4590,14685,2.0,0,0,3,4590,3763,16,0,0
754950.0,3.0,2.5,2610,7256,2.0,0,0,3,2610,442,11,0,0
263900.0,3.0,2.5,1658,2700,2.0,0,0,3,1658,1824,11,0,0
460000.0,3.0,3.5,1600,1431,2.0,0,0,3,1240,4090,19,1,0
399950.0,3.0,3.0,1296,1051,3.0,0,0,3,1296,500,16,0,0
370000.0,2.0,2.25,1280,835,2.0,0,0,3,1080,3021,16,1,0
1149000.0,4.0,3.0,5940,11533,2.0,0,4,3,4950,3747,21,1,1
450800.0,4.0,3.25,2510,5311,2.0,0,0,3,2510,2930,16,0,0
627000.0,3.0,3.5,2710,3475,2.0,0,0,3,1650,4521,20,1,0
495000.0,3.0,2.5,1750,1548,3.0,0,0,3,1750,3059,12,0,1
310000.0,3.0,1.0,1430,19901,1.5,0,0,4,1430,4203,98,0,0
550000.0,4.0,1.0,1660,34848,1.0,0,0,1,930,3694,92,1,0
215000.0,2.0,1.0,1320,8865,1.0,0,0,4,1320,2161,82,0,0
799000.0,4.0,3.0,2580,209523,2.0,0,0,3,2580,2157,41,0,0
630000.0,4.0,2.5,2740,43101,2.0,0,0,3,2740,1520,32,0,0
267000.0,3.0,2.5,2495,4400,2.0,0,0,3,2495,2881,18,0,0
900000.0,6.0,2.75,2300,24773,1.5,0,0,4,2300,2519,75,0,1
365000.0,3.0,1.5,1300,12240,1.0,0,0,3,1300,3966,62,0,1
544500.0,4.0,2.5,2230,10414,1.0,0,0,5,1450,2580,51,1,0
599000.0,4.0,2.75,2020,2750,1.0,0,0,3,1010,2704,108,1,1
815000.0,4.0,2.25,2000,3800,2.0,0,0,3,2000,4060,24,0,0
254000.0,2.0,1.0,1060,8187,1.0,0,0,4,1060,1241,73,0,0
740000.0,2.0,1.75,2080,4800,1.0,0,0,5,1080,2801,102,1,0
225000.0,3.0,2.0,2030,24829,1.0,0,0,4,1220,2958,46,1,0
925000.0,3.0,2.5,2690,7000,2.0,0,0,5,1840,3853,82,1,0
1285000.0,4.0,2.5,3240,10800,1.0,0,0,3,2260,3645,79,1,0
537000.0,3.0,2.5,1550,12920,2.0,0,0,5,1550,214,26,0,0
335000.0,4.0,2.0,1480,3132,1.0,0,0,5,740,3652,115,1,0
840000.0,4.0,2.75,3040,2800,2.0,0,0,3,2100,2679,119,1,1
224000.0,3.0,1.5,1560,7300,1.0,0,0,4,1040,3177,61,1,0
395000.0,3.0,2.5,2250,3757,2.0,0,0,3,2250,3834,19,0,0
450000.0,3.0,1.0,1100,4600,1.0,0,0,3,1100,3052,108,0,1
681000.0,3.0,1.0,1700,6356,1.5,0,0,3,1700,3073,118,0,1
898000.0,5.0,1.5,2680,28014,1.0,0,0,4,1450,2285,62,1,0
370000.0,3.0,1.0,800,2296,1.0,0,0,4,800,544,117,0,0
429000.0,2.0,1.75,1350,6315,1.0,0,0,3,1350,1960,20,0,0
150000.0,3.0,1.0,820,7680,1.5,0,0,3,820,4223,115,0,1
555000.0,3.0,2.5,3160,4270,2.0,0,0,3,2650,256,19,1,0
326000.0,3.0,2.75,1720,28000,1.0,0,0,4,1720,1475,67,0,1
225000.0,3.0,2.5,1680,6755,2.0,0,0,3,1680,2600,31,0,0
245100.0,3.0,1.75,1300,7958,1.0,0,0,3,1300,223,29,0,0
665000.0,3.0,2.5,2190,10370,2.0,0,0,3,2190,724,38,0,1
535000.0,3.0,2.5,1720,4006,2.0,0,0,3,1720,3189,31,0,0
305000.0,3.0,1.0,1160,11776,1.0,0,0,3,1160,1100,57,0,1
999000.0,7.0,4.0,3150,34830,1.0,0,0,3,3150,3907,68,0,1
215000.0,3.0,1.75,1210,8075,1.0,0,0,4,1210,585,42,0,0
432500.0,3.0,1.75,1980,5100,1.0,0,0,3,1270,4244,60,1,1
655000.0,4.0,2.5,2990,5669,2.0,0,0,3,2990,1906,22,0,0
266200.0,3.0,1.5,1430,9600,1.0,0,0,4,1430,854,59,0,0
244615.0,3.0,2.5,2060,4030,2.0,0,0,3,2060,4374,26,0,0
460000.0,4.0,3.0,2230,52983,2.0,0,0,3,2230,2378,34,0,0
370000.0,4.0,2.5,3090,18645,2.0,0,0,3,3090,2868,30,0,0
465000.0,6.0,3.25,4250,23326,1.0,0,3,3,2150,2510,58,1,1
1175000.0,3.0,2.5,1970,23180,1.0,1,4,3,1100,3661,88,1,1
189000.0,2.0,2.0,1700,3171,1.0,0,0,5,850,3474,98,1,0
820000.0,3.0,2.5,2510,5503,2.0,0,2,3,2510,3837,30,0,0
968000.0,6.0,2.75,3610,17580,1.0,0,4,5,2070,1703,66,1,0
1400000.0,4.0,3.25,2980,7000,2.0,0,3,3,2140,2643,125,1,1
438750.0,3.0,1.75,1610,6480,1.0,0,0,4,1610,1663,78,0,1
1210000.0,4.0,2.75,3650,6982,2.0,0,2,4,2530,3429,74,1,1
600000.0,4.0,2.0,2510,38141,1.0,0,0,3,2510,730,65,0,1
589000.0,3.0,1.0,1110,6000,1.5,0,0,5,1110,2725,93,0,1
590000.0,3.0,2.0,1650,6150,2.0,0,0,4,1650,2935,99,0,1
479900.0,3.0,2.0,1980,12150,1.0,0,0,3,1980,2296,31,0,0
210000.0,2.0,1.5,880,1157,2.0,0,0,3,880,4431,18,0,0
745000.0,3.0,1.75,1490,9800,1.0,0,0,4,1140,163,78,1,1
840500.0,3.0,2.0,2520,5400,1.5,0,0,4,1410,1570,119,1,1
420000.0,3.0,1.75,1820,22320,1.0,0,0,3,1250,3100,48,1,1
565000.0,7.0,4.5,4140,9066,1.0,0,0,3,2070,791,47,1,0
840000.0,4.0,2.5,3420,8405,2.0,0,0,3,3420,1728,25,0,0
681716.0,4.0,2.5,3150,7277,2.0,0,0,3,3150,489,19,0,0
600000.0,3.0,1.75,1580,7416,1.0,0,0,3,1150,546,58,1,1
380000.0,3.0,2.0,1660,8281,1.0,0,0,3,1660,3455,76,0,1
168500.0,3.0,1.0,1100,10125,1.0,0,0,3,1100,1364,56,0,1
355000.0,2.0,1.0,1270,3200,1.0,0,0,4,960,3103,105,1,0
277000.0,4.0,1.0,1450,6250,1.0,0,0,3,990,15,61,1,1
236000.0,4.0,2.25,1830,9485,1.0,0,0,4,1200,3197,36,1,0
270000.0,3.0,1.75,1300,4127,1.0,0,0,4,650,651,107,1,1
700000.0,2.0,1.75,2320,5500,1.5,0,2,3,1720,1549,100,1,1
425000.0,4.0,2.75,1680,9545,1.0,0,0,4,1080,3930,46,1,0
635000.0,3.0,2.5,2300,5500,1.5,0,0,4,2000,2389,104,1,0
510250.0,3.0,1.75,1400,4000,1.0,0,0,3,870,4250,74,1,1
960000.0,4.0,2.25,2410,4560,2.0,0,2,5,1800,3874,96,1,0
254000.0,3.0,2.0,1480,7480,1.0,0,0,4,1480,1814,33,0,0
299000.0,3.0,1.0,1390,9624,1.5,0,0,4,1390,2221,71,0,1
175000.0,2.0,1.0,830,2699,1.0,0,0,3,830,1932,29,0,0
157500.0,2.0,1.0,740,9003,1.0,0,0,3,740,1685,76,0,1
580000.0,5.0,2.0,1940,6000,1.0,0,0,5,970,4122,80,1,0
124740.0,3.0,1.0,1340,15600,1.0,0,0,4,1340,2639,47,0,1
1970000.0,8.0,3.5,4440,6480,2.0,0,3,5,3140,441,66,1,0
285000.0,2.0,1.0,800,6240,1.0,0,0,3,800,705,71,0,1
242000.0,3.0,1.75,1310,9645,1.0,0,0,3,1310,1857,46,0,1
840000.0,4.0,1.75,2330,4000,2.0,0,0,5,1300,3459,101,1,1
474800.0,2.0,3.25,1400,1243,3.0,0,0,3,1400,2946,25,0,0
490000.0,4.0,2.5,2360,4367,2.0,0,0,3,2360,626,22,0,0
465000.0,3.0,2.25,1840,5752,2.0,0,0,3,1840,333,22,0,0
515000.0,4.0,2.5,2680,7178,2.0,0,0,3,2680,2933,21,0,1
430000.0,3.0,3.75,3890,7140,1.0,0,2,3,2390,159,82,1,1
253400.0,3.0,2.0,1400,8640,1.0,0,0,5,1400,99,57,0,0
355000.0,3.0,2.5,2400,9701,1.0,0,0,3,2400,3358,35,0,1
740000.0,4.0,2.25,2920,46355,2.0,0,0,4,2920,2474,27,0,0
186950.0,2.0,2.0,1390,1302,2.0,0,0,3,1390,2646,39,0,0
306000.0,3.0,2.5,1680,11193,2.0,0,0,3,1680,1149,41,0,0
510000.0,4.0,1.5,2040,8800,1.0,0,0,4,1020,1019,64,1,1
345000.0,2.0,1.0,1080,4000,1.0,0,0,3,1080,4219,85,0,1
875000.0,3.0,2.75,2280,4280,1.0,0,0,5,1280,1464,108,1,0
700000.0,4.0,3.5,4490,5099,2.0,0,0,3,3390,3850,19,1,0
1400000.0,4.0,3.25,4700,9160,1.0,0,4,3,2520,3636,20,1,0
499950.0,4.0,2.5,2798,4473,2.0,0,0,3,2798,1595,13,0,1
739000.0,3.0,2.5,2810,5400,2.0,0,0,3,2810,380,20,0,0
363000.0,4.0,2.5,3753,7204,2.0,0,0,3,3336,2807,17,1,0
782000.0,4.0,3.5,3910,8095,2.0,0,0,3,3130,3403,18,1,0
325000.0,2.0,2.5,1050,1609,2.0,0,0,3,1050,1004,20,0,0
485000.0,4.0,1.0,1600,4300,1.5,0,0,4,1600,457,109,0,0
452000.0,4.0,2.25,2590,10002,1.0,0,0,4,1340,1601,57,1,0
264950.0,4.0,2.25,1720,9753,1.0,0,0,4,1120,2857,47,1,1
472000.0,6.0,2.5,4410,14034,1.0,0,2,4,2350,4139,60,1,0
267500.0,3.0,1.75,1590,11914,1.0,0,2,3,1090,1405,68,1,1
565000.0,4.0,2.5,2440,22594,2.0,0,0,3,2440,2202,29,0,0
535000.0,3.0,2.5,1360,1016,3.0,0,0,3,1310,3448,22,1,0
389000.0,2.0,1.0,910,7000,1.0,0,0,3,910,1717,73,0,1
400000.0,4.0,1.5,1390,7200,1.0,0,0,3,1140,1823,60,1,1
264000.0,3.0,1.5,1470,14821,1.0,0,0,4,1470,904,67,0,1
690000.0,4.0,2.5,2920,9904,2.0,0,0,4,2920,2254,35,0,0
412000.0,3.0,1.75,1950,52256,1.0,0,0,4,1950,2703,40,0,0
695000.0,3.0,2.5,2390,4555,2.0,0,0,3,2390,261,19,0,0
246500.0,3.0,1.5,1270,11600,1.0,0,0,4,1270,187,61,0,0
230000.0,2.0,1.0,950,7560,1.0,0,0,3,950,1282,67,0,1
302000.0,2.0,1.0,900,423838,1.0,0,2,5,900,1535,100,0,0
820000.0,4.0,2.25,2280,6660,1.5,0,2,3,1960,4151,85,1,1
145000.0,3.0,1.0,1010,5490,1.0,0,0,3,1010,813,71,0,1
436500.0,2.0,1.0,1260,5000,1.0,0,0,3,1040,2587,74,1,1
2453500.0,4.0,3.5,4730,13586,1.5,0,0,5,4270,809,90,1,0
672000.0,3.0,2.5,2620,21587,2.0,0,0,3,2620,2738,33,0,0
680000.0,3.0,2.25,2330,4000,1.5,0,2,5,1520,3685,98,1,0
750500.0,5.0,3.0,2170,2440,1.5,0,0,4,1450,27,114,1,1
550000.0,5.0,2.0,2450,9488,1.0,0,0,4,1240,135,125,1,1
266500.0,4.0,1.75,1880,7632,1.0,0,0,4,1180,2755,47,1,1
619000.0,4.0,2.0,2300,3400,1.5,0,0,5,1550,2617,110,1,0
405000.0,3.0,2.0,1240,14404,1.0,0,0,3,1240,3683,37,0,1
300000.0,2.0,1.0,820,3844,1.0,0,0,4,820,3934,109,0,0
231000.0,4.0,2.0,1530,6375,2.0,0,0,3,1530,963,83,0,1
790000.0,5.0,3.25,2900,12160,1.0,0,0,4,1890,3367,58,1,0
400000.0,4.0,2.75,1240,3867,1.0,0,0,3,800,407,38,1,1
950000.0,4.0,3.5,4140,13392,2.0,0,0,3,4140,4240,25,0,0
450000.0,4.0,2.0,2240,7725,1.0,0,0,5,1120,2174,69,1,0
595000.0,3.0,2.0,1480,5000,1.0,0,0,4,750,4064,97,1,0
332000.0,3.0,2.25,2270,8876,1.0,0,0,3,1380,2633,48,1,1
155000.0,3.0,1.0,1250,6250,1.0,0,0,2,1030,4182,76,1,0
400000.0,5.0,2.0,1930,9747,1.0,0,0,4,1020,1688,63,1,0
349000.0,4.0,1.75,1700,7800,1.0,0,0,5,1120,3311,44,1,0
529000.0,3.0,1.0,1590,6420,1.0,0,0,3,1590,3326,81,0,0
405000.0,5.0,1.75,1880,10000,1.0,0,0,3,960,115,62,1,1
635200.0,4.0,1.75,1640,4240,1.0,0,0,5,920,3791,104,1,0
540000.0,3.0,1.5,2600,5085,1.0,0,0,4,1400,3143,85,1,1
402000.0,2.0,1.0,710,1173,2.0,0,0,4,710,2017,82,0,0
3100000.0,6.0,4.25,6980,15682,3.0,0,4,4,5330,3529,26,1,0
329932.0,3.0,1.5,1460,5040,1.0,0,0,3,1100,275,54,1,0
300000.0,3.0,2.5,2080,9827,2.0,0,0,3,2080,3414,36,0,0
525000.0,5.0,2.5,2630,9216,2.0,0,0,3,2630,2423,22,0,0
2750000.0,4.0,3.25,4430,21000,2.0,0,0,3,4430,2729,73,0,1
602500.0,4.0,2.5,2760,6850,2.0,0,0,3,2760,4035,26,0,0
400000.0,4.0,2.0,1670,12056,1.0,0,0,3,1670,3931,70,0,1
445000.0,4.0,1.75,1990,4725,1.5,0,0,4,1190,2972,81,1,0
525000.0,3.0,3.0,2600,5238,1.5,0,3,3,1890,2488,36,1,0
395000.0,2.0,1.0,1320,1824,1.5,0,0,4,1320,1651,116,0,1
510000.0,3.0,1.5,2240,3800,2.0,0,0,3,1370,4175,96,1,0
723000.0,4.0,2.25,1960,8680,1.0,0,0,4,1290,1995,66,1,0
503000.0,3.0,2.0,2590,108900,2.0,0,0,3,1980,1809,37,1,1
672500.0,4.0,2.75,2620,6707,2.0,0,0,3,2620,1918,25,0,0
860000.0,3.0,2.5,2770,9136,2.0,0,0,3,2770,1280,34,0,0
475300.0,3.0,1.0,2110,10005,1.0,0,0,5,1110,4473,101,1,1
295000.0,4.0,2.5,2290,4539,2.0,0,0,3,2290,3538,24,0,0
1425000.0,4.0,4.25,4960,6000,2.5,0,0,3,3680,2278,116,1,1
250000.0,2.0,1.0,1110,26051,1.0,0,0,3,1110,2708,74,0,1
658000.0,4.0,2.75,3310,6166,2.0,0,0,3,3310,4301,17,0,0
83000.0,2.0,1.0,900,8580,1.0,0,0,3,900,905,107,0,0
685000.0,3.0,1.75,1940,7313,1.0,0,1,4,1440,4288,65,1,1
210000.0,3.0,1.75,1590,7617,2.0,0,0,3,1590,1182,39,0,0
650880.0,3.0,2.5,2930,6050,2.0,0,0,3,2930,2849,17,0,0
350000.0,4.0,2.5,2040,22653,2.0,0,0,3,2040,2137,14,0,0
305000.0,2.0,2.25,1000,905,3.0,0,0,3,1000,4017,19,0,0
645000.0,3.0,3.25,1730,1229,2.0,0,2,3,1320,1612,17,1,0
385000.0,3.0,1.0,1220,4800,1.0,0,0,3,1220,1566,124,0,0
860000.0,3.0,2.25,3060,12095,2.0,0,0,3,3060,3368,42,0,1
395000.0,4.0,2.5,2910,5000,2.0,0,0,3,2910,2155,23,0,0
260000.0,3.0,1.75,1050,5850,1.0,0,0,3,1050,1179,45,0,0
196440.0,3.0,2.0,1560,7352,1.0,0,0,3,1560,629,33,0,0
425000.0,3.0,1.75,1680,3000,1.0,0,2,4,840,4401,125,1,1
2400000.0,4.0,3.25,4140,20734,1.0,0,1,3,3300,4433,48,1,1
369000.0,3.0,2.0,1550,8509,1.0,0,0,3,1150,4147,66,1,1
1385000.0,6.0,2.75,5700,20000,1.0,0,4,4,2850,3343,48,1,0
349900.0,3.0,2.5,2200,7278,2.0,0,0,3,2200,1084,35,0,1
650000.0,2.0,2.5,1740,2500,2.0,0,2,3,1210,2684,31,1,0
299950.0,3.0,1.0,1210,9525,1.0,0,0,3,1210,4231,70,0,1
625000.0,4.0,3.25,4240,25639,2.0,0,3,3,3550,2625,36,1,0
190000.0,3.0,2.25,1590,11745,1.0,0,0,3,1090,2403,47,1,0
715000.0,4.0,1.75,3420,7200,1.0,0,3,5,1770,173,78,1,0
659000.0,4.0,2.5,3190,11375,1.0,0,0,5,2210,98,79,1,0
490000.0,3.0,1.75,1920,5405,1.0,0,2,4,960,3420,78,1,1
415000.0,2.0,1.75,1340,4664,1.0,0,0,3,1340,689,21,0,1
750000.0,3.0,1.75,1700,8400,1.0,0,0,3,1460,2932,78,1,1
700000.0,4.0,2.5,2310,3570,1.5,0,0,3,1490,4184,98,1,1
425000.0,3.0,1.75,1510,44000,1.0,0,0,3,1240,574,36,1,0
642000.0,3.0,2.5,2670,10082,1.0,0,0,3,2670,2472,38,0,1
655000.0,4.0,2.25,2060,8470,1.0,0,0,3,1440,3386,42,1,1
1365000.0,3.0,2.5,2090,6000,1.5,0,0,4,2090,3023,97,0,0
458000.0,5.0,2.5,3090,23265,1.0,0,0,3,2990,4463,68,1,1
330000.0,2.0,2.5,1240,1546,2.0,0,0,3,1240,3243,18,0,0
384950.0,3.0,2.5,1860,3690,2.0,0,0,3,1860,4029,25,0,0
560000.0,3.0,1.5,2000,7350,1.0,0,0,3,2000,148,72,0,0
950000.0,4.0,1.75,2500,92347,1.0,0,0,4,1500,4039,55,1,0
465000.0,4.0,2.25,1820,20349,1.0,0,0,5,1340,1103,48,1,0
425000.0,3.0,2.25,1820,8058,1.0,0,0,3,1260,777,51,1,0
315000.0,3.0,2.0,1060,5750,1.0,0,0,3,1060,3581,44,0,1
530000.0,3.0,2.5,1950,9906,2.0,0,0,3,1950,2012,37,0,1
399000.0,2.0,1.0,940,4800,1.0,0,0,4,940,2695,114,0,1
168000.0,2.0,1.5,1220,3568,1.5,0,0,4,1220,2135,49,0,1
1886700.0,5.0,3.5,4180,17935,2.0,0,0,3,4180,2204,21,0,1
374000.0,3.0,1.0,1200,9800,1.0,0,0,4,1200,1080,54,0,0
740000.0,5.0,3.75,3990,18897,2.0,0,0,3,3090,1318,88,1,1
280000.0,2.0,1.0,1880,7560,1.0,0,0,3,940,4271,106,1,1
322000.0,4.0,2.5,2280,7200,2.0,0,0,3,2280,13,31,0,0
459900.0,3.0,1.75,2580,11000,1.0,0,0,4,1290,3315,74,1,1
750000.0,4.0,2.75,2600,4674,1.0,0,0,3,1560,3851,49,1,0
1256500.0,4.0,2.5,3150,13700,2.0,0,0,4,3150,4261,59,0,0
3710000.0,4.0,3.5,5550,28078,2.0,0,2,4,3350,2719,25,1,0
427000.0,5.0,2.75,2220,4000,1.0,0,0,3,1230,2640,52,1,1
800000.0,2.0,2.25,1730,31491,2.0,1,2,4,1730,29,78,0,1
735000.0,4.0,3.0,2840,4120,1.5,0,0,4,2060,3031,94,1,0
642000.0,4.0,2.5,2560,8780,2.0,0,0,3,2560,3066,33,0,0
240000.0,3.0,2.0,1330,6000,1.0,0,0,4,630,3536,125,1,1
645500.0,2.0,1.0,1890,5202,1.5,0,0,4,1890,3827,116,0,1
840000.0,7.0,4.5,4290,37607,1.5,0,0,5,4290,733,43,0,0
475000.0,2.0,2.0,1540,54450,2.0,0,0,3,1540,2782,42,0,1
568000.0,4.0,2.0,2340,50233,1.0,0,0,4,1170,1868,59,1,0
325000.0,3.0,1.75,2180,10230,1.0,0,0,4,1090,4465,64,1,1
825500.0,3.0,2.5,2780,11964,2.0,0,0,3,2780,535,16,0,0
499431.0,4.0,2.75,2620,6019,2.0,0,0,3,2620,241,12,0,1
919204.0,4.0,3.5,3760,5000,2.0,0,0,3,2860,2455,11,1,0
545000.0,4.0,2.5,2720,4738,2.0,0,0,3,2720,2894,13,0,1
660000.0,3.0,2.25,2675,40910,2.0,0,0,3,2675,1797,41,0,0
538888.0,5.0,2.75,2080,13189,2.0,0,0,3,2080,1956,38,0,1
693000.0,3.0,2.5,2460,12028,2.0,0,0,3,2460,4525,29,0,0
289950.0,3.0,2.5,1960,3480,2.0,0,0,3,1960,2463,21,0,1
587000.0,4.0,2.5,2550,6256,2.0,0,0,3,2550,640,33,0,0
615000.0,3.0,2.25,1760,1146,3.0,0,0,3,1760,3678,11,0,0
459000.0,3.0,1.75,1620,7330,1.0,0,0,4,1090,4455,51,1,0
243000.0,3.0,1.75,1790,12000,1.0,0,0,3,1040,1962,65,1,1
1505000.0,4.0,3.5,3480,7232,2.0,0,0,3,2580,1551,99,1,1
660000.0,4.0,1.75,2780,9900,2.0,0,0,4,2780,1755,47,0,1
1595000.0,5.0,3.0,3640,8239,2.0,0,3,3,2540,1329,43,1,0
250000.0,1.0,1.0,750,4000,1.0,0,0,3,750,3247,107,0,0
315000.0,3.0,1.0,960,6634,1.0,0,0,3,960,1322,73,0,1
404000.0,3.0,1.5,2030,8880,1.0,0,0,3,1330,3430,62,1,1
559900.0,3.0,2.75,2930,5569,1.0,0,0,3,1860,1538,21,1,1
285000.0,2.0,2.5,1380,1073,2.0,0,0,3,1140,2433,14,1,0
500000.0,3.0,2.0,1720,5525,1.0,0,2,5,960,3419,84,1,0
380000.0,2.0,1.0,1210,4800,1.0,0,0,3,1060,3327,75,1,1
469000.0,3.0,1.0,950,4250,1.5,0,0,5,950,1559,77,0,1
405000.0,2.0,1.75,1710,4234,2.0,0,0,3,1330,3150,105,1,1
439900.0,2.0,2.0,1410,12282,1.5,0,0,5,1410,2638,116,0,1
525000.0,4.0,2.5,2910,7631,2.0,0,2,3,2910,2223,19,0,0
580000.0,4.0,2.5,2220,7064,2.0,0,0,3,2220,3111,37,0,1
1250000.0,5.0,3.25,3160,13238,2.0,0,0,5,3160,3954,53,0,0
275000.0,3.0,2.0,1380,4500,1.0,0,0,3,1380,2062,17,0,0
629000.0,3.0,2.0,1760,5000,1.0,0,0,5,960,2116,105,1,0
395000.0,1.0,1.0,730,3000,1.0,0,0,3,730,3729,114,0,1
965000.0,4.0,2.5,2460,5000,2.0,0,0,5,1620,82,87,1,0
820000.0,3.0,1.75,2160,6272,1.0,0,0,4,1390,1655,65,1,1
661000.0,4.0,2.25,1990,4600,1.5,0,2,4,1420,3275,93,1,1
789000.0,3.0,3.0,3740,39640,2.0,0,2,3,3740,4499,34,0,0
668500.0,4.0,2.5,2710,5500,2.0,0,0,3,2710,3818,26,0,0
350000.0,3.0,2.5,2680,7836,2.0,0,0,3,2680,2655,35,0,1
250000.0,4.0,2.0,1850,7560,1.0,0,0,4,1540,3307,47,1,1
725995.0,4.0,2.5,3190,7869,2.0,0,2,3,3190,4057,24,0,0
1000000.0,3.0,2.5,2730,5832,2.0,0,0,3,2730,721,27,0,1
686000.0,3.0,1.5,1840,9990,2.0,0,0,5,1840,369,64,0,0
665000.0,4.0,2.5,2720,10000,2.0,0,0,3,2720,1776,38,0,1
1965221.0,4.0,3.5,4370,8510,2.0,0,1,3,3610,2200,22,1,0
653000.0,3.0,2.5,2290,3475,2.0,0,0,3,2290,1851,19,0,0
430000.0,2.0,1.0,990,4802,1.0,0,0,3,990,4137,78,0,1
305000.0,2.0,1.5,1140,2980,2.0,0,0,3,1140,3160,37,0,1
809000.0,4.0,1.5,1840,4337,2.0,0,0,4,1840,460,108,0,0
440150.0,2.0,1.0,1110,6800,1.0,0,0,5,1000,472,78,1,0
615000.0,4.0,2.5,2150,9070,2.0,0,0,4,2150,837,40,0,0
1035000.0,3.0,2.5,2230,5750,2.0,0,0,3,2230,1474,22,0,0
455000.0,2.0,1.0,1170,6000,1.0,0,0,4,970,4451,84,1,1
635000.0,3.0,2.5,1960,7200,1.0,0,0,4,980,3149,85,1,1
675000.0,3.0,2.25,2610,9002,2.0,0,0,3,2610,34,37,0,1
316000.0,3.0,2.25,2130,8721,1.0,0,0,3,1570,1705,38,1,1
955000.0,3.0,2.25,3020,43560,2.0,0,0,3,2720,564,56,1,1
985000.0,3.0,1.75,1670,5400,2.0,0,0,5,1670,1427,113,0,0
465500.0,3.0,1.75,1890,7004,1.0,0,0,3,1290,3464,60,1,1
305000.0,3.0,1.0,950,13475,1.0,0,0,3,950,1695,75,0,1
645000.0,4.0,2.5,2430,14400,1.0,0,0,5,1670,1002,62,1,0
730000.0,4.0,2.0,2360,6000,1.0,0,0,5,1260,2939,86,1,0
366000.0,3.0,1.75,1510,8301,1.0,0,0,3,1510,4305,58,0,1
290000.0,3.0,2.5,2080,4828,2.0,0,0,3,2080,2217,23,0,0
472500.0,3.0,2.0,1750,15500,1.0,0,0,3,1490,1735,43,1,0
550000.0,3.0,2.0,1810,4064,1.5,0,0,3,1810,4083,100,0,1
410000.0,4.0,1.75,1790,11875,1.0,0,0,4,1490,3607,56,1,0
440000.0,4.0,2.75,2340,11034,1.0,0,0,3,1720,1600,58,1,1
535000.0,3.0,2.5,1690,9626,2.0,0,0,3,1690,3299,41,0,0
300000.0,4.0,2.5,2070,7476,2.0,0,0,3,2070,299,22,0,0
432500.0,3.0,2.5,2240,6396,2.0,0,0,3,2240,3948,23,0,0
870000.0,4.0,3.0,4500,21780,2.0,0,2,3,3040,3445,45,1,0
492000.0,3.0,1.75,2770,39927,1.0,0,0,4,1580,990,47,1,1
199950.0,3.0,1.0,1010,7245,1.0,0,0,3,1010,2544,56,0,1
439800.0,3.0,1.5,1120,6900,1.0,0,0,5,1120,1068,69,0,0
320000.0,5.0,2.5,3020,21441,1.0,0,0,4,1510,2512,47,1,1
687000.0,4.0,3.25,4400,186846,2.0,0,0,4,4400,2492,32,0,0
345000.0,3.0,1.75,1990,5650,1.0,0,1,3,1320,80,62,1,1
274950.0,3.0,1.0,1450,8820,1.0,0,0,3,1050,3620,67,1,1
270000.0,4.0,2.5,1920,8497,2.0,0,0,3,1920,3539,27,0,1
342000.0,2.0,2.5,1175,1366,2.0,0,0,3,740,4380,20,1,0
327000.0,3.0,1.5,1320,13200,1.0,0,0,3,1320,308,55,0,1
610000.0,5.0,2.5,3990,3839,1.0,0,0,4,1990,3222,63,1,0
455000.0,2.0,1.0,1140,5720,1.0,0,0,3,850,2365,78,1,1
540000.0,4.0,1.75,1720,4240,1.5,0,0,4,1460,2380,100,1,1
411000.0,4.0,2.75,2150,9915,1.0,0,0,5,1240,3943,49,1,0
544000.0,3.0,1.5,1790,8203,1.5,0,1,3,1790,4520,115,0,1
802000.0,2.0,2.5,2210,6327,1.0,0,0,3,2210,1987,22,0,0
568500.0,3.0,2.75,2180,7519,1.0,0,0,4,1310,158,44,1,0
391000.0,3.0,2.25,1410,1290,2.0,0,0,3,1290,1801,21,1,1
298000.0,3.0,2.5,1950,3600,2.0,0,0,3,1950,2063,15,0,0
400000.0,3.0,2.5,1495,936,3.0,0,0,3,1405,242,19,1,0
425000.0,3.0,2.25,1660,6000,1.0,0,0,3,1110,4436,46,1,1
328500.0,3.0,2.5,1950,8130,2.0,0,0,4,1950,2050,35,0,0
650000.0,5.0,2.75,2550,5040,1.5,0,0,5,2550,838,123,0,0
850000.0,3.0,1.75,1370,3850,1.0,0,0,5,770,1678,114,1,1
930000.0,4.0,2.5,2200,4000,2.0,0,0,5,1430,2085,117,1,0
530000.0,3.0,1.75,1250,6041,1.5,0,0,5,1250,1869,83,0,0
495000.0,4.0,2.25,2220,8872,1.0,0,0,4,1110,3659,64,1,1
500000.0,3.0,1.75,1620,4200,1.0,0,0,5,830,3725,80,1,0
325000.0,3.0,1.75,2250,26337,1.0,0,0,3,2250,2803,45,0,0
365000.0,3.0,2.5,1720,99916,2.0,0,0,4,1720,2514,35,0,0
471000.0,4.0,2.5,3030,9687,2.0,0,0,3,2020,352,27,1,1
223000.0,3.0,1.0,1030,9120,1.0,0,0,3,1030,2343,64,0,1
503000.0,3.0,2.5,2190,4882,2.0,0,0,3,2190,1511,26,0,0
230000.0,3.0,2.0,1440,5600,1.0,0,0,4,720,2181,83,1,1
550000.0,4.0,2.5,2170,9600,1.0,0,0,3,1460,4249,45,1,0
1100000.0,4.0,3.75,2930,3200,1.5,0,0,5,2130,323,100,1,0
193000.0,3.0,1.5,1180,9048,1.0,0,0,3,1180,3333,65,0,1
590000.0,4.0,4.25,2360,57514,2.0,0,0,4,2360,2487,86,0,1
712500.0,3.0,1.5,1660,8797,1.0,0,0,4,1660,116,69,0,0
689800.0,3.0,2.75,2390,9313,1.0,0,0,5,1390,563,83,1,0
430000.0,3.0,2.0,1360,5120,1.5,0,0,4,910,3418,101,1,0
785200.0,3.0,2.25,1840,3500,1.5,0,0,5,1540,2637,115,1,0
474900.0,3.0,2.25,1800,43647,1.0,0,0,4,1800,1711,49,0,1
1070000.0,4.0,3.75,4130,12320,2.0,0,0,3,4130,849,24,0,0
435000.0,3.0,1.75,2220,132858,1.0,0,0,3,1110,633,37,1,1
941500.0,5.0,3.5,3490,9680,2.0,0,4,3,2460,1674,45,1,0
312000.0,4.0,2.5,1830,5175,2.0,0,0,3,1830,2388,22,0,0
835000.0,4.0,2.75,1550,4000,1.5,0,0,3,1550,3234,95,0,1
713250.0,3.0,2.0,2050,9000,1.0,0,0,4,2050,2084,74,0,1
440000.0,2.0,1.0,1230,6600,1.0,0,0,3,1130,3060,119,1,1
580135.0,4.0,2.5,3150,5886,2.0,0,0,3,3150,731,11,0,0
575000.0,3.0,2.25,3800,33825,1.0,0,0,4,3330,2138,49,1,1
613000.0,3.0,2.5,1350,3068,2.0,0,0,3,1350,4167,34,0,0
235000.0,3.0,2.0,1530,8700,1.0,0,0,4,1530,2515,55,0,0
660000.0,3.0,2.5,2290,2798,3.0,0,0,4,2290,2058,72,0,1
280000.0,2.0,1.5,1480,15641,1.0,0,0,4,1480,305,85,0,1
268000.0,3.0,1.75,1970,10270,1.0,0,0,4,1970,2943,59,0,0
235000.0,2.0,1.0,720,4840,1.0,0,0,4,720,3559,78,0,1
390000.0,3.0,2.0,1080,7236,1.0,0,0,5,1080,4142,78,0,0
654950.0,4.0,2.5,2790,45902,2.0,0,0,3,2790,1579,38,0,1
449500.0,5.0,2.75,2040,7488,1.0,0,0,4,1200,566,56,1,0
150000.0,3.0,1.0,1320,8220,1.0,0,0,3,1320,1550,66,0,1
440000.0,3.0,2.25,1680,57063,2.0,0,0,4,1680,3223,36,0,0
710000.0,3.0,2.0,2140,4923,1.0,0,0,4,1070,4195,97,1,0
420000.0,3.0,1.75,1660,9600,1.0,0,0,3,1380,1457,44,1,1
312000.0,3.0,2.25,1540,5338,1.0,0,0,5,770,4330,71,1,0
320000.0,3.0,2.0,1880,10758,1.0,0,0,5,940,939,73,1,1
235000.0,3.0,1.0,1250,15603,1.0,0,0,4,1250,552,66,0,0
437000.0,5.0,2.0,2120,137565,1.5,0,0,3,2120,1232,112,0,1
545000.0,3.0,1.75,1810,3000,1.5,0,0,4,1810,3238,122,0,0
640000.0,3.0,2.5,2370,11172,2.0,0,0,3,2370,415,32,0,0
432000.0,3.0,2.5,1970,4036,2.0,0,0,4,1970,2903,22,0,0
548000.0,3.0,2.5,2110,4099,2.0,0,0,3,2110,1290,24,0,0
830000.0,3.0,3.0,2080,10521,1.5,0,0,3,2080,4221,21,0,1
875000.0,4.0,2.25,3720,12384,1.0,0,2,5,1860,2516,55,1,0
409950.0,2.0,1.75,1370,5125,1.0,0,0,5,1370,4405,81,0,0
695000.0,4.0,2.5,2961,12146,2.0,0,0,3,2961,1830,27,0,1
562100.0,3.0,2.25,2090,12112,2.0,0,0,3,2090,1088,42,0,1
475000.0,3.0,2.5,2600,7210,2.0,0,0,3,2600,3467,36,0,0
425000.0,3.0,2.25,1870,9000,1.0,0,0,3,1440,143,47,1,0
600000.0,4.0,2.5,2620,9873,2.0,0,0,3,2620,2468,38,0,1
770000.0,3.0,2.5,2430,54059,2.0,0,0,3,2430,1009,38,0,1
239000.0,3.0,1.75,1340,16480,1.0,0,0,4,1340,2322,57,0,0
295000.0,2.0,1.0,1170,10621,1.0,0,0,3,1170,3473,62,0,1
560000.0,3.0,1.75,2000,10182,1.0,0,0,5,1400,3704,62,1,0
613000.0,5.0,2.5,2070,12000,1.0,0,0,4,1340,1439,58,1,0
960000.0,4.0,3.0,4590,9150,2.0,0,0,3,3490,631,44,1,1
847000.0,5.0,1.0,2550,4623,2.5,0,0,4,2550,4133,120,0,0
206000.0,3.0,1.0,1060,9600,1.0,0,0,4,1060,2875,63,0,0
253000.0,2.0,1.75,1220,5000,1.0,0,0,5,860,3471,104,1,0
430000.0,4.0,2.25,1790,7203,1.0,0,0,4,1110,1621,52,1,0
605000.0,3.0,2.0,2060,4040,1.0,0,0,4,1120,3477,78,1,1
425000.0,2.0,2.5,1140,1182,3.0,0,0,3,1140,1680,18,0,0
720000.0,4.0,2.5,2870,12648,2.0,0,0,4,2870,2082,39,0,0
375900.0,6.0,1.5,2550,33740,1.0,0,0,4,1750,2648,67,1,1
1298000.0,4.0,3.5,2790,10125,1.5,0,0,5,2790,3305,40,0,0
210000.0,3.0,1.0,1110,7962,1.0,0,0,3,1110,229,63,0,1
234000.0,2.0,1.0,940,5375,1.0,0,0,4,940,1689,73,0,0
285000.0,3.0,1.75,2880,18296,1.0,0,0,3,1580,3115,67,1,1
400000.0,3.0,1.5,1200,4800,1.0,0,0,4,1200,1031,63,0,0
718000.0,3.0,1.0,1030,4958,1.0,0,0,5,1030,3396,73,0,1
174500.0,2.0,2.5,1240,2689,2.0,0,0,3,1240,4198,39,0,0
222400.0,3.0,2.0,1200,9566,1.0,0,0,3,1200,513,30,0,0
402500.0,3.0,3.25,2780,4002,2.0,0,0,3,2780,948,16,0,0
250000.0,3.0,2.25,1765,7652,2.0,0,0,3,1765,2778,29,0,0
600000.0,4.0,2.5,1960,14242,1.0,0,1,4,1290,431,67,1,1
930000.0,2.0,2.5,2680,11214,1.0,0,0,3,2680,2064,19,0,0
272500.0,3.0,2.0,1410,7622,1.0,0,0,4,1410,925,42,0,0
363990.0,4.0,2.5,2240,3712,2.0,0,0,3,2240,2391,11,0,0
575000.0,4.0,2.75,3120,7644,2.0,0,0,3,3120,4437,15,0,0
400000.0,3.0,2.25,1450,4706,2.0,0,0,3,1450,4111,16,0,0
427874.0,3.0,3.0,2340,5002,2.0,0,0,3,2340,4320,12,0,1
309000.0,5.0,2.75,2481,4045,2.0,0,0,3,2481,3001,11,0,0
320000.0,3.0,3.25,1530,1602,2.0,0,0,3,1140,3513,12,1,1
390000.0,3.0,2.25,1250,7500,1.0,0,0,5,1250,43,83,0,0
299000.0,1.0,0.75,560,12120,1.0,0,0,3,560,4207,58,0,1
375000.0,4.0,1.75,2200,7475,1.0,0,0,5,1100,3812,70,1,0
240500.0,3.0,1.75,1460,10584,1.0,0,0,3,990,461,28,1,0
320000.0,3.0,1.5,1650,9380,1.0,0,0,5,1130,1242,47,1,0
1270000.0,5.0,2.5,3200,17204,1.0,0,0,3,2160,4286,73,1,1
658588.0,3.0,2.25,2560,41346,2.0,0,0,3,2560,622,39,0,0
270000.0,3.0,2.25,2080,4252,1.5,0,0,3,1550,1718,22,1,0
327500.0,3.0,1.0,1070,7140,1.0,0,0,3,1070,2886,36,0,0
340000.0,3.0,1.75,2190,12626,2.0,0,0,4,2190,789,47,0,1
200000.0,3.0,1.5,2060,15837,1.5,0,0,3,2060,698,122,0,1
1025000.0,3.0,1.75,2640,8000,1.0,0,3,4,1320,2607,65,1,1
275000.0,3.0,2.5,1720,8755,1.0,0,0,3,1000,2667,42,1,1
1126000.0,5.0,3.5,3880,13885,2.0,0,3,4,2540,775,46,1,0
280000.0,2.0,1.0,960,4920,1.0,0,0,3,960,4325,83,0,1
485000.0,3.0,2.5,2340,59058,1.0,0,0,3,2340,1861,40,0,0
1901000.0,3.0,2.5,2660,13367,2.0,0,2,3,2660,3350,33,0,0
865000.0,3.0,1.75,2090,4725,2.0,0,0,3,1610,2458,78,1,1
532000.0,3.0,2.5,1820,4910,2.0,0,0,3,1820,2244,32,0,0
364950.0,4.0,2.5,2310,8030,2.0,0,0,3,2310,1120,47,0,0
212500.0,3.0,1.0,920,14400,1.0,0,0,4,920,2909,48,0,0
135000.0,1.0,1.0,790,13062,1.0,0,0,3,790,1199,83,0,1
437000.0,2.0,1.75,1500,6800,1.0,0,0,4,910,4467,83,1,1
390000.0,3.0,1.0,1240,11108,1.0,0,0,4,1240,726,73,0,0
760000.0,4.0,2.5,2730,36183,2.0,0,0,3,2730,326,39,0,0
119500.0,3.0,1.0,1170,11000,1.0,0,0,2,1170,946,45,0,0
2400000.0,5.0,3.25,3410,9088,2.0,0,3,3,2760,2624,113,1,1
837500.0,4.0,2.5,2700,9320,2.0,0,0,4,2700,667,31,0,0
327500.0,4.0,1.75,1650,7800,1.0,0,0,3,1650,1000,57,0,1
175000.0,2.0,1.0,670,2378,1.0,0,0,3,670,2579,106,0,1
289950.0,3.0,2.0,1670,7757,1.0,0,0,3,1670,8,33,0,0
400000.0,3.0,1.75,1530,10731,1.0,0,0,3,1530,1534,39,0,0
219950.0,3.0,2.25,1500,7615,1.0,0,0,3,1150,2701,41,1,0
161700.0,4.0,1.75,1720,7200,1.0,0,0,3,1220,2771,51,1,0
500000.0,5.0,3.0,2920,11440,2.0,0,0,3,2920,1452,22,0,0
465000.0,3.0,1.0,910,4500,1.0,0,0,3,910,2507,77,0,1
540000.0,3.0,1.0,1050,4160,1.0,0,0,4,1050,2184,100,0,1
525000.0,3.0,2.0,1540,7800,1.0,0,0,3,1540,100,21,0,1
324950.0,3.0,1.0,1210,7440,1.0,0,0,3,1210,1034,76,0,1
565000.0,5.0,2.5,2650,11455,1.0,0,0,3,1400,3535,64,1,1
760500.0,3.0,2.0,1990,3990,1.0,0,0,5,1130,3139,113,1,0
1100000.0,5.0,2.75,2660,8737,1.0,0,4,5,1470,3279,56,1,0
603500.0,4.0,2.5,4060,9734,1.0,0,4,3,2150,1598,48,1,1
453500.0,5.0,2.5,2300,23345,1.0,0,0,5,1170,1271,58,1,0
583000.0,6.0,2.75,2630,16411,1.0,0,0,4,1650,1979,51,1,0
275000.0,2.0,1.0,770,8149,1.0,0,0,5,770,1051,77,0,1
875000.0,4.0,2.75,3790,10669,2.0,0,0,3,3790,479,26,0,0
335000.0,4.0,2.75,2540,7210,1.0,0,0,4,1600,1113,46,1,0
646000.0,4.0,2.25,2500,8500,1.0,0,0,4,1600,3352,47,1,1
392500.0,4.0,2.5,2150,7303,2.0,0,0,3,2150,2360,20,0,0
785000.0,3.0,1.75,1670,9600,1.0,0,0,5,1670,2993,64,0,0
470000.0,3.0,2.0,1800,12669,1.0,0,0,3,1800,112,69,0,1
560000.0,3.0,2.5,2070,12708,2.0,0,0,3,2070,4174,29,0,0
519000.0,2.0,1.0,830,2820,1.0,0,0,4,830,4184,105,0,0
746000.0,3.0,2.25,2370,9619,1.0,0,0,4,1650,1432,52,1,0
317000.0,3.0,1.0,1010,5400,1.0,0,0,3,1010,2629,66,0,1
371000.0,3.0,1.5,1420,4500,1.0,0,0,3,1420,1812,66,0,1
250000.0,4.0,2.0,2120,8701,1.5,0,0,4,2120,1664,65,0,1
532000.0,4.0,1.75,2020,7029,1.0,0,0,4,1430,208,46,1,0
499950.0,3.0,2.5,1520,2208,2.0,0,0,3,1040,2213,18,1,0
375000.0,2.0,1.0,820,6250,1.0,0,0,4,820,3682,103,0,0
640000.0,3.0,2.5,1690,1553,2.5,0,0,3,1690,2318,18,0,0
400000.0,3.0,2.0,2260,11305,1.0,0,0,3,1130,2443,39,1,0
572000.0,3.0,2.25,1830,7897,1.0,0,0,4,1290,1392,39,1,0
310000.0,3.0,2.0,1350,11150,1.0,0,0,3,1110,3194,30,1,0
989000.0,5.0,3.5,3280,4000,2.0,0,0,3,2440,4205,22,1,0
685000.0,4.0,2.5,2770,45514,2.0,0,0,4,2770,1507,36,0,0
907500.0,4.0,2.5,2770,8642,2.0,0,0,4,2770,923,38,0,0
427500.0,4.0,2.5,2460,5091,2.0,0,0,3,2460,4518,22,0,0
860000.0,3.0,3.25,4720,32467,2.0,0,2,3,3190,131,27,1,1
365000.0,2.0,1.0,1250,8100,1.0,0,0,4,1250,767,78,0,1
250500.0,3.0,2.0,1710,7225,2.0,0,0,4,1710,2591,37,0,0
411715.0,3.0,1.75,1840,5101,1.0,0,0,5,1040,3425,73,1,1
415000.0,4.0,2.5,2000,5962,2.0,0,0,3,2000,3917,26,0,0
129000.0,1.0,1.0,650,15364,1.0,0,0,4,650,763,58,0,0
489000.0,3.0,1.5,1020,9072,1.0,0,0,3,920,4355,95,1,1
170000.0,2.0,1.0,1500,18540,1.0,0,0,3,1500,902,75,0,1
418500.0,3.0,2.5,2060,4399,2.0,0,0,3,2060,2840,18,0,0
261000.0,3.0,1.5,1810,29308,1.0,0,0,3,950,1736,42,1,1
2005000.0,6.0,4.5,3810,28176,1.0,0,4,5,3810,1468,56,0,0
355000.0,2.0,1.75,1650,4000,1.0,0,0,4,950,3334,78,1,1
742000.0,3.0,3.25,1540,704,3.0,0,0,3,1540,1449,14,0,0
399950.0,3.0,1.5,2080,5244,1.0,0,0,3,1190,378,66,1,1
791000.0,3.0,2.25,2430,5500,2.0,0,0,3,1810,3738,36,1,0
190000.0,5.0,2.0,1750,10284,1.0,0,0,4,1750,1568,82,0,0
229500.0,3.0,1.75,1770,33224,1.0,0,0,4,1770,235,57,0,0
539000.0,3.0,2.5,1710,2300,2.0,0,0,3,1570,4088,20,1,0
549000.0,4.0,2.25,2740,88426,2.0,0,0,3,2740,887,34,0,0
545000.0,5.0,2.5,2730,17240,1.0,0,0,5,1660,1515,67,1,0
285000.0,3.0,2.5,2437,5136,2.0,0,0,3,2437,1086,14,0,0
648000.0,4.0,2.5,3290,6203,2.0,0,0,3,3290,2915,17,0,0
610000.0,4.0,3.5,2910,5260,2.0,0,0,3,2910,4407,13,0,1
767450.0,3.0,2.0,1630,7599,1.0,0,0,3,1630,932,19,0,0
765000.0,4.0,3.0,4410,5104,2.0,0,0,3,3400,3852,19,1,0
586500.0,3.0,2.5,1780,1487,3.0,0,0,3,1600,3027,19,1,0
520000.0,3.0,3.25,1540,1487,2.0,0,0,3,1540,4308,14,0,0
455000.0,3.0,1.75,1420,1189,3.0,0,0,3,1420,3495,19,0,0
653000.0,3.0,2.5,2680,9750,1.0,0,0,4,1610,4190,46,1,0
279950.0,3.0,2.0,1750,9750,1.0,0,0,3,1350,2308,64,1,1
449950.0,3.0,2.5,2170,4912,2.0,0,0,3,2170,4022,22,0,0
565000.0,3.0,2.75,2390,9966,1.0,0,0,5,1360,3811,48,1,0
620000.0,4.0,2.25,2400,5350,1.5,0,0,4,1460,3783,96,1,0
269000.0,3.0,1.0,1690,4250,1.0,0,0,3,1020,424,58,1,1
875000.0,3.0,3.5,3250,6000,2.0,0,0,3,2500,3570,24,1,0
630000.0,4.0,3.75,4610,40202,1.0,0,0,4,2500,2227,45,1,0
425000.0,4.0,2.75,2440,15349,2.0,0,1,4,2440,1788,68,0,1
647500.0,3.0,1.75,1290,3870,1.0,0,0,5,1290,1342,109,0,0
450000.0,4.0,1.0,2000,4676,1.5,0,0,3,1250,3569,109,1,1
440000.0,3.0,1.0,1050,7500,1.0,0,0,3,1050,3695,125,0,1
445000.0,4.0,2.5,2340,3784,2.0,0,0,3,2340,4351,17,0,0
530000.0,4.0,2.25,2210,7665,2.0,0,0,4,2210,604,57,0,0
875000.0,5.0,2.5,2920,5568,2.0,0,0,3,2320,3998,119,1,1
685000.0,3.0,2.75,3150,219978,2.0,0,0,4,3000,3571,35,1,0
798000.0,3.0,3.5,3590,6402,2.0,0,0,3,3590,1730,26,0,0
297500.0,4.0,2.5,1910,5000,2.0,0,0,3,1910,1940,20,0,0
749950.0,4.0,2.75,3110,35235,2.0,0,0,4,3110,1459,42,0,0
495000.0,5.0,3.0,2440,4750,1.0,0,0,3,1450,3667,19,1,0
540000.0,4.0,2.25,1330,8400,1.5,0,0,3,1330,743,63,0,1
395000.0,3.0,1.75,1460,22651,1.0,0,0,4,1460,620,64,0,1
1300000.0,6.0,4.5,3902,3880,3.0,0,4,4,2782,1964,48,1,0
1075000.0,5.0,4.75,5180,17811,2.0,0,2,3,4070,3840,24,1,0
214100.0,2.0,2.5,1150,2064,2.0,0,0,3,1150,2425,21,0,1
210000.0,4.0,1.5,1920,10403,1.0,0,0,3,1370,2020,66,1,1
499500.0,3.0,2.5,2520,53143,1.5,0,0,3,2520,2627,37,0,1
546000.0,2.0,1.0,970,3400,1.0,0,0,3,970,2358,101,0,1
292000.0,5.0,2.5,2490,7666,1.0,0,0,4,1490,570,36,1,0
289000.0,3.0,2.0,1680,8424,1.0,0,0,3,1680,3901,32,0,0
240000.0,3.0,1.0,1150,4825,1.0,0,0,4,1150,3296,68,0,1
395000.0,4.0,3.0,1980,7931,1.0,0,0,4,1160,1247,42,1,0
795000.0,4.0,2.25,2070,13084,1.0,0,0,4,1700,3373,58,1,0
955000.0,4.0,4.25,5660,193593,2.0,0,0,3,4100,454,24,1,0
725000.0,4.0,2.75,2420,10962,1.0,0,0,3,1530,635,48,1,1
335000.0,4.0,2.5,2610,4781,2.0,0,0,3,2610,2990,16,0,0
492000.0,4.0,3.75,2810,10840,2.0,0,2,4,2070,817,31,1,0
250000.0,3.0,2.5,1510,10384,1.0,0,0,2,1030,1388,49,1,0
700000.0,3.0,1.75,1910,4800,1.0,0,0,3,1080,4014,66,1,1
545000.0,3.0,1.75,1700,51649,1.5,0,0,5,1700,930,94,0,0
555000.0,4.0,2.75,2020,10720,1.0,0,0,4,1420,2560,49,1,1
640000.0,3.0,1.75,2340,4206,1.0,0,0,5,1170,2524,108,1,0
390000.0,3.0,2.0,1463,868,3.0,0,0,3,1463,4019,22,0,0
466500.0,3.0,1.0,1430,3840,1.0,0,0,3,950,4025,80,1,1
372500.0,3.0,1.5,1180,12324,1.0,0,0,3,800,2197,44,1,1
1800000.0,5.0,4.5,4400,15580,2.0,0,0,3,3390,810,22,1,0
255000.0,3.0,2.5,1610,6176,2.0,0,0,3,1610,2298,31,0,0
466800.0,3.0,2.5,1480,14250,2.0,0,0,3,1480,3649,29,0,0
749000.0,3.0,2.5,2670,10338,2.0,0,0,3,2670,923,38,0,1
610000.0,4.0,1.75,1830,29110,2.0,0,0,3,1230,3719,35,1,1
356000.0,2.0,1.0,920,4095,1.0,0,0,4,920,3668,111,0,1
165000.0,3.0,1.0,1150,19200,1.0,0,0,4,1150,2934,117,0,0
229000.0,2.0,1.0,1190,7408,1.0,0,0,3,830,120,84,1,1
530000.0,4.0,3.25,4160,35654,2.0,0,0,3,2760,2150,52,1,1
499950.0,3.0,2.5,2370,12753,2.0,0,0,3,2370,2320,24,0,0
619000.0,4.0,1.75,1660,3800,1.5,0,0,3,1660,4136,99,0,1
547000.0,3.0,2.5,1480,8381,1.0,0,0,4,1480,182,57,0,0
359800.0,4.0,2.5,2390,6426,2.0,0,0,3,2390,3613,26,0,0
499000.0,3.0,3.5,1690,1432,2.0,0,0,3,1360,2843,17,1,0
189000.0,3.0,1.0,1010,7560,1.0,0,0,3,1010,1285,67,0,1
799000.0,4.0,3.5,3500,8547,2.0,0,0,3,2500,1141,31,1,0
257000.0,4.0,2.75,2330,7642,1.0,0,0,3,1800,2466,35,1,1
270000.0,3.0,1.5,1890,9450,1.0,0,0,3,1090,713,68,1,1
453500.0,4.0,1.75,2000,6032,1.0,0,2,3,1300,3258,66,1,1
237000.0,3.0,1.0,1130,10650,1.0,0,0,3,1130,1486,71,0,1
456000.0,4.0,1.75,1670,9886,1.0,0,0,5,1670,672,78,0,0
355500.0,3.0,2.5,2600,5540,2.0,0,0,3,2600,2489,21,0,1
299950.0,4.0,1.75,1560,31299,1.0,0,0,4,1560,679,60,0,0
335000.0,3.0,2.0,1170,5360,1.0,0,0,3,1170,4439,106,0,1
268500.0,4.0,2.5,2100,4237,2.0,0,0,3,2100,550,19,0,0
385000.0,3.0,2.25,1710,11500,1.0,0,0,3,1210,1578,47,1,0
376000.0,4.0,2.75,2420,5773,2.0,0,0,3,2420,2172,20,0,0
605004.0,4.0,2.0,1370,4000,2.0,0,0,3,1370,2460,74,0,1
886000.0,4.0,2.0,2660,3900,1.5,0,0,4,1480,1593,102,1,0
560000.0,4.0,2.5,2260,3713,2.0,0,0,3,2260,664,22,0,0
343000.0,4.0,2.5,2070,4500,2.0,0,0,3,2070,2446,21,0,1
1415000.0,4.0,5.25,4670,43950,2.0,0,0,3,4670,3752,36,0,0
270000.0,3.0,1.0,1500,13500,1.0,0,0,4,1500,1677,57,0,0
411605.0,4.0,2.5,2658,3960,2.0,0,0,3,2658,2381,11,0,0
550000.0,4.0,2.5,2700,5150,2.0,0,0,3,2700,3542,18,0,0
465000.0,3.0,2.25,1530,1245,2.0,0,0,3,1050,2372,11,1,0
584000.0,3.0,2.5,1480,1485,2.0,0,0,3,1280,1699,18,1,0
275000.0,3.0,3.0,1390,1080,2.0,0,0,3,1140,3094,19,1,0
324500.0,3.0,2.5,1660,3990,2.0,0,0,3,1660,4160,16,0,0
700000.0,3.0,2.5,2050,4185,2.0,0,0,3,2050,4282,14,0,0
385200.0,4.0,1.0,1550,7740,1.5,0,0,3,1550,4329,71,0,1
270000.0,4.0,2.25,1900,8600,1.0,0,0,4,1900,2746,50,0,0
735000.0,4.0,2.5,2820,6180,2.0,0,0,3,2050,3063,12,1,1
389250.0,2.0,1.5,1490,4080,1.0,0,0,3,930,2986,69,1,1
315000.0,3.0,1.5,1750,12500,1.0,0,0,3,1150,2768,71,1,1
545000.0,4.0,2.5,2040,6034,2.0,0,0,3,2040,4353,35,0,1
550000.0,3.0,1.5,1900,5000,1.5,0,0,3,1640,3843,99,1,1
415000.0,3.0,1.75,1910,12596,1.0,0,0,3,1340,1064,48,1,1
387500.0,3.0,1.0,1560,14333,1.0,0,0,4,1560,1539,72,0,1
432000.0,3.0,1.75,1470,6250,1.0,0,3,4,1070,2974,86,1,1
402000.0,3.0,2.5,2700,9994,1.0,0,3,4,1350,1929,66,1,0
1035000.0,4.0,3.25,3450,11240,2.0,0,3,4,2430,4516,65,1,1
294700.0,3.0,2.0,1970,9600,1.0,0,0,4,1300,2272,58,1,0
744000.0,3.0,2.5,2670,12187,2.0,0,0,3,2670,3866,39,0,0
715000.0,3.0,2.5,2550,13458,2.0,0,0,3,2550,3440,35,0,1
500000.0,4.0,1.0,1720,4011,1.5,0,0,4,1720,2559,121,0,0
1300000.0,4.0,4.0,4270,6002,2.0,0,3,3,3180,1212,21,1,1
1150000.0,3.0,1.5,2170,16600,1.0,1,2,3,1130,1903,46,1,1
650000.0,4.0,2.5,2840,9354,2.0,0,0,3,2840,1575,35,0,1
435000.0,4.0,2.75,3270,50994,2.0,0,0,4,2720,1546,42,1,0
510000.0,3.0,1.75,1480,7040,1.0,0,0,3,1480,4007,51,0,0
525000.0,5.0,2.75,2440,8000,1.0,0,0,4,1240,602,53,1,0
920000.0,4.0,2.75,2880,5750,1.5,0,0,5,1710,1326,97,1,1
200000.0,2.0,1.0,1730,9610,1.0,0,0,3,1380,2828,63,1,1
435000.0,2.0,1.0,1260,4080,1.5,0,0,5,1260,4115,99,0,0
809950.0,4.0,2.0,2230,9900,1.5,0,0,5,2230,549,66,0,0
1370000.0,2.0,2.25,2460,16940,1.5,0,4,4,1930,3854,89,1,0
455000.0,4.0,1.75,2050,94525,1.0,0,0,4,1250,1283,66,1,0
471000.0,3.0,2.5,2030,2805,2.0,0,0,3,1720,1947,24,1,0
253500.0,2.0,1.0,810,4800,1.0,0,0,3,810,4307,77,0,1
185000.0,3.0,1.0,1840,8100,1.0,0,0,4,920,1209,72,1,1
535500.0,3.0,1.5,1730,40250,2.0,0,0,4,1730,1244,42,0,0
835000.0,2.0,2.0,2280,6815,1.0,0,0,3,2280,530,23,0,0
589500.0,4.0,2.5,2630,6326,2.0,0,0,3,2630,2874,17,0,0
680000.0,3.0,2.25,2270,23900,1.0,0,0,3,1820,78,50,1,0
360000.0,3.0,1.75,1020,7020,1.5,0,0,4,1020,502,72,0,1
595000.0,4.0,2.5,1990,2175,2.0,0,0,3,1680,221,20,1,0
300000.0,4.0,2.5,2680,15508,2.0,0,0,3,2680,3356,26,0,0
660000.0,3.0,1.75,1980,3300,1.5,0,0,4,1140,3688,99,1,1
570000.0,3.0,2.5,2400,6975,2.0,0,0,3,2400,417,32,0,0
285000.0,2.0,1.0,780,5000,1.0,0,0,4,780,77,82,0,0
435000.0,3.0,2.0,980,5000,1.0,0,0,3,980,4199,85,0,1
160000.0,3.0,1.0,1210,103237,1.0,0,0,2,1210,1724,107,0,1
805000.0,5.0,2.5,4600,19831,1.0,0,3,3,2300,1413,69,1,1
450000.0,3.0,2.5,1480,1961,2.0,0,0,3,1480,2004,20,0,0
510000.0,4.0,1.5,1320,14250,1.0,0,0,4,1320,283,71,0,1
1120000.0,5.0,2.75,4400,18500,1.0,0,3,5,2250,1070,62,1,0
1280000.0,4.0,3.5,3010,3600,2.0,0,0,3,2370,1171,26,1,0
539000.0,3.0,2.0,2260,9568,1.0,0,0,3,1780,1783,40,1,0
407193.0,4.0,2.0,1880,14653,2.0,0,0,3,1880,2650,47,0,0
320000.0,3.0,1.75,1370,9900,1.0,0,0,4,1370,4498,42,0,0
739000.0,4.0,3.0,2720,3800,2.0,0,0,5,1800,3753,106,1,1
452000.0,2.0,1.75,1740,5400,1.0,0,0,4,990,4429,79,1,1
600000.0,4.0,2.5,2560,5593,2.0,0,0,3,2560,1935,24,0,0
279000.0,5.0,2.5,2690,5557,2.0,0,0,3,2690,3768,13,0,1
895000.0,4.0,3.0,3240,5562,2.0,0,0,3,3240,1490,12,0,1
585000.0,4.0,2.5,2430,4747,2.0,0,0,3,2430,2912,17,0,0
405000.0,2.0,2.0,1405,1073,2.0,0,0,3,1140,251,18,1,0
837219.0,5.0,2.75,3030,7679,2.0,0,0,3,3030,1495,11,0,0
969990.0,4.0,2.5,4150,8436,2.0,0,0,3,4150,2799,11,0,0
490000.0,3.0,3.0,1730,2940,3.0,0,0,3,1730,2306,40,0,0
611000.0,6.0,2.5,3820,53173,1.0,0,0,4,2040,4169,51,1,0
462000.0,4.0,2.5,3070,6432,2.0,0,0,3,3070,2869,19,0,0
540000.0,4.0,2.5,1780,4169,2.0,0,0,3,1780,2173,31,0,0
260000.0,4.0,2.5,1811,4381,2.0,0,0,3,1811,1226,18,0,0
510000.0,4.0,2.25,2450,62290,2.0,0,0,3,2450,1435,49,0,0
567500.0,3.0,2.5,2300,7398,2.0,0,0,3,2300,3896,24,0,0
445000.0,2.0,1.0,1440,3225,1.0,0,0,3,960,1148,110,1,0
684680.0,4.0,2.25,2370,9360,2.0,0,0,4,2370,1190,46,0,0
2700000.0,4.0,3.25,4420,7850,2.0,1,4,3,3150,1402,24,1,0
455000.0,3.0,1.0,1300,3550,1.5,0,0,3,1300,3612,98,0,1
540000.0,5.0,3.0,2870,4369,2.0,0,0,3,2090,260,18,1,0
530000.0,3.0,2.75,3400,7200,2.0,0,2,3,2470,2899,16,1,0
410000.0,3.0,1.0,1410,5060,1.0,0,0,4,910,170,69,1,0
450000.0,3.0,1.75,1640,13500,1.0,0,0,3,1110,412,85,1,1
609900.0,4.0,2.5,3190,7399,2.0,0,0,3,3190,2395,19,0,0
648000.0,4.0,2.5,2380,13435,2.0,0,0,3,2380,2564,33,0,0
550000.0,3.0,2.5,2260,4165,2.0,0,0,3,2260,2147,20,0,0
347000.0,3.0,1.75,1240,8050,1.0,0,0,4,1240,1891,47,0,1
1635000.0,5.0,3.5,4220,26784,1.0,0,0,3,2110,3070,67,1,1
1339000.0,4.0,2.5,4250,19387,2.0,0,2,4,3260,4438,53,1,0
288350.0,3.0,1.5,1860,7963,1.0,0,0,3,1200,3504,62,1,1
1150000.0,3.0,2.5,2850,10474,1.0,0,0,4,1730,4490,71,1,1
525000.0,3.0,3.0,2470,36445,2.0,0,0,4,2470,2238,45,0,0
250250.0,3.0,2.25,2210,8000,2.0,0,0,4,2210,2949,56,0,0
341000.0,4.0,1.75,1920,7665,1.0,0,0,4,1500,1130,50,1,0
700000.0,4.0,3.0,3150,7778,2.0,0,0,3,3150,2057,25,0,0
390000.0,4.0,1.75,2700,7875,1.5,0,0,4,2700,1218,57,0,0
539950.0,3.0,2.25,2190,7149,1.0,0,1,4,1240,2913,62,1,0
552000.0,2.0,2.5,1380,951,3.0,0,0,3,1380,3449,19,0,0
250000.0,5.0,1.5,2520,5753,1.5,0,0,4,1510,1800,97,1,0
502000.0,3.0,1.75,1300,8800,1.0,0,0,4,1300,1257,62,0,0
480000.0,4.0,1.75,2220,6500,2.0,0,3,4,2220,1269,61,0,0
378500.0,2.0,1.0,730,7528,1.0,0,0,3,730,1719,79,0,0
1350000.0,4.0,3.25,3300,15907,2.0,0,0,5,3300,4377,40,0,0
1900000.0,4.0,3.25,4130,112521,2.0,0,0,3,4130,657,47,0,0
605000.0,3.0,2.5,2670,47480,2.0,0,3,3,2670,1266,44,0,1
307550.0,4.0,2.5,1980,5909,2.0,0,0,3,1980,361,22,0,0
304700.0,2.0,1.0,740,5995,1.0,0,0,4,740,765,76,0,1
568000.0,3.0,1.75,2050,3520,1.0,0,0,4,1070,3561,48,1,0
385000.0,3.0,1.75,1230,7500,1.0,0,0,3,1230,899,38,0,1
345000.0,3.0,2.5,1210,1420,3.0,0,0,3,1210,3913,17,0,0
435000.0,3.0,2.25,1890,7200,1.0,0,0,4,1230,69,52,1,0
579000.0,2.0,2.0,1870,6275,1.0,0,0,3,1870,553,22,0,0
236000.0,3.0,1.75,1330,6301,1.0,0,0,3,1330,2999,27,0,1
305100.0,3.0,2.0,1590,35988,1.0,0,0,4,1590,1481,51,0,0
368000.0,3.0,1.75,1710,10800,1.0,0,0,4,1710,1041,67,0,1
255000.0,2.0,1.0,1200,9000,1.0,0,2,5,1200,1867,108,0,0
400000.0,2.0,1.0,1140,5100,1.0,0,0,3,1140,3055,83,0,1
440000.0,3.0,1.75,2240,8153,1.0,0,0,3,1120,770,77,1,1
417000.0,2.0,1.0,920,6600,1.0,0,0,3,920,3751,106,0,1
435000.0,2.0,1.0,800,5000,1.0,0,0,3,800,252,119,0,1
475000.0,4.0,2.75,1980,11443,1.0,0,0,5,1980,1620,73,0,1
563500.0,4.0,2.5,2800,12831,2.0,0,0,3,2800,1056,24,0,0
285000.0,3.0,2.25,1680,35127,2.0,0,0,3,1680,1737,38,0,1
471000.0,4.0,2.5,2330,9928,2.0,0,0,3,2330,2398,27,0,1
500000.0,4.0,1.75,2240,9886,1.5,0,0,4,2240,1248,60,0,0
640000.0,3.0,2.5,2140,8925,2.0,0,0,3,2140,2003,34,0,0
442500.0,4.0,2.5,2170,14024,2.0,0,0,3,2170,2401,33,0,0
213400.0,3.0,1.5,1150,8686,1.0,0,0,4,1150,213,62,0,0
831000.0,4.0,2.5,2030,3905,1.5,0,0,4,1630,3046,99,1,1
325000.0,3.0,2.0,1350,11805,1.0,0,0,3,1350,889,39,0,0
425000.0,2.0,1.0,910,4635,1.0,0,0,4,910,3748,120,0,0
550000.0,4.0,2.5,2700,5100,1.0,0,0,4,1440,3061,57,1,0
599950.0,4.0,3.5,3730,15029,2.0,0,2,3,2440,2134,34,1,0
1225000.0,4.0,2.5,2740,16007,2.0,0,0,3,2740,2231,41,0,0
750000.0,4.0,3.25,2050,5000,2.0,0,0,4,1370,3206,38,1,0
290000.0,4.0,3.0,2390,4500,2.0,0,0,3,2390,2647,51,0,0
270000.0,4.0,2.75,1990,7252,1.0,0,0,3,1270,2451,26,1,0
229950.0,4.0,1.75,1300,21000,1.0,0,0,4,1300,2765,56,0,0
234999.0,3.0,1.0,1330,8912,1.0,0,0,3,1330,3384,77,0,1
265000.0,2.0,1.0,1000,31505,1.0,0,0,3,1000,2761,65,0,1
367300.0,4.0,2.75,2190,14937,2.0,0,0,3,2190,3415,32,0,0
550000.0,3.0,1.75,1380,3402,1.5,0,0,3,1380,4403,125,0,1
743700.0,4.0,2.5,2610,33206,2.0,0,0,3,2610,1796,37,0,1
352750.0,2.0,1.75,1060,1241,2.0,0,0,3,960,2726,17,1,0
403950.0,2.0,1.0,710,1136,2.0,0,0,4,710,2029,82,0,0
980000.0,4.0,2.5,2730,4800,1.5,0,0,5,2230,2191,116,1,1
585000.0,4.0,1.75,2470,131790,2.0,0,2,3,2470,1453,88,0,1
554000.0,3.0,1.75,1760,10780,1.0,0,0,3,1760,1462,48,0,1
546000.0,3.0,2.5,1530,3464,2.0,0,0,3,1530,982,27,0,1
280000.0,2.0,1.75,1610,158558,1.5,0,0,2,1610,4056,77,0,0
212500.0,2.0,2.0,1030,21712,1.0,0,0,4,1030,536,87,0,0
739000.0,4.0,2.5,2800,246114,2.0,0,0,3,2800,3724,26,0,0
428000.0,3.0,2.0,1310,2550,1.0,0,0,3,780,4248,39,1,0
965000.0,4.0,2.25,3160,34560,1.0,0,0,4,3160,907,44,0,0
364900.0,3.0,3.0,2500,8304,2.0,0,0,3,2500,659,28,0,0
559000.0,3.0,1.5,2070,5386,1.0,0,0,4,1140,4211,77,1,0
213000.0,4.0,1.75,1980,9000,1.0,0,0,2,1480,2764,47,1,0
620000.0,3.0,2.5,2590,7237,2.0,0,0,3,2590,296,21,0,1
240000.0,4.0,1.0,1910,16320,1.5,0,0,3,1910,4489,91,0,1
852500.0,3.0,2.5,2630,10100,1.0,0,0,4,1580,795,58,1,0
600000.0,3.0,2.5,2630,77972,2.0,0,0,3,2630,2669,21,0,1
410000.0,3.0,2.5,1960,4400,2.0,0,0,3,1960,2817,19,0,0
328000.0,3.0,1.75,1440,45302,2.0,0,0,3,1440,2677,48,0,1
625000.0,3.0,1.75,2210,16200,1.0,0,0,3,1390,1691,67,1,1
649950.0,4.0,2.5,2350,63162,2.0,0,0,4,2350,1836,31,0,0
235000.0,3.0,1.0,1590,13000,1.5,0,0,3,1590,766,81,0,0
489000.0,3.0,3.5,1500,1249,2.0,0,0,3,1240,3674,21,1,1
536000.0,3.0,2.5,1900,6224,2.0,0,0,3,1900,1296,20,0,0
400000.0,4.0,3.5,2370,3692,2.5,0,0,3,2370,2962,12,0,1
398000.0,3.0,2.5,1720,1715,2.0,0,0,3,1240,3673,21,1,1
379000.0,4.0,1.5,2020,7560,1.0,0,0,4,2020,293,65,0,1
345000.0,2.0,1.5,1340,1210,2.0,0,0,3,1120,1328,17,1,0
365000.0,3.0,2.5,1800,2700,2.0,0,0,3,1800,2436,14,0,0
315000.0,3.0,2.5,1480,1590,2.0,0,0,3,1150,1870,15,1,0
571000.0,4.0,2.0,2750,7807,1.5,0,0,5,2250,429,109,1,0
1025000.0,5.0,4.0,3760,28040,2.0,0,0,3,3760,3156,42,0,1
695000.0,3.0,2.75,2540,4694,2.0,0,0,3,2540,650,20,0,0
225000.0,3.0,1.75,1760,26055,1.0,0,0,3,920,1418,46,1,1
740000.0,3.0,2.5,3000,25341,2.0,0,0,3,3000,4041,30,0,0
315000.0,4.0,2.5,1930,9643,2.0,0,0,4,1930,443,33,0,0
1230000.0,4.0,2.5,3040,7000,2.0,0,0,3,3040,3882,24,0,0
420000.0,2.0,1.0,860,3880,1.0,0,0,4,860,4072,109,0,0
310000.0,3.0,1.75,1420,7650,1.0,0,0,4,1100,2369,41,1,0
700000.0,3.0,2.0,2080,3880,1.0,0,0,5,1160,4068,71,1,0
269000.0,3.0,2.5,1560,4200,2.0,0,0,3,1560,2031,22,0,0
369990.0,4.0,2.5,1960,7133,2.0,0,0,3,1960,1792,23,0,0
800000.0,3.0,2.25,1620,4500,2.0,0,0,4,1620,2239,99,0,1
569000.0,5.0,3.0,3670,10583,1.0,0,0,5,2060,3450,73,1,1
175000.0,6.0,1.5,1930,8400,1.0,0,0,3,1030,3163,54,1,0
440000.0,3.0,1.5,1290,1286,3.0,0,0,3,1290,3302,25,0,0
435000.0,5.0,2.25,1970,15247,1.0,0,0,3,1450,3221,39,1,0
345000.0,3.0,1.75,1540,6909,1.0,0,0,4,920,1126,70,1,1
558000.0,4.0,2.0,2180,3870,1.0,0,0,3,1020,3941,125,1,1
475000.0,2.0,1.75,1490,224334,1.0,0,2,3,1490,3466,42,0,1
490000.0,3.0,2.0,2220,10275,2.0,0,0,3,1640,975,45,1,0
335000.0,3.0,1.75,2430,9133,1.0,0,0,4,1410,3354,47,1,1
350000.0,2.0,0.75,1392,43710,1.5,0,0,4,1392,1355,47,0,1
100000.0,4.0,1.0,1120,2685,1.0,0,0,3,860,26,86,1,1
417500.0,4.0,1.0,1390,10800,1.5,0,0,4,1390,322,84,0,1
253000.0,3.0,1.75,2040,7281,1.0,0,0,3,1020,3112,63,1,1
1240000.0,5.0,3.0,2830,7500,2.0,0,0,3,2460,3078,102,1,1
490000.0,4.0,2.5,3020,8302,2.0,0,0,4,3020,2327,31,0,0
470000.0,3.0,1.75,2290,14800,1.0,0,0,3,1620,3543,60,1,1
483300.0,4.0,2.0,1210,11100,1.0,0,0,4,1210,3044,70,0,1
659000.0,3.0,2.5,2510,6320,2.0,0,0,3,2510,2321,29,0,0
480000.0,4.0,1.75,2320,4322,1.0,0,0,3,1140,2657,115,1,1
165000.0,3.0,1.0,970,6600,1.0,0,0,3,970,683,60,0,1
659500.0,3.0,1.75,1820,5500,1.0,0,0,4,1620,3136,68,1,1
219900.0,3.0,1.0,970,7742,1.0,0,0,4,970,2676,58,0,0
315000.0,2.0,1.0,1740,3622,1.0,0,0,4,950,3527,101,1,0
250000.0,3.0,1.75,1590,7560,1.0,0,0,3,1130,421,41,1,0
268000.0,2.0,1.0,1380,5000,1.0,0,0,3,870,2571,82,1,1
380000.0,4.0,1.5,1680,11123,1.0,0,0,3,1130,2028,66,1,1
499000.0,2.0,1.0,1220,3000,1.0,0,0,3,920,3761,99,1,1
285000.0,2.0,2.0,1651,18200,1.0,0,0,3,1651,1118,79,0,0
183000.0,3.0,1.75,1330,9200,1.0,0,0,4,1330,2775,52,0,0
1070000.0,3.0,3.0,2940,4622,2.0,0,0,4,2230,3413,37,1,0
429000.0,3.0,3.25,1410,1246,3.0,0,0,3,1410,4444,20,0,0
403000.0,2.0,1.0,1100,3598,1.0,0,0,4,1100,2734,99,0,1
375500.0,3.0,1.5,1530,7200,1.0,0,0,3,1530,2562,50,0,0
1795000.0,5.0,3.25,5270,17232,2.0,0,1,3,4010,3551,48,1,1
516200.0,3.0,2.0,2110,5150,1.0,0,0,5,1080,3421,106,1,1
385000.0,4.0,1.75,1720,8750,1.0,0,0,3,860,4488,54,1,0
515000.0,3.0,2.5,1800,5001,2.0,0,0,3,1800,4189,29,0,0
375000.0,4.0,2.5,2210,9427,2.0,0,0,3,2210,3389,26,0,0
650000.0,4.0,2.25,2560,9731,2.0,0,0,4,2560,3879,52,0,0
306888.0,2.0,1.5,1010,7719,2.0,0,0,3,1010,1976,44,0,1
870000.0,4.0,2.5,3340,12248,2.0,0,1,3,2470,1573,27,1,1
310000.0,4.0,1.0,1740,11075,1.5,0,0,3,1740,1773,60,0,1
251750.0,3.0,2.0,1320,7200,1.0,0,0,5,1320,555,50,0,0
366000.0,3.0,1.75,1520,8625,1.0,0,0,3,1520,1583,49,0,0
429950.0,3.0,1.5,2010,9480,1.0,0,0,3,1570,230,74,1,1
710000.0,3.0,3.5,2440,3427,2.0,0,0,3,1990,2133,25,1,0
895000.0,5.0,2.5,2550,20875,1.0,0,0,4,1610,227,72,1,1
149500.0,3.0,1.0,1010,9450,1.0,0,0,4,1010,2352,66,0,0
310000.0,3.0,2.5,1780,6771,1.0,0,0,3,1230,4303,35,1,1
555000.0,3.0,2.0,2180,4976,1.5,0,2,4,1680,2992,95,1,0
750000.0,5.0,3.25,2750,7500,2.0,0,1,3,2150,79,88,1,1
745000.0,4.0,3.25,3490,7024,2.0,0,0,3,3490,2402,19,0,0
695000.0,3.0,2.5,2550,45254,2.0,0,0,3,2550,3399,24,0,0
433000.0,3.0,1.75,1870,7189,1.0,0,0,3,1270,3845,66,1,1
307000.0,4.0,1.0,1150,8184,1.5,0,0,3,1150,1072,78,0,1
655275.0,3.0,1.75,2050,11856,1.0,0,0,3,1460,3106,63,1,1
392000.0,4.0,2.75,1940,6555,2.0,0,0,3,1940,2246,35,0,1
1180000.0,5.0,3.75,3630,6000,1.5,0,0,3,2470,4145,21,1,1
359950.0,3.0,1.75,1890,9100,2.0,0,0,4,1890,1193,73,0,0
360000.0,4.0,2.0,1630,10375,1.0,0,0,5,1630,1375,57,0,0
566000.0,4.0,1.75,2440,5000,1.0,0,0,3,1340,3959,71,1,1
700000.0,5.0,2.75,3100,9825,2.0,0,2,4,3100,3203,75,0,1
415000.0,3.0,2.5,2090,6045,2.0,0,0,3,2090,2786,25,0,0
199500.0,3.0,1.0,920,9812,1.0,0,0,4,920,2826,63,0,0
749000.0,3.0,1.0,1580,5000,1.5,0,0,3,1580,4011,99,0,1
680000.0,3.0,1.75,1760,8400,1.0,0,0,4,1460,4006,65,1,1
400000.0,4.0,2.5,2530,7563,1.0,0,0,3,1440,4486,47,1,0
608000.0,4.0,2.75,2490,9714,1.0,0,0,4,1400,129,42,1,0
589900.0,4.0,4.5,3870,35889,2.0,0,0,3,2530,2139,24,1,0
480000.0,5.0,2.5,2732,9500,1.0,0,2,4,1870,28,50,1,0
1059500.0,5.0,3.25,3230,3825,2.0,0,0,3,2480,3832,11,1,0
915000.0,6.0,3.75,2930,14980,2.0,0,3,3,2930,3776,12,0,1
695000.0,4.0,3.5,3510,9364,2.0,0,0,3,3510,2870,24,0,0
899900.0,4.0,2.5,2580,3909,2.0,0,0,3,2580,508,12,0,1
499950.0,2.0,2.25,1060,1208,2.0,0,0,3,940,1665,20,1,0
533112.0,4.0,2.75,2790,8853,2.0,0,0,3,2790,88,12,0,1
303210.0,4.0,2.5,2009,5000,2.0,0,0,3,2009,2072,11,0,0
525000.0,5.0,2.75,2880,8364,2.0,0,0,3,2880,3113,19,0,0
399950.0,2.0,1.0,710,1157,2.0,0,0,4,710,2027,82,0,0
850830.0,3.0,2.5,2070,13241,1.5,0,0,5,1270,2178,115,1,0
371500.0,3.0,2.0,1370,8336,1.0,0,0,5,1370,1984,61,0,0
522000.0,3.0,1.75,1730,8400,1.0,0,0,4,1400,4267,45,1,0
588000.0,4.0,2.0,1680,5000,1.0,0,0,3,980,4067,75,1,1
276900.0,2.0,1.0,1350,10096,1.0,0,2,4,1350,3211,73,0,0
248000.0,5.0,1.5,1510,9078,1.0,0,0,4,1510,1727,66,0,0
280000.0,3.0,2.5,1860,6607,2.0,0,0,3,1860,436,36,0,0
495000.0,6.0,5.0,3440,4500,2.0,0,0,3,3280,2698,18,1,0
665000.0,6.0,3.0,4250,4400,2.5,0,0,4,3020,3043,123,1,0
290300.0,2.0,1.0,860,3874,1.0,0,0,4,860,4363,94,0,0
527000.0,2.0,1.75,1640,4080,1.0,0,0,3,840,3388,104,1,1
487028.0,2.0,1.5,1295,1093,2.0,0,0,3,1105,2187,18,1,0
325000.0,3.0,1.75,1790,27427,1.0,0,0,3,1130,3241,47,1,0
799000.0,3.0,1.5,2210,6300,1.5,0,0,5,2210,857,109,0,0
7062500.0,5.0,4.5,10040,37325,2.0,1,2,3,7680,3286,85,1,1
354000.0,3.0,1.0,940,10368,1.0,0,0,3,940,1071,60,0,1
262500.0,3.0,1.5,1160,8906,1.0,0,0,3,1160,3958,63,0,1
560200.0,3.0,2.5,1990,3984,2.0,0,0,3,1990,2079,21,0,1
220000.0,3.0,1.0,1050,6300,1.0,0,0,3,1050,41,83,0,1
650000.0,2.0,1.0,1030,5750,1.0,0,0,5,1030,1588,97,0,1
435000.0,3.0,2.5,1420,2581,3.0,0,0,3,1420,744,21,0,1
800000.0,4.0,3.75,2690,4000,2.0,0,3,4,2120,2212,116,1,1
1010000.0,4.0,2.5,3760,29224,2.0,0,0,3,3760,1094,38,0,1
200000.0,2.0,1.0,700,4700,1.0,0,0,5,700,4005,72,0,0
295000.0,5.0,3.5,2100,5107,2.0,0,0,3,1410,19,26,1,0
580379.0,4.0,2.75,2240,27820,1.5,0,0,4,2240,1808,49,0,1
875000.0,4.0,2.5,3470,32109,2.0,0,0,3,3470,1919,30,0,0
515000.0,3.0,2.5,3370,19585,2.0,0,0,3,3200,1001,74,1,1
599000.0,4.0,2.5,2790,230868,2.0,0,0,3,2790,1530,36,0,0
285000.0,3.0,2.5,1870,4060,2.0,0,0,3,1870,693,20,0,0
290000.0,3.0,1.75,1520,15090,1.0,0,0,4,1520,2482,57,0,0
355000.0,1.0,1.75,750,20339,1.0,0,0,4,550,829,79,1,1
381000.0,3.0,1.5,1460,11407,1.0,0,0,3,1460,1145,71,0,1
571000.0,3.0,2.5,2600,7465,2.0,0,0,3,2600,1022,37,0,1
852600.0,4.0,2.5,3320,11901,2.0,0,0,5,2650,3546,48,1,0
1085000.0,5.0,2.5,2340,6000,2.0,0,0,4,2340,2630,103,0,0
371000.0,3.0,1.0,890,7200,1.0,0,0,3,890,3029,74,0,1
514000.0,3.0,1.75,1720,5899,1.0,0,1,3,1220,3110,39,1,0
386000.0,3.0,1.5,1270,1318,2.0,0,0,3,1080,2926,21,1,1
464000.0,4.0,2.5,2180,7203,2.0,0,0,4,2180,3468,36,0,0
335000.0,4.0,2.25,2030,13500,1.0,0,0,3,1230,1729,62,1,1
740000.0,4.0,2.75,2490,17833,2.0,0,2,3,1490,558,46,1,1
465000.0,4.0,1.75,1470,5350,1.0,0,0,3,980,118,70,1,1
700000.0,3.0,2.75,2500,7378,1.0,0,0,5,1390,24,77,1,1
785000.0,3.0,3.5,4500,21870,2.0,0,0,3,4500,734,21,0,1
350000.0,3.0,3.25,1460,1592,2.0,0,0,3,1130,3672,19,1,0
148000.0,1.0,1.0,620,8261,1.0,0,0,3,620,4496,86,0,1
530000.0,3.0,1.75,1550,3680,1.0,0,0,3,1050,1758,98,1,1
349000.0,3.0,2.5,1430,1002,3.0,0,0,3,1430,3920,23,0,0
240000.0,3.0,1.5,1360,9760,1.5,0,0,5,1360,3249,41,0,0
330000.0,3.0,2.5,2210,7557,2.0,0,0,3,2210,2754,36,0,0
735000.0,4.0,1.75,2460,5100,1.5,0,0,5,1450,3848,116,1,1
545000.0,3.0,2.5,2180,15693,1.0,0,0,4,1850,1411,46,1,0
214950.0,3.0,1.75,1570,4875,1.0,0,0,4,1310,2337,48,1,0
657500.0,4.0,2.75,4140,24190,2.0,0,0,3,4140,2770,23,0,0
476000.0,3.0,1.0,1140,5500,1.5,0,0,4,1140,3265,117,0,0
2888000.0,5.0,6.25,8670,64033,2.0,0,4,3,6120,619,60,1,1
110000.0,2.0,1.0,800,15000,1.0,0,0,3,800,482,98,0,1
292000.0,4.0,2.75,2414,7693,2.0,0,0,3,2414,2658,19,0,0
317000.0,3.0,1.0,1160,8813,1.0,0,0,3,1160,699,73,0,1
455000.0,4.0,2.5,3170,10688,2.0,0,2,3,3170,262,24,0,0
1365000.0,5.0,3.5,4210,17258,2.0,0,3,3,4210,3606,30,0,0
460000.0,3.0,2.0,2060,4437,1.0,0,0,3,1030,2978,96,1,0
405000.0,3.0,2.0,1640,7201,1.0,0,0,3,1640,588,77,0,1
333000.0,2.0,1.0,720,6686,1.0,0,0,3,720,4472,83,0,1
427000.0,4.0,1.0,1860,4736,1.5,0,0,1,1860,2075,124,0,0
742000.0,4.0,2.5,2810,10986,2.0,0,0,3,2810,1374,28,0,0
465000.0,4.0,2.5,2090,9702,1.0,0,0,5,1320,1156,60,1,0
809950.0,4.0,2.5,3280,6181,2.0,0,0,3,3280,1574,24,0,0
619400.0,4.0,2.0,2090,3610,1.5,0,0,5,1790,4130,98,1,0
762400.0,3.0,1.75,2430,14607,1.0,0,1,3,1230,3424,76,1,1
535000.0,5.0,2.25,2520,49222,2.0,0,0,4,2520,1739,47,0,1
881000.0,5.0,3.0,2510,4125,1.5,0,3,5,1590,3555,100,1,0
813000.0,4.0,2.75,3370,6675,1.0,0,3,4,1920,985,77,1,0
234000.0,3.0,2.0,1640,5280,1.5,0,0,5,1640,2430,115,0,0
308900.0,3.0,2.5,2250,7294,2.0,0,0,3,2250,3446,31,0,0
450000.0,4.0,2.5,2300,19250,1.0,0,0,4,2300,714,70,0,1
547500.0,3.0,3.5,1650,2262,3.0,0,0,3,1650,4052,15,0,0
399950.0,2.0,1.0,710,1131,2.0,0,0,4,710,2027,82,0,0
516000.0,4.0,3.5,2550,8698,2.0,0,0,3,2550,4295,18,0,0
250000.0,2.0,1.5,982,846,2.0,0,0,3,806,72,19,1,0
475000.0,3.0,2.25,1630,2520,2.0,0,0,3,1630,1666,20,0,0
415000.0,4.0,2.5,2550,4500,2.0,0,0,3,2550,3629,16,0,0
545000.0,2.0,1.25,1240,2150,2.0,0,0,3,1240,4134,11,0,0
329950.0,3.0,2.5,2456,7566,2.0,0,0,3,2456,2815,13,0,1
1325000.0,5.0,2.25,3200,20158,1.0,0,0,3,1600,1829,60,1,1
784000.0,3.0,3.5,3950,111078,1.5,0,0,3,2460,1643,36,1,0
610750.0,4.0,2.25,2180,7297,2.0,0,0,3,2180,1783,41,0,0
578000.0,4.0,2.5,3140,9225,1.0,0,2,5,1770,3556,59,1,0
1485000.0,4.0,3.75,4030,10800,2.0,0,0,3,4030,3718,19,0,0
501000.0,3.0,1.75,1970,7972,1.0,0,3,5,1370,4264,49,1,0
465250.0,5.0,2.0,1940,7642,1.5,0,0,3,1940,1662,68,0,1
2250000.0,5.0,4.25,4860,9453,1.5,0,1,5,3100,1344,120,1,0
1095000.0,0.0,0.0,3064,4764,3.5,0,2,3,3064,4164,35,0,1
315000.0,2.0,1.0,970,5665,1.0,0,0,4,970,3385,117,0,0
900000.0,4.0,2.25,2460,44431,1.0,0,0,4,2460,3554,68,0,1
789500.0,4.0,2.5,3010,6100,2.0,0,0,3,3010,3775,20,0,0
678500.0,3.0,2.0,2460,6600,1.0,0,2,4,1370,4354,73,1,0
342500.0,3.0,2.0,2080,11375,1.0,0,0,3,2080,2796,23,0,0
860000.0,4.0,3.25,3960,7012,2.0,0,0,3,3960,1611,20,0,0
306000.0,4.0,2.5,2490,8124,2.0,0,0,3,2490,2538,24,0,0
580000.0,5.0,2.0,2060,6000,2.0,0,0,3,2060,1770,122,0,1
405000.0,3.0,1.0,1330,15678,1.0,0,0,3,900,2566,41,1,0
510000.0,3.0,1.75,1600,19200,1.0,0,0,4,1600,695,58,0,0
173000.0,2.0,1.0,820,10450,1.0,0,0,4,820,160,60,0,0
210000.0,4.0,1.75,1200,7680,1.0,0,0,3,1200,2702,57,0,1
445000.0,3.0,1.0,1050,5664,1.0,0,0,4,910,4193,78,1,1
585000.0,3.0,2.5,1910,1501,2.5,0,0,3,1530,2305,18,1,0
381000.0,3.0,1.75,1800,6000,1.0,0,0,5,900,258,75,1,0
890000.0,3.0,2.25,2060,8640,1.0,0,0,4,2060,3407,59,0,0
235000.0,3.0,1.75,1840,9697,1.0,0,0,4,1500,423,40,1,0
480000.0,3.0,2.5,1250,1103,3.0,0,2,3,1250,3491,20,0,0
575000.0,2.0,1.0,1510,4032,1.5,0,0,3,1310,1660,90,1,1
350000.0,4.0,2.25,2300,4600,1.5,0,0,4,1340,1017,121,1,0
259000.0,4.0,1.5,1490,7560,2.0,0,0,3,1490,2256,59,0,1
599000.0,5.0,2.75,2820,4608,1.0,0,0,3,1450,2608,58,1,1
210000.0,4.0,1.5,1130,7840,1.0,0,0,4,1130,2816,55,0,0
1184000.0,4.0,2.5,3200,7500,1.5,0,1,5,1860,3967,77,1,1
545000.0,3.0,1.0,1510,5000,1.5,0,0,3,1510,3644,116,0,1
299995.0,3.0,2.5,1970,7500,2.0,0,0,3,1970,3406,37,0,1
440000.0,3.0,1.0,1210,5750,1.5,0,0,4,1210,3875,115,0,0
699000.0,4.0,2.5,3280,27441,2.0,0,0,3,3280,3991,29,0,0
795000.0,3.0,2.0,2420,17859,1.0,0,1,5,1500,3928,46,1,0
445000.0,5.0,1.75,2460,6846,1.5,0,0,5,1340,3773,114,1,1
397990.0,3.0,1.0,1180,11862,1.0,0,0,4,1180,371,77,0,0
706000.0,3.0,2.75,1900,6400,1.0,0,0,5,1410,3233,83,1,0
363000.0,3.0,3.25,1651,1779,2.0,0,0,3,1341,178,17,1,0
850000.0,4.0,2.25,2130,11843,2.0,0,0,4,2130,4001,53,0,0
620000.0,2.0,1.0,1430,3000,1.5,0,0,3,1300,1888,96,1,0
1228000.0,4.0,2.5,5730,44947,2.0,0,4,3,4280,1746,34,1,0
333000.0,4.0,2.5,1910,9244,1.0,0,0,4,1910,3650,62,0,0
743000.0,3.0,1.75,2110,11250,1.0,0,0,4,2110,4371,64,0,1
448000.0,2.0,1.5,1630,3780,1.0,0,0,4,890,2855,85,1,1
485000.0,4.0,2.5,2470,35073,2.0,0,0,3,2470,1360,36,0,0
489950.0,4.0,2.25,2640,31941,1.0,0,0,4,2640,1270,39,0,0
498500.0,5.0,2.75,2990,7420,2.0,0,0,3,2990,3218,29,0,0
531000.0,3.0,2.5,2120,9736,2.0,0,0,3,2120,1008,37,0,1
670000.0,3.0,2.5,2050,6420,1.0,0,3,3,1730,3622,69,1,1
310000.0,5.0,3.0,1880,5000,1.0,0,0,3,1100,3759,28,1,0
835000.0,3.0,3.0,2790,12523,2.0,1,4,4,1600,2382,48,1,0
1688000.0,4.0,2.5,3000,7500,2.0,0,0,3,3000,3042,88,0,1
495000.0,4.0,2.5,2140,7245,2.0,0,0,3,2140,3755,22,0,0
495000.0,3.0,2.0,1769,9300,1.0,0,0,4,1769,3540,70,0,1
440000.0,3.0,1.0,1710,6556,1.5,0,0,4,1200,474,99,1,1
280000.0,1.0,0.75,420,6720,1.0,0,0,3,420,3603,103,0,1
1070000.0,4.0,2.5,3270,35445,2.0,0,0,3,3270,3687,36,0,0
1034500.0,4.0,2.5,2370,10858,2.0,0,0,3,2370,227,22,0,0
248000.0,4.0,2.5,1770,5855,2.0,0,0,3,1770,1841,22,0,0
294000.0,4.0,2.5,2210,8465,1.0,0,0,3,1490,3484,35,1,1
561000.0,3.0,2.25,1710,4140,2.0,0,0,3,1710,1712,21,0,1
656500.0,4.0,2.0,2710,4750,1.0,0,0,4,1460,3754,106,1,1
660000.0,3.0,3.0,2340,2970,2.0,0,0,5,2160,3989,100,1,0
370000.0,2.0,1.0,1220,17172,1.0,0,0,4,1220,697,78,0,1
349950.0,3.0,1.0,1060,9525,1.0,0,0,3,1060,1315,59,0,1
223000.0,2.0,1.0,910,9869,1.0,0,0,3,910,351,68,0,1
560000.0,4.0,1.75,1880,3880,1.5,0,0,4,1090,2739,81,1,0
594000.0,4.0,1.75,1870,5200,2.0,0,0,4,1200,4021,88,1,0
600000.0,3.0,2.25,1480,5400,2.0,0,0,4,1480,4165,111,0,1
315000.0,3.0,2.5,1880,7000,2.0,0,0,3,1880,362,32,0,0
430000.0,4.0,1.75,1890,6000,1.0,0,0,4,1110,732,78,1,1
440000.0,3.0,2.75,1560,7392,1.0,0,0,5,1030,1010,53,1,0
312500.0,2.0,1.5,1070,1200,2.0,0,0,3,1070,4427,26,0,0
1240000.0,5.0,4.0,4410,14380,2.0,0,0,3,4410,1203,19,0,0
300000.0,3.0,3.25,1470,1235,2.0,0,0,3,1180,3547,17,1,0
680000.0,3.0,2.5,2570,3600,2.5,0,0,3,2570,944,18,0,0
336750.0,2.0,2.25,1170,1011,2.0,0,0,3,1170,1931,16,0,0
822500.0,5.0,3.5,2320,4960,2.0,0,0,5,1720,3485,99,1,0
589000.0,4.0,3.0,2440,9600,2.0,0,0,5,2440,342,64,0,0
863000.0,4.0,2.5,4120,22370,2.0,0,0,3,4120,1090,28,0,0
210000.0,2.0,1.75,1440,5680,1.0,0,0,4,1440,2119,47,0,1
206135.0,3.0,1.0,1340,11070,1.0,0,0,4,1340,455,47,0,1
1125000.0,6.0,3.75,3010,4360,2.0,0,0,3,2000,4110,11,1,0
285000.0,3.0,1.75,1840,8601,1.0,0,0,3,920,3962,120,1,1
230000.0,2.0,1.0,930,7550,1.0,0,0,3,930,632,39,0,0
845000.0,4.0,2.75,4070,115434,2.0,0,0,3,4070,606,23,0,0
350000.0,3.0,1.75,1820,9545,1.0,0,0,3,1230,2594,49,1,0
304000.0,3.0,1.0,1280,8184,1.5,0,0,4,1280,1175,78,0,1
370000.0,2.0,1.0,900,4600,1.0,0,0,3,900,2615,74,0,1
810000.0,3.0,1.75,1980,13503,1.0,0,2,4,1320,2292,73,1,0
440000.0,4.0,2.25,2010,7575,1.0,0,0,3,1220,906,51,1,0
1030000.0,4.0,2.5,2750,4800,2.0,0,0,3,1960,3637,120,1,1
775000.0,4.0,2.0,3140,10875,1.0,0,1,3,1940,2964,86,1,1
1335000.0,5.0,2.25,4200,5800,2.5,0,0,4,2910,81,119,1,1
235000.0,3.0,1.75,1900,8540,1.0,0,0,3,950,630,45,1,0
499950.0,3.0,1.0,1830,3000,1.5,0,0,3,1430,3702,99,1,1
622500.0,5.0,2.75,3320,23760,2.0,0,0,4,2190,915,50,1,0
300000.0,4.0,2.5,2700,10814,1.0,0,0,4,1560,487,59,1,0
205000.0,3.0,1.0,1290,6566,1.0,0,0,5,1290,2811,49,0,0
435000.0,3.0,1.75,1500,8173,1.0,0,0,3,1500,4255,28,0,0
697000.0,4.0,2.75,3650,48351,1.5,0,0,4,3650,1494,47,0,1
153000.0,3.0,1.0,1270,6405,1.5,0,0,3,1270,411,81,0,0
454000.0,4.0,2.25,2630,39000,2.0,0,0,3,2630,895,46,0,1
345000.0,2.0,1.5,1800,26615,1.0,0,0,5,1240,2806,38,1,0
585000.0,3.0,1.0,1870,2807,1.5,0,0,4,1580,246,98,1,0
380000.0,4.0,2.5,2540,6365,2.0,0,0,3,1870,1769,25,1,0
250600.0,4.0,2.5,1930,8660,1.0,0,0,3,1120,1698,44,1,1
890000.0,4.0,2.25,2770,13500,2.0,0,0,3,2770,3819,51,0,0
370000.0,4.0,2.5,2220,5338,2.0,0,0,3,2220,3490,24,0,0
369500.0,3.0,1.5,1650,9957,1.0,0,0,4,1100,790,64,1,1
883000.0,4.0,2.5,3670,54450,2.0,0,0,3,3670,495,26,0,0
950000.0,4.0,2.5,3770,35081,2.0,0,0,3,3770,97,36,0,0
615000.0,3.0,1.75,2350,20820,1.0,0,0,4,1800,3869,47,1,1
305000.0,3.0,1.5,1210,5240,1.0,0,0,4,610,3579,42,1,0
590000.0,4.0,2.5,2010,7972,2.0,0,0,4,2010,2837,36,0,0
485000.0,3.0,2.5,1580,6065,2.0,0,0,3,1580,2061,40,0,0
215000.0,2.0,1.0,710,7200,1.0,0,0,3,710,3883,82,0,1
430000.0,3.0,2.0,1910,5040,1.5,0,0,3,1910,2083,54,0,0
324900.0,4.0,2.5,1880,7965,2.0,0,0,3,1880,1846,25,0,0
849900.0,2.0,2.0,2280,641203,2.0,0,0,3,2280,4415,35,0,1
975000.0,5.0,2.75,3100,10014,1.0,0,2,4,1660,4419,52,1,0
910000.0,5.0,2.5,2350,4000,2.0,0,0,3,2350,2439,32,0,0
459950.0,3.0,1.75,1850,6869,1.0,0,2,5,1100,1892,106,1,1
325000.0,3.0,2.5,2070,8337,2.0,0,0,3,2070,2299,28,0,0
513000.0,4.0,2.75,2020,7070,1.0,0,0,5,1010,4384,67,1,0
475000.0,3.0,2.25,1580,12177,1.0,0,0,3,1200,1866,44,1,1
419000.0,4.0,2.5,2690,7947,2.0,0,0,3,2690,826,32,0,0
760000.0,4.0,2.5,2420,10285,1.0,0,4,3,1700,614,67,1,1
1120000.0,5.0,1.5,2540,6660,2.0,0,3,4,2340,4491,71,1,1
129000.0,2.0,1.0,1150,30184,1.0,0,0,3,1150,1287,75,0,1
725000.0,5.0,2.5,3210,12000,1.0,0,0,4,1830,894,57,1,0
580000.0,3.0,2.5,2040,4627,2.0,0,0,3,2040,1357,33,0,0
385000.0,3.0,2.25,1920,4833,1.0,0,0,4,1060,142,104,1,0
265000.0,4.0,1.75,1900,10588,1.0,0,0,5,1900,652,67,0,0
1735000.0,3.0,2.5,4310,32093,1.5,0,4,5,2510,1476,43,1,0
330000.0,3.0,2.5,1070,1155,2.0,0,0,3,720,3331,20,1,0
665000.0,4.0,2.5,2790,43091,2.0,0,0,4,2790,1707,36,0,0
799000.0,3.0,2.5,2860,4442,2.0,0,0,3,2860,3277,25,0,0
589000.0,3.0,2.0,2250,8800,1.0,0,0,4,1250,2832,100,1,1
1695000.0,2.0,2.25,3170,3000,2.0,0,2,5,1990,2618,125,1,0
538000.0,3.0,1.0,1460,7200,1.0,0,0,3,1260,4112,119,1,1
530100.0,3.0,1.0,1540,3399,1.5,0,0,3,1200,498,99,1,1
718500.0,3.0,2.0,2910,6600,2.0,0,0,4,1920,3064,125,1,1
299000.0,3.0,1.75,1180,13927,1.0,0,0,5,1180,1482,63,0,0
556000.0,3.0,1.75,1640,7437,1.0,0,0,3,1090,4069,77,1,1
171000.0,4.0,2.0,1520,19672,1.0,0,0,3,1020,989,105,1,1
540000.0,5.0,3.0,3610,9775,2.0,0,0,3,3610,2144,22,0,0
250000.0,3.0,2.25,1400,3814,2.0,0,0,3,1400,1619,13,0,1
795000.0,4.0,3.5,3200,3250,2.0,0,0,3,2670,2164,18,1,0
575000.0,3.0,3.0,1384,1287,2.0,0,0,3,1144,290,19,1,0
379500.0,3.0,2.25,1410,1287,2.0,0,0,3,1290,1750,20,1,0
385000.0,4.0,2.5,2050,5276,2.0,0,0,3,2050,3482,19,0,0
415500.0,4.0,2.5,1750,4779,2.0,0,0,3,1750,4113,16,0,0
397500.0,3.0,2.0,1510,6710,1.0,0,0,3,1070,4414,53,1,1
530000.0,3.0,2.5,1930,7214,2.0,0,0,3,1930,1544,20,0,0
883000.0,4.0,2.5,2960,41656,2.0,0,0,3,2960,892,40,0,0
850000.0,5.0,2.75,2920,11880,1.0,0,0,5,1660,974,57,1,0
496752.0,2.0,1.0,1980,5000,1.0,0,0,4,1090,1555,102,1,0
330000.0,3.0,1.75,1430,8865,1.0,0,0,3,1430,2357,75,0,1
735000.0,4.0,2.75,2450,4187,2.0,0,2,3,2450,1368,15,0,0
525000.0,4.0,2.75,2360,4924,2.0,0,0,3,2360,1657,17,0,0
269950.0,3.0,2.5,1890,4838,2.0,0,0,3,1730,3217,23,1,0
650000.0,3.0,1.75,2140,9484,1.0,0,0,3,1290,822,72,1,0
520500.0,3.0,2.0,1900,8100,1.0,0,0,4,950,4218,85,1,1
652500.0,4.0,2.5,2700,9122,2.0,0,0,3,2700,2257,35,0,1
506000.0,5.0,3.0,2430,8000,1.0,0,0,4,1370,1210,68,1,1
416000.0,3.0,1.0,1110,12150,1.0,0,0,4,1110,3912,68,0,1
500000.0,4.0,2.75,2280,15347,1.0,0,0,5,2280,4324,65,0,0
460000.0,3.0,1.75,1550,4708,1.0,0,0,4,860,3778,76,1,1
371025.0,3.0,2.0,1530,8925,1.0,0,0,3,1530,139,48,0,1
576000.0,4.0,2.5,2440,28405,2.0,0,0,3,2440,1014,23,0,0
353500.0,4.0,2.25,1760,9602,2.0,0,0,3,1760,769,38,0,1
1735000.0,4.0,2.25,3040,5000,2.0,0,3,4,2080,3041,99,1,1
183000.0,3.0,1.75,1070,8100,1.0,0,0,4,1070,3890,68,0,1
763101.0,3.0,1.75,1990,5560,1.0,0,0,4,1100,3409,86,1,1
460000.0,2.0,1.5,1090,4000,1.0,0,0,3,970,2317,74,1,1
825000.0,4.0,1.5,1890,6938,1.5,0,0,3,1890,1040,106,0,1
265000.0,3.0,1.0,1000,9150,1.0,0,0,3,1000,1166,56,0,1
295000.0,3.0,1.75,1770,8235,1.0,0,0,3,1030,3335,65,1,1
418000.0,4.0,3.0,2360,6250,1.0,0,2,3,1460,4505,65,1,1
554000.0,3.0,3.5,3380,108900,2.0,0,0,3,2700,1540,26,1,0
534500.0,3.0,2.5,1700,3150,2.0,0,0,3,1700,2158,20,0,0
690000.0,2.0,1.75,1600,4000,1.0,0,0,5,850,2179,107,1,0
530000.0,4.0,2.5,2050,6360,2.0,0,0,3,2050,2131,37,0,1
357186.0,2.0,1.75,1210,1040,2.0,0,0,3,1210,2193,11,0,0
300000.0,5.0,3.0,1940,6355,1.0,0,0,3,1200,365,18,1,0
304000.0,4.0,2.0,1810,8750,1.0,0,0,2,1110,597,58,1,0
385000.0,4.0,1.75,1690,4080,1.0,0,0,4,870,2830,41,1,0
415000.0,4.0,2.0,1800,2970,1.0,0,0,4,1000,4003,102,1,0
963000.0,4.0,3.5,3280,6603,2.0,0,0,3,3280,1139,18,0,0
792500.0,4.0,2.5,4290,175421,2.0,0,0,3,4290,2341,21,0,1
309212.0,3.0,1.75,1150,9600,1.0,0,0,3,1150,3204,46,0,1
235000.0,2.0,1.5,880,1805,2.0,0,0,3,880,141,26,0,0
667000.0,3.0,1.5,1720,8100,2.0,0,0,3,1720,2730,118,0,1
470000.0,3.0,1.5,1510,8000,1.0,0,0,4,1510,2232,69,0,0
375000.0,4.0,2.0,1240,3000,1.0,0,0,3,1040,3588,117,1,1
410000.0,4.0,2.0,1580,9581,1.0,0,0,3,1580,76,72,0,0
566000.0,4.0,2.25,2170,7737,2.0,0,0,3,2170,1990,38,0,1
680000.0,4.0,2.75,2500,4950,2.0,0,0,3,2500,211,15,0,0
332000.0,1.0,1.0,960,2640,1.0,0,0,3,760,2508,117,1,1
902000.0,4.0,2.5,3030,8507,2.0,0,0,3,3030,3862,22,0,0
500000.0,3.0,1.75,1540,10800,1.0,0,0,5,770,2977,78,1,0
445000.0,3.0,1.75,1890,32340,1.5,0,3,3,1890,1791,49,0,0
825000.0,4.0,2.5,2810,9800,1.0,0,0,4,1710,878,52,1,0
1095000.0,4.0,4.0,3530,8400,2.0,0,0,5,2630,2087,67,1,0
277000.0,3.0,1.0,1100,8536,1.0,0,0,4,1100,4459,68,0,1
545000.0,3.0,2.5,1940,9775,1.0,0,2,3,1440,587,50,1,0
435000.0,3.0,2.5,2300,9521,2.0,0,0,3,2300,1137,22,0,0
638000.0,3.0,2.5,2110,3600,2.0,0,0,3,2110,3802,20,0,0
418000.0,4.0,1.5,1220,10580,1.0,0,0,3,1220,450,60,0,1
499000.0,3.0,1.75,1750,12325,1.0,0,0,4,1470,1229,57,1,0
150000.0,3.0,1.5,1230,8056,1.0,0,0,4,1230,883,76,0,1
759950.0,3.0,2.5,3100,23790,2.0,0,0,3,3100,1993,23,0,0
427000.0,3.0,2.5,1830,65340,1.0,0,0,3,1520,3271,34,1,0
632500.0,5.0,2.5,2640,7096,2.0,0,0,3,2640,4367,22,0,0
660000.0,6.0,1.75,1840,2774,1.0,0,0,3,1060,1862,125,1,1
862000.0,4.0,2.5,3190,14565,2.0,0,0,3,3190,572,35,0,1
524000.0,2.0,1.0,1120,2000,1.5,0,0,3,1120,1112,115,0,1
470000.0,3.0,1.5,1760,6723,1.0,0,0,3,1160,3621,67,1,1
385000.0,3.0,2.0,1590,9912,2.0,0,0,3,1590,4037,25,0,0
575000.0,4.0,2.5,2120,9603,2.0,0,0,3,2120,3342,40,0,0
220000.0,4.0,2.5,2240,9826,1.0,0,0,4,1370,2069,37,1,0
460000.0,2.0,1.0,890,2100,1.0,0,0,4,760,3080,106,1,1
1712500.0,3.0,3.25,2940,5432,3.0,0,3,4,2440,977,47,1,1
175000.0,3.0,1.5,1220,7300,1.0,0,0,3,1220,3242,52,0,1
465000.0,3.0,2.25,2670,7500,1.0,0,0,4,1640,1097,59,1,0
552000.0,3.0,1.0,1120,2300,1.0,0,0,4,820,3873,113,1,1
565000.0,4.0,2.75,3130,139392,2.0,0,0,4,3130,2416,44,0,0
518000.0,4.0,2.5,1740,7500,1.0,0,0,4,1220,102,49,1,1
899950.0,4.0,3.5,3290,5414,2.0,0,1,3,2360,354,19,1,0
373000.0,3.0,1.0,1770,5720,1.5,0,0,4,1140,3526,99,1,1
385000.0,4.0,2.5,2960,5054,2.0,0,0,3,2960,2347,19,0,0
245000.0,2.0,1.0,1200,4880,1.0,0,0,3,980,4228,82,1,1
375000.0,4.0,2.0,2400,6000,2.0,0,0,3,2400,4484,112,0,1
699850.0,4.0,3.5,2690,6164,2.0,0,0,3,2690,37,23,0,0
450000.0,6.0,2.25,3550,11780,1.0,0,0,4,2960,593,77,1,0
455000.0,2.0,1.5,1310,12196,1.5,0,0,3,1310,1191,55,0,1
650000.0,4.0,2.75,2610,4160,3.0,0,0,5,1910,375,115,1,0
378000.0,5.0,2.5,2760,8015,1.0,0,0,4,1600,703,65,1,1
220000.0,3.0,2.0,1410,7998,1.0,0,0,4,1410,391,85,0,1
285500.0,4.0,1.75,1960,7950,1.0,0,0,4,1960,2741,58,0,0
340000.0,3.0,2.5,1212,1174,3.0,0,0,3,1212,360,21,0,1
921000.0,4.0,1.5,2220,9496,1.0,0,0,4,1490,877,71,1,1
375000.0,4.0,2.5,2040,109336,1.5,0,0,4,2040,1714,52,0,0
999000.0,4.0,2.75,2800,19168,2.0,0,0,3,2800,1668,33,0,0
335000.0,3.0,1.5,2040,6000,1.0,0,0,3,1340,4347,68,1,1
1920000.0,4.0,2.5,3070,34412,1.0,0,3,4,2070,2743,75,1,1
385000.0,2.0,1.0,830,26329,1.0,1,3,4,830,3947,97,0,0
850000.0,4.0,3.5,4140,7089,2.0,0,0,3,3160,366,22,1,0
429000.0,5.0,2.5,2340,4500,2.0,0,0,3,2340,3534,16,0,0
523950.0,3.0,2.25,1420,1282,3.0,0,0,3,1420,3009,19,0,0
798800.0,3.0,2.75,2670,3738,1.0,0,0,3,1720,33,12,1,1
284000.0,3.0,2.5,1880,6008,2.0,0,0,3,1880,2533,16,0,0
852880.0,4.0,3.25,3450,6184,2.0,0,0,3,3450,401,11,0,0
320000.0,3.0,2.25,1200,1400,3.0,0,0,3,1200,111,20,0,0
749995.0,4.0,3.25,3430,9870,2.0,0,0,3,3430,1715,11,0,0
468500.0,3.0,2.5,1350,1186,2.0,0,0,3,1120,3828,18,1,0
492500.0,5.0,2.5,2570,9962,2.0,0,0,3,2570,846,19,0,0
685000.0,4.0,3.5,2840,4637,3.0,0,0,3,2840,3582,17,0,0
542525.0,4.0,2.5,2650,5600,2.0,0,0,3,2650,731,11,0,0
435000.0,3.0,2.0,1980,2674,3.0,0,0,3,1980,3580,18,0,0
242000.0,3.0,1.75,1280,7524,1.5,0,0,4,1280,314,37,0,0
325000.0,4.0,2.5,2610,7091,2.0,0,0,3,2610,2808,38,0,1
837700.0,5.0,2.75,3010,12611,2.0,0,0,3,3010,172,31,0,0
210000.0,1.0,1.0,930,7129,1.0,0,0,3,930,1793,77,0,1
187500.0,3.0,1.5,1180,7000,1.0,0,0,4,1180,2824,48,0,0
560000.0,5.0,1.0,1710,9100,1.5,0,0,4,1320,3932,99,1,1
272000.0,3.0,2.0,1380,7476,1.0,0,0,3,1380,3443,36,0,0
235000.0,3.0,1.75,1190,7280,1.0,0,0,4,1190,280,57,0,0
259000.0,3.0,2.0,1870,5909,1.0,0,0,3,1270,389,39,1,0
866059.0,5.0,3.5,3130,4797,2.0,0,0,3,2570,1109,11,1,0
473000.0,2.0,1.0,900,5100,1.0,0,0,4,900,3885,116,0,1
405000.0,3.0,1.5,1880,7400,1.0,0,0,3,1480,3586,57,1,1
870000.0,4.0,4.25,3010,4887,2.0,0,3,4,1940,4289,74,1,1
475000.0,3.0,2.25,2280,5750,1.0,0,1,4,1150,3268,40,1,0
499500.0,3.0,2.5,2970,21907,2.0,0,0,3,2970,864,27,0,1
386000.0,2.0,2.5,1620,3196,2.0,0,0,3,1620,4383,17,0,0
458000.0,4.0,1.5,1550,3000,1.5,0,0,3,1350,3257,107,1,0
550000.0,3.0,1.75,2240,78225,2.0,0,0,5,2240,1085,49,0,0
605500.0,3.0,2.5,2830,6536,2.0,0,0,3,2830,547,36,0,0
421000.0,3.0,2.5,2890,21780,2.0,0,0,3,2890,2976,25,0,0
536000.0,4.0,2.25,1990,5948,2.0,0,0,3,1990,3074,34,0,0
247200.0,3.0,1.75,1370,8719,1.0,0,0,3,1370,2300,43,0,0
250000.0,2.0,1.5,1088,1360,2.0,0,0,3,1088,4454,42,0,1
204950.0,4.0,1.75,1740,9344,1.0,0,0,3,1180,3480,47,1,0
430000.0,3.0,2.0,1730,9000,1.0,0,0,3,1370,4479,47,1,0
250000.0,4.0,2.5,1800,8100,2.0,0,0,3,1800,1873,27,0,1
260000.0,3.0,1.75,1440,12888,1.0,0,2,3,1090,938,67,1,1
547000.0,4.0,1.0,1720,2800,1.5,0,0,4,1200,3727,99,1,1
379900.0,5.0,3.5,2800,7350,2.0,0,0,3,2800,4231,30,0,0
738500.0,3.0,2.5,2300,6009,1.0,0,0,3,2300,446,20,0,0
545000.0,4.0,2.25,2030,11585,1.0,0,0,4,1590,1089,58,1,0
342000.0,2.0,1.0,740,6180,1.0,0,0,3,740,3412,77,0,1
4668000.0,5.0,6.75,9640,13068,1.0,1,4,3,4820,3463,42,1,1
170000.0,4.0,1.0,1920,13787,1.0,0,0,4,1220,1306,59,1,0
616000.0,4.0,2.5,2490,12929,2.0,0,0,3,2490,2070,42,0,1
640000.0,3.0,2.0,1380,4800,1.0,0,0,3,1380,2835,77,0,1
332000.0,3.0,2.5,1530,9406,1.0,0,0,3,1270,3181,32,1,0
1010000.0,3.0,3.25,2420,1923,2.0,0,2,3,1840,1669,19,1,0
380000.0,4.0,2.5,2150,37647,2.0,0,0,3,2150,1616,34,0,0
415000.0,4.0,2.0,1610,9600,1.0,0,0,5,1610,4081,58,0,0
1008000.0,4.0,3.5,2650,3060,2.0,0,0,3,2060,1799,24,1,0
669000.0,4.0,2.75,2700,35362,2.0,0,0,5,2700,1456,49,0,0
260000.0,3.0,1.5,1270,20700,1.0,0,0,2,1150,2588,77,1,0
854000.0,4.0,2.75,3150,38865,1.0,0,0,3,2480,874,39,1,0
605000.0,3.0,2.25,2010,10760,2.0,0,0,3,2010,834,40,0,0
320000.0,3.0,1.0,860,5060,1.5,0,0,3,860,140,98,0,1
229950.0,3.0,2.0,1410,7466,1.0,0,0,3,1410,926,42,0,1
255000.0,3.0,1.75,1700,7532,1.0,0,0,3,1700,2393,38,0,1
1170000.0,4.0,2.5,2570,6251,2.0,0,0,3,2570,1565,25,0,0
479000.0,2.0,2.25,1230,932,2.0,0,0,3,1020,145,21,1,1
1200000.0,4.0,3.5,4170,9748,2.0,0,0,3,4170,4196,21,0,1
472000.0,3.0,2.5,1180,1262,3.0,0,0,3,1180,1723,15,0,0
198000.0,3.0,1.5,1430,7347,1.0,0,0,3,820,2366,45,1,0
440000.0,4.0,2.0,1450,8400,1.5,0,0,4,1450,825,63,0,0
506000.0,3.0,1.75,2180,7700,1.0,0,0,3,1480,1408,64,1,1
382500.0,4.0,2.5,2210,7079,2.0,0,0,3,2210,384,32,0,0
269500.0,2.0,1.5,1480,7276,1.0,0,0,4,940,3841,47,1,1
560000.0,3.0,2.0,2340,3477,1.0,0,1,5,1170,3511,54,1,0
840000.0,4.0,3.5,3860,18334,2.0,0,0,3,3120,488,29,1,0
479500.0,3.0,2.75,2300,4637,2.0,0,0,3,2300,2865,17,0,0
402000.0,3.0,1.5,1450,7375,1.0,0,0,3,1010,718,57,1,1
549000.0,2.0,2.5,1380,953,3.0,0,0,3,1380,3449,19,0,0
449950.0,4.0,2.5,2470,3811,2.0,0,0,3,2470,3924,26,0,0
493000.0,4.0,1.75,2030,18295,1.5,0,0,4,2030,427,50,0,0
142500.0,4.0,0.75,1440,13300,1.0,0,0,3,1440,1759,77,0,1
250000.0,3.0,1.75,1160,6134,1.0,0,0,3,1160,3007,27,0,1
729000.0,3.0,1.0,1580,3840,2.0,0,0,3,1580,263,117,0,1
465000.0,2.0,2.75,1430,1425,2.0,0,0,3,995,1899,19,1,0
465000.0,2.0,2.0,1494,19271,2.0,1,4,3,1494,557,82,0,1
280000.0,4.0,2.25,1930,7207,1.0,0,0,4,1360,2170,37,1,0
675000.0,6.0,1.75,2740,6360,1.0,0,3,3,1370,176,72,1,0
667500.0,3.0,2.0,1880,3800,1.0,0,0,5,1030,4018,98,1,0
809000.0,3.0,2.5,2590,7720,2.0,0,0,3,2590,921,37,0,1
400000.0,3.0,2.25,2140,11266,2.0,0,0,3,2140,2422,39,0,0
310000.0,4.0,2.0,1870,6000,1.5,0,0,3,1870,373,69,0,1
435000.0,2.0,1.0,1230,3800,1.0,0,0,3,1230,2785,97,0,1
465950.0,4.0,2.5,2340,6896,2.0,0,0,3,2340,3361,24,0,0
1538000.0,3.0,2.25,2880,7599,1.0,0,2,3,1710,1423,67,1,1
253000.0,3.0,1.5,880,6600,1.0,0,0,5,880,317,80,0,0
330000.0,3.0,2.5,3040,7232,2.0,0,0,3,3040,2532,22,0,0
554000.0,4.0,1.0,1120,7104,1.5,0,0,3,1120,452,79,0,0
350000.0,3.0,2.0,1380,3600,3.0,0,0,3,1380,3669,12,0,1
294999.0,4.0,2.5,1660,9760,2.0,0,0,3,1660,303,31,0,0
1185001.0,3.0,2.75,2500,5568,2.0,0,0,5,2500,3933,120,0,0
752000.0,4.0,2.5,2940,10382,2.0,0,0,4,2940,852,34,0,0
451000.0,4.0,2.5,1670,3315,2.0,0,0,3,1670,1982,20,0,0
725000.0,4.0,2.75,2630,7505,2.0,0,0,3,2630,677,31,0,0
345000.0,4.0,2.75,2250,7412,1.0,0,0,4,1480,1099,50,1,0
206000.0,3.0,1.0,1320,7000,1.0,0,0,4,1320,1433,58,0,0
2027000.0,4.0,3.75,4100,22798,1.5,0,3,5,2540,3313,91,1,1
2475000.0,3.0,3.25,4340,4947,2.0,0,3,3,3060,3641,32,1,0
1728000.0,4.0,3.0,3700,20570,1.0,0,0,4,1850,433,49,1,1
580000.0,5.0,2.0,2700,10875,1.0,0,0,4,1540,3720,63,1,0
430000.0,3.0,1.0,980,7200,1.0,0,0,4,980,2921,75,0,1
720000.0,4.0,2.5,2650,11520,2.0,0,0,3,2110,315,37,1,1
824000.0,7.0,4.25,3670,4000,2.0,0,1,3,2800,2008,61,1,1
936000.0,3.0,1.75,2960,12420,1.0,0,2,4,1480,2749,73,1,0
535000.0,4.0,2.75,3070,7201,2.0,0,0,3,3070,3550,19,0,0
286800.0,3.0,2.5,1413,3600,2.0,0,0,3,1413,1675,14,0,0
350000.0,2.0,2.5,1260,1347,3.0,0,0,3,1260,4452,20,0,0
345000.0,3.0,2.5,1680,2229,2.0,0,0,3,1680,3703,18,0,0
435000.0,3.0,2.25,1230,1238,2.0,0,0,3,1080,2866,16,1,0
1555000.0,3.0,3.5,4360,6240,2.0,0,3,3,2960,3847,17,1,0
1325000.0,4.0,4.0,4420,16526,2.0,0,0,3,4420,4519,12,0,1
461000.0,3.0,3.25,2770,6278,2.0,0,0,3,1980,2838,19,1,0
770000.0,3.0,2.25,2910,10204,2.0,0,0,3,2910,1471,35,0,1
1384000.0,4.0,3.25,4290,12103,1.0,0,3,3,2690,1404,28,1,0
330000.0,3.0,2.5,1600,26977,2.0,0,0,3,1600,2751,20,0,0
322500.0,4.0,2.5,1820,6753,2.0,0,0,3,1820,2096,31,0,0
1600000.0,6.0,5.0,6050,230652,2.0,0,3,3,6050,2513,24,0,0
475000.0,3.0,1.75,1700,8432,1.0,0,0,3,1230,85,48,1,1
250275.0,2.0,1.0,790,11234,1.0,0,0,4,790,1409,83,0,1
274500.0,3.0,2.25,1720,9000,1.0,0,0,4,1320,3057,56,1,0
284950.0,3.0,1.0,990,10723,1.0,0,0,5,990,582,65,0,0
264950.0,4.0,1.75,1770,9011,1.0,0,0,5,1050,2311,42,1,0
242000.0,3.0,2.0,1260,8092,1.0,0,0,3,1260,1839,39,0,0
913000.0,4.0,2.5,3640,10576,2.0,0,0,3,3640,2349,26,0,0
555000.0,3.0,1.75,2040,6000,1.0,0,0,5,1120,3032,67,1,0
711000.0,4.0,1.75,1980,10800,1.0,0,0,5,990,2969,77,1,1
403500.0,5.0,2.5,3600,17300,1.0,0,0,4,2410,3208,57,1,0
975000.0,4.0,2.5,4270,43386,1.0,0,0,3,2680,1825,34,1,0
253779.0,4.0,2.0,2030,9600,1.5,0,0,3,1430,3417,78,1,1
384400.0,3.0,3.25,1689,1388,3.0,0,0,3,1689,70,17,0,0
646000.0,5.0,2.75,2870,4461,1.0,0,0,3,1650,3749,49,1,0
415000.0,3.0,1.75,1270,4800,1.0,0,0,3,1270,3963,73,0,1
764000.0,4.0,2.5,2790,7938,2.0,0,0,3,2790,1999,28,0,0
507000.0,5.0,3.25,3850,16249,2.0,0,2,3,3030,625,23,1,0
545500.0,3.0,2.5,1560,9361,1.5,0,0,4,1360,2517,89,1,0
450000.0,3.0,1.75,1180,4080,1.0,0,0,4,760,3965,97,1,0
264000.0,4.0,1.75,1820,8118,1.0,0,0,4,1080,576,45,1,0
650000.0,5.0,1.75,1260,4500,1.5,0,0,3,1260,4200,99,0,1
365000.0,3.0,2.5,2640,6715,2.0,0,0,3,1680,1407,34,1,0
343566.0,2.0,1.0,1100,4200,1.0,0,0,3,1100,4104,71,0,1
375000.0,3.0,2.5,1950,6871,2.0,0,0,3,1950,2142,28,0,0
295000.0,3.0,2.0,1380,8682,1.0,0,0,4,1380,1640,59,0,0
325000.0,3.0,2.75,2200,7000,1.0,0,0,4,1280,1189,48,1,0
265000.0,4.0,1.5,2050,7100,1.0,0,0,3,1050,2506,62,1,1
562000.0,5.0,3.0,2795,15101,2.0,0,0,3,2795,876,29,0,0
540000.0,4.0,2.5,2050,34222,2.0,0,0,4,2050,1406,36,0,0
4489000.0,4.0,3.0,6430,27517,2.0,0,0,3,6430,319,24,0,0
279950.0,5.0,1.75,2150,7171,1.0,0,0,4,1460,1969,55,1,0
540000.0,3.0,1.75,1970,8200,1.0,0,0,5,1420,3162,62,1,0
310000.0,4.0,2.5,2660,12672,1.0,0,0,4,1740,4172,65,1,1
190000.0,1.0,1.0,720,4800,1.0,0,0,3,720,4132,111,0,1
440000.0,4.0,2.5,2410,4780,2.0,0,0,3,2410,2864,25,0,0
1400000.0,3.0,2.0,2020,5500,1.5,0,3,3,1790,2006,88,1,1
230000.0,2.0,1.0,1080,9435,1.0,0,0,3,1080,397,67,0,1
455000.0,3.0,1.75,1180,14292,1.0,0,0,3,1180,3336,44,0,1
175000.0,2.0,1.0,660,5000,1.0,0,0,3,660,3122,110,0,0
650000.0,3.0,1.75,2920,9370,1.0,0,0,4,1620,866,44,1,0
3000000.0,4.0,4.25,4850,12445,2.0,1,4,5,3850,226,36,1,0
192500.0,3.0,1.0,1080,8580,1.5,0,0,3,1080,909,125,0,1
239950.0,3.0,1.75,1670,6900,1.0,0,0,3,1170,2818,47,1,0
175000.0,6.0,1.0,1370,5080,1.5,0,0,3,1120,4300,94,1,0
850000.0,5.0,3.5,3450,28324,1.0,0,0,5,2350,219,53,1,0
410000.0,4.0,2.0,1970,10500,1.0,0,0,3,1820,758,64,1,1
570000.0,4.0,2.5,2290,6738,2.0,0,0,3,2290,3098,29,0,0
469000.0,5.0,2.5,2240,7543,1.0,0,0,3,1140,1690,59,1,1
559000.0,2.0,1.0,1240,6400,1.0,0,1,4,1060,3662,87,1,0
739888.0,3.0,2.5,2420,43177,2.0,0,4,4,1690,3212,36,1,0
568450.0,5.0,3.5,3260,58806,2.0,0,0,4,3260,2247,56,0,0
240000.0,2.0,1.0,670,10920,1.0,0,0,3,670,18,83,0,1
574950.0,5.0,3.25,3160,10000,2.0,0,0,4,3160,39,45,0,0
180000.0,3.0,2.25,1990,6350,2.0,0,0,3,1990,2120,58,0,1
1160000.0,4.0,3.5,4680,9700,2.0,0,0,3,3360,660,20,1,0
300000.0,3.0,2.5,1700,3575,2.0,0,0,3,1700,3833,25,0,0
630000.0,4.0,2.5,2807,9430,2.0,0,0,3,2807,4298,29,0,0
507000.0,4.0,1.75,1770,9375,1.0,0,0,4,1170,117,57,1,0
287500.0,4.0,2.5,2570,9000,1.0,0,0,4,1590,2814,46,1,0
688000.0,3.0,3.0,3450,16200,2.0,0,0,3,3450,1900,42,0,1
424000.0,3.0,2.0,1670,7700,1.0,0,0,3,1170,138,53,1,1
400000.0,3.0,1.75,1050,6150,1.5,0,0,4,950,2929,97,1,0
620000.0,4.0,2.5,1910,7683,2.0,0,0,3,1910,3308,38,0,1
300000.0,3.0,1.0,910,7700,1.0,0,0,4,910,842,54,0,0
615000.0,5.0,2.25,2480,12070,2.0,0,0,3,2480,1877,47,0,0
206000.0,2.0,1.5,1820,8867,2.0,0,0,3,1820,3516,104,0,1
515500.0,4.0,2.5,2920,7700,2.0,0,0,3,2920,955,22,0,0
554000.0,5.0,2.25,1870,11411,1.0,0,0,4,1170,1111,64,1,1
825000.0,4.0,3.5,3810,9792,2.0,0,0,3,3810,278,87,0,1
855000.0,4.0,2.25,2190,4080,2.0,0,0,3,1800,2210,107,1,0
315000.0,3.0,2.5,1730,6368,2.0,0,0,3,1730,2432,32,0,0
299000.0,5.0,2.5,2220,9360,1.0,0,0,4,1110,1524,57,1,0
650000.0,3.0,1.5,1320,8114,1.0,0,0,3,1320,2636,74,0,1
465000.0,3.0,1.75,1510,4800,1.0,0,2,3,860,2597,100,1,1
535000.0,3.0,2.0,2120,4080,2.0,0,0,3,2120,4356,22,0,0
564000.0,2.0,2.0,1690,4500,1.0,0,0,3,1690,1972,21,0,1
515000.0,3.0,3.5,1360,1419,2.0,0,0,3,1040,3616,18,1,0
580000.0,4.0,2.5,3250,5000,2.0,0,0,3,3250,4482,17,0,0
309000.0,3.0,2.25,1490,1294,2.0,0,0,3,1220,3452,15,1,0
536751.0,3.0,1.75,1930,6360,1.0,0,0,3,1930,4360,12,0,1
415000.0,4.0,2.5,2020,5501,2.0,0,0,3,2020,3842,15,0,0
267000.0,3.0,2.25,1584,2800,2.0,0,0,3,1584,771,13,0,1
820000.0,4.0,2.5,3170,8523,2.0,0,0,3,3170,4425,17,0,0
1399950.0,4.0,2.75,3870,10046,2.0,0,0,3,3870,3788,20,0,0
485000.0,2.0,2.5,1430,923,3.0,0,0,3,1410,2589,17,1,0
482000.0,3.0,3.25,1380,1120,3.0,0,0,3,1380,3302,17,0,0
535000.0,4.0,2.5,2610,4595,2.0,0,0,3,2610,4079,17,0,0
690000.0,3.0,3.25,1540,1428,3.0,0,0,3,1540,3191,12,0,1
576000.0,3.0,2.5,1940,9000,1.0,0,0,4,970,4296,77,1,0
378750.0,3.0,2.5,2160,3000,1.5,0,0,3,1260,2884,116,1,1
269900.0,4.0,1.75,1530,8750,1.5,0,0,4,1530,776,57,0,0
210000.0,3.0,2.0,1440,7210,1.0,0,0,3,1440,376,42,0,1
429900.0,4.0,2.5,2640,8625,2.0,0,0,3,2640,792,38,0,1
1525000.0,4.0,3.25,3620,5131,2.0,0,3,4,2350,2763,98,1,0
360000.0,4.0,2.5,2850,4650,2.0,0,0,3,2850,2392,21,0,1
405000.0,2.0,1.0,1260,4377,1.0,0,0,4,1260,4449,78,0,1
450000.0,3.0,1.75,1610,11200,1.0,0,0,3,1610,486,70,0,1
703000.0,3.0,2.0,1360,5980,1.5,0,0,3,1360,3256,80,0,1
661000.0,4.0,2.5,2496,8058,2.0,0,0,3,2496,4246,27,0,1
580000.0,4.0,2.25,2160,9593,1.0,0,0,3,2160,2094,56,0,1
464000.0,3.0,1.0,1320,3625,2.0,0,0,3,1320,2662,125,0,1
945000.0,2.0,2.5,2540,7089,2.0,0,0,3,2540,2732,21,0,1
659500.0,4.0,3.0,2620,18362,1.0,0,0,4,1870,340,69,1,0
200000.0,3.0,1.5,1140,8340,1.0,0,0,3,1140,802,65,0,1
280000.0,3.0,2.0,1790,42399,1.0,0,0,4,1790,1079,35,0,0
1325000.0,4.0,2.5,2440,3600,2.5,0,0,4,2440,3071,123,0,0
346150.0,3.0,2.0,2140,7200,1.0,0,0,4,1480,2189,59,1,0
197500.0,3.0,1.0,1330,5412,2.0,0,0,5,1330,1052,120,0,0
799000.0,4.0,2.5,2590,7910,2.0,0,0,3,2590,3093,24,0,0
1309500.0,4.0,4.5,4750,13912,2.0,0,2,3,3600,4066,20,1,0
350000.0,2.0,1.0,1620,9205,1.0,0,0,5,850,520,104,1,0
720000.0,4.0,2.5,2440,34290,2.0,0,0,3,2440,3927,38,0,1
519000.0,3.0,2.75,2020,10744,1.0,0,0,5,1270,1430,71,1,0
590300.0,3.0,1.5,1470,7200,2.0,0,0,4,1470,3375,118,0,0
2200000.0,5.0,4.75,5990,10450,2.0,1,4,3,4050,3506,23,1,0
410000.0,6.0,2.75,2520,9324,1.0,0,0,4,1320,2784,63,1,0
437000.0,2.0,1.75,1440,4225,1.0,0,0,3,1440,1963,20,0,0
221000.0,3.0,2.25,1640,7350,1.0,0,0,3,1140,2995,41,1,0
380000.0,4.0,2.25,2150,20181,1.0,0,0,3,1090,1489,62,1,1
506000.0,2.0,1.0,1570,8210,1.0,0,0,4,1150,594,73,1,0
395000.0,4.0,1.0,1980,10350,1.0,0,0,4,1430,3390,57,1,0
285000.0,3.0,1.0,1210,4731,1.5,0,0,3,1210,4073,124,0,0
311000.0,3.0,1.75,1900,3000,1.5,0,0,5,1070,4280,122,1,0
520000.0,3.0,1.75,1940,219527,1.0,0,0,3,1940,2059,34,0,0
435000.0,3.0,1.75,1310,8065,1.0,0,0,4,1310,4477,77,0,0
120000.0,2.0,1.0,990,39964,1.0,0,0,2,990,1587,80,0,0
1440000.0,3.0,3.5,3870,3819,2.0,0,0,3,2760,2375,23,1,0
186000.0,3.0,2.0,1340,4320,1.0,0,0,3,920,394,113,1,1
756000.0,4.0,2.25,2160,5600,1.0,0,0,5,1080,2336,78,1,0
248000.0,4.0,2.0,2080,13510,1.0,0,0,3,1040,3701,75,1,1
287000.0,3.0,2.0,1300,11374,1.5,0,0,5,1300,694,92,0,0
510000.0,4.0,2.5,2610,8031,2.0,0,0,3,2610,1628,27,0,1
249000.0,3.0,1.0,1050,8498,1.0,0,0,4,1050,1881,66,0,0
340000.0,3.0,2.5,2480,6112,2.0,0,0,3,2480,1454,21,0,1
399888.0,4.0,2.25,1820,8255,1.5,0,0,4,1320,1075,95,1,0
440000.0,3.0,1.75,1170,8740,1.0,0,0,4,1170,4409,57,0,0
899000.0,4.0,2.25,2370,6000,1.0,0,2,3,1440,2074,66,1,1
540500.0,5.0,3.75,3090,7415,2.0,0,0,3,3090,3435,11,0,0
385000.0,3.0,1.75,2310,11200,1.0,0,0,4,1630,2325,47,1,1
558000.0,4.0,2.25,2060,10358,1.0,0,0,4,1320,3708,63,1,0
600000.0,3.0,2.0,2540,237402,1.0,0,0,3,2540,2970,18,0,0
450000.0,4.0,2.5,2400,7693,2.0,0,0,3,2400,2997,22,0,0
232500.0,3.0,1.0,1320,8450,1.0,0,0,3,880,2611,64,1,1
436000.0,2.0,1.0,790,6600,1.0,0,0,3,790,1033,76,0,1
240000.0,4.0,2.0,1790,14690,1.0,0,1,4,1670,32,65,1,1
489950.0,3.0,2.25,1820,7326,2.0,0,0,3,1820,4393,42,0,1
680000.0,6.0,2.0,1670,3000,1.0,0,0,5,900,3380,114,1,1
1068000.0,5.0,3.5,3990,9938,2.0,0,0,3,3990,782,24,0,0
352450.0,3.0,2.0,1430,6000,1.0,0,0,5,1430,1369,80,0,0
335000.0,4.0,2.0,2030,103672,1.0,0,0,4,2030,2408,56,0,0
549000.0,4.0,1.75,1290,3060,2.0,0,0,4,1290,3983,119,0,1
1240000.0,4.0,3.5,3820,13224,2.0,0,0,3,3280,107,35,1,1
618250.0,4.0,3.25,2520,3360,1.5,0,0,4,1550,3880,94,1,0
1815000.0,5.0,3.0,3880,13000,2.0,0,0,3,3880,4087,53,0,1
850000.0,2.0,1.75,1590,5136,1.5,0,3,3,1320,2177,98,1,1
930000.0,5.0,2.0,3530,9385,1.5,0,0,3,3530,2471,100,0,1
505000.0,3.0,2.5,1610,4611,2.0,0,0,3,1610,2159,29,0,0
925000.0,4.0,2.5,3280,209088,2.0,0,0,3,3280,3541,31,0,0
275000.0,3.0,1.75,1860,15681,1.0,0,0,4,1860,2595,54,0,0
499000.0,3.0,1.75,1840,5000,1.0,0,0,4,920,3891,115,1,0
507000.0,3.0,2.5,2120,7201,2.0,0,0,3,2120,466,22,0,0
619850.0,4.0,2.5,2270,9247,1.0,0,0,5,1500,3404,53,1,0
500000.0,3.0,2.5,2840,48716,1.0,0,3,3,1870,4413,31,1,0
310000.0,4.0,1.5,1220,9600,1.0,0,0,3,1220,3172,45,0,0
646000.0,4.0,2.5,2310,4079,2.0,0,0,3,2310,4310,17,0,0
265000.0,3.0,1.75,1840,7300,1.0,0,0,3,1840,2371,59,0,1
475000.0,3.0,2.5,950,1110,2.0,0,0,3,950,3166,22,0,0
600000.0,4.0,2.25,3070,8400,2.0,0,0,4,3070,615,55,0,0
470000.0,3.0,2.0,1730,38884,1.0,0,0,3,1730,2523,28,0,0
319950.0,2.0,1.0,920,8341,1.0,0,0,3,920,288,86,0,1
712000.0,3.0,2.75,3200,6699,2.0,0,0,3,3200,2262,21,0,1
775000.0,4.0,2.75,3010,15992,2.0,0,0,3,3010,2253,29,0,0
390000.0,3.0,2.25,1600,10240,1.0,0,0,3,1090,818,46,1,1
585000.0,4.0,2.5,2840,11044,2.0,0,0,3,2840,537,24,0,0
1027000.0,3.0,2.5,2430,10500,2.0,0,1,3,2430,2706,36,0,0
232603.0,3.0,1.75,1750,11461,2.0,0,0,4,1750,14,49,0,1
543000.0,3.0,2.25,1240,949,3.0,0,0,3,1240,2862,17,0,0
607500.0,3.0,3.25,1530,1612,3.0,0,0,3,1530,1054,19,0,0
750000.0,3.0,3.5,3390,10078,2.0,0,0,3,3040,346,13,1,1
728050.0,3.0,2.5,2320,6775,1.0,0,0,3,2320,2099,17,0,0
734990.0,4.0,2.5,2650,6884,2.0,0,0,3,2650,4514,13,0,1
330000.0,3.0,2.5,2238,7209,2.0,0,0,3,2238,686,14,0,0
605000.0,4.0,2.5,2620,7553,2.0,0,0,3,2620,4152,29,0,0
441000.0,3.0,2.75,1910,7280,1.0,0,0,3,1160,900,46,1,1
650000.0,4.0,2.5,3040,6587,2.0,0,0,3,3040,1913,22,0,0
1950000.0,7.0,3.5,4640,15235,2.0,0,1,3,2860,4148,60,1,1
395000.0,3.0,1.0,1500,4000,1.0,0,0,3,900,4259,100,1,1
245000.0,1.0,0.75,380,15000,1.0,0,0,3,380,746,62,0,1
905000.0,4.0,3.5,2970,14486,2.0,0,0,3,2340,4424,28,1,0
660000.0,4.0,3.25,3030,9273,2.0,0,0,5,3030,2127,37,0,0
378000.0,4.0,2.5,1890,12236,1.0,0,0,3,1230,3168,47,1,0
600000.0,2.0,1.0,1040,3600,1.0,0,0,4,1040,462,106,0,1
632500.0,4.0,2.5,2090,10306,2.0,0,0,3,2090,1838,39,0,0
210000.0,2.0,2.0,1680,5756,2.0,0,0,4,1680,245,115,0,0
754800.0,2.0,2.5,2770,7781,2.0,0,0,3,2770,4522,19,0,0
175000.0,2.0,1.0,1020,5130,1.0,0,0,4,1020,1805,77,0,0
455000.0,3.0,2.25,1470,4653,2.0,0,0,4,1470,2091,40,0,0
450000.0,3.0,2.0,1430,3480,1.0,0,0,3,980,4108,78,1,1
790000.0,4.0,1.75,2050,10920,1.0,0,3,3,1450,3034,51,1,0
480000.0,4.0,1.0,2080,5500,1.0,0,0,3,1040,4008,84,1,1
850000.0,3.0,2.25,2870,8170,2.0,0,0,3,2250,3995,30,1,0
725000.0,4.0,3.25,3940,27591,2.0,0,3,3,3440,1324,25,1,0
380000.0,3.0,1.5,1520,4288,1.0,0,0,3,1020,3184,76,1,1
979000.0,3.0,1.5,1700,14133,1.0,0,1,4,1700,4321,71,0,1
359950.0,3.0,2.25,1940,11612,1.0,0,0,4,1100,295,44,1,0
665900.0,4.0,2.25,2870,5453,2.0,0,1,4,2220,21,99,1,1
812000.0,3.0,3.25,3240,8338,2.0,0,0,3,3240,1738,24,0,0
203000.0,3.0,1.0,1150,7156,1.0,0,0,4,1150,494,72,0,1
456000.0,3.0,1.5,1440,28516,1.0,0,0,4,1440,2162,50,0,0
547000.0,5.0,2.5,2200,4080,1.5,0,0,5,1420,4105,109,1,0
280000.0,3.0,2.0,1470,8089,1.0,0,0,3,1470,2042,38,0,1
640000.0,2.0,1.75,1760,4400,1.0,0,0,4,880,2896,95,1,0
477000.0,3.0,1.75,1780,8085,1.0,0,0,3,1210,953,49,1,0
455000.0,4.0,2.25,2450,21000,1.0,0,2,4,1650,1198,71,1,1
587206.0,3.0,3.5,1890,1710,2.0,0,0,3,1640,3935,26,1,0
425000.0,3.0,2.5,2540,5612,2.0,0,0,3,2540,4191,26,0,0
511500.0,4.0,1.0,1360,6000,1.5,0,0,3,1360,4061,108,0,1
218000.0,2.0,2.0,1310,2841,2.0,0,0,3,1310,2441,21,0,1
332000.0,3.0,2.0,1510,7884,1.0,0,0,3,1510,54,83,0,1
291000.0,3.0,1.5,1860,60960,1.0,0,0,4,1140,2148,58,1,0
279000.0,4.0,2.0,2200,7700,1.0,0,0,3,1100,1428,46,1,1
950000.0,4.0,2.5,3360,11548,2.0,0,0,3,3360,3434,37,0,1
970500.0,3.0,2.75,2470,10125,2.0,0,0,3,2470,3306,65,0,1
412000.0,2.0,1.0,1260,3960,1.0,0,0,3,690,4212,100,1,1
400000.0,3.0,1.0,1430,10005,1.5,0,0,4,1430,483,75,0,1
200000.0,3.0,2.25,1230,7420,1.5,0,0,5,1230,4126,112,0,0
397000.0,4.0,2.5,2320,11717,2.0,0,0,3,2320,5,28,0,0
715000.0,4.0,2.5,3290,6628,2.0,0,0,3,3290,4366,22,0,0
371000.0,4.0,2.5,2550,4770,2.0,0,0,3,2550,2421,20,0,0
458000.0,3.0,2.5,1870,5013,2.0,0,0,3,1870,4316,22,0,0
436500.0,5.0,3.0,3110,12429,1.0,0,0,3,1790,1135,48,1,1
329950.0,3.0,2.5,1820,8085,2.0,0,0,3,1820,312,42,0,1
950000.0,3.0,3.25,3050,18892,1.0,1,4,4,1650,3601,63,1,0
282000.0,4.0,2.0,1890,6302,2.0,0,0,3,1890,48,28,0,0
250000.0,1.0,1.0,800,16306,1.0,0,0,2,680,525,94,1,0
1135000.0,6.0,4.25,6900,244716,2.0,0,0,4,4820,1267,23,1,0
400000.0,4.0,1.75,2670,189486,2.0,0,4,3,2670,3006,53,0,1
681500.0,5.0,2.75,3260,11700,1.0,0,0,3,1630,1394,61,1,1
200000.0,2.0,1.0,860,6600,1.0,0,0,5,860,610,76,0,0
1300000.0,5.0,4.0,3366,7800,2.5,0,2,3,2966,2288,88,1,1
1462497.0,5.0,3.25,3840,4800,3.0,0,3,3,2750,259,17,1,0
995000.0,4.0,4.5,3850,13551,2.0,0,2,3,3000,3634,27,1,1
355000.0,4.0,2.5,2040,8265,2.0,0,0,3,2040,387,29,0,0
425000.0,3.0,2.25,1790,10209,1.0,0,0,3,1290,1224,58,1,1
869000.0,4.0,3.0,3740,30884,2.0,0,0,3,3060,1222,37,1,1
915000.0,3.0,3.25,2660,4000,2.0,0,0,3,2170,2834,22,1,0
2110000.0,3.0,2.25,3230,17833,2.0,0,0,4,3230,400,52,0,0
925000.0,4.0,2.0,3140,10437,1.0,0,0,4,2040,4181,66,1,0
2400000.0,6.0,4.5,5480,10800,2.0,0,3,4,4430,480,26,1,0
390000.0,3.0,1.0,1160,3750,1.5,0,0,3,1160,3157,115,0,1
330000.0,3.0,2.25,1860,11227,2.0,0,0,3,1860,1988,30,0,0
482500.0,4.0,3.0,1630,7626,1.0,0,0,5,1110,418,35,1,0
525000.0,3.0,2.25,1750,1879,3.0,0,0,3,1750,2289,24,0,0
237000.0,3.0,1.0,1300,8160,1.0,0,0,4,1300,83,65,0,1
205000.0,3.0,1.0,960,7314,1.0,0,0,5,960,3686,65,0,0
623000.0,3.0,2.5,1850,7777,2.0,0,0,5,1850,611,36,0,0
565000.0,4.0,2.75,3260,4900,2.0,0,0,3,3260,1174,12,0,1
400000.0,4.0,2.25,2420,7927,1.0,0,0,4,1400,1393,52,1,0
405000.0,3.0,1.0,1460,10000,1.5,0,0,3,1460,673,23,0,0
337000.0,4.0,3.0,2240,8504,2.0,0,0,3,2240,916,33,0,0
355000.0,2.0,1.0,1240,27042,1.0,0,1,3,1000,329,82,1,1
885000.0,3.0,2.25,2060,9552,1.0,0,0,4,1610,3888,50,1,0
420000.0,5.0,2.75,2280,10319,1.0,0,0,3,1300,3461,66,1,1
448000.0,4.0,2.5,2510,6853,2.0,0,2,3,2510,2397,19,0,0
800000.0,4.0,2.75,3150,7035,2.0,0,0,3,3150,231,21,0,1
830000.0,5.0,2.25,2780,10192,2.0,0,0,4,2780,824,47,0,1
725000.0,6.0,1.75,2380,4080,2.0,0,0,3,2380,3337,108,0,1
780000.0,3.0,2.25,2140,3000,2.0,0,0,3,2140,3552,120,0,1
325000.0,2.0,1.0,840,4239,1.0,0,0,3,840,4089,77,0,1
488800.0,4.0,2.25,2170,9665,1.0,0,0,4,1300,3771,49,1,1
1320000.0,4.0,3.5,4410,36200,2.0,0,0,3,4410,3710,36,0,0
489000.0,4.0,2.0,2120,11479,1.0,0,0,4,1060,192,85,1,1
1240000.0,7.0,5.5,6630,13782,2.0,0,0,3,4930,1235,21,1,1
595000.0,3.0,2.75,3290,22649,2.0,0,0,4,3290,2927,32,0,0
359900.0,5.0,2.25,2290,7420,1.0,0,0,3,1290,646,52,1,1
1080000.0,3.0,3.0,4910,43560,2.0,0,0,4,4000,1761,36,1,0
925000.0,4.0,2.75,3730,8014,2.0,0,0,3,3730,3737,13,0,1
625000.0,3.0,2.5,2440,4800,2.0,0,0,3,2440,3394,11,0,0
339990.0,3.0,2.5,2570,4600,2.0,0,0,3,2570,3638,11,0,0
775950.0,4.0,2.5,2970,4400,2.0,0,0,3,2970,1268,11,0,0
420000.0,5.0,3.0,2630,3149,2.0,0,0,3,1670,2920,12,1,1
654000.0,3.0,3.25,1530,1565,2.0,0,0,3,1280,1425,20,1,0
725000.0,3.0,3.5,3690,8837,2.0,0,0,3,3690,2870,24,0,0
375000.0,2.0,1.0,1230,1820,2.0,0,0,4,830,2744,77,1,0
1100000.0,3.0,2.5,2200,20000,1.0,0,1,3,1400,2737,73,1,1
639500.0,4.0,2.25,2330,8994,2.0,0,0,3,2330,821,39,0,0
849000.0,4.0,2.0,2160,6300,1.5,0,1,4,2160,3125,97,0,0
418000.0,4.0,1.5,1550,9176,1.0,0,0,3,1000,52,69,1,1
442900.0,4.0,1.75,1780,2788,1.0,0,0,4,890,2842,82,1,0
750000.0,3.0,1.75,2610,5544,1.5,0,0,3,1680,4009,91,1,1
930000.0,3.0,2.5,3290,6830,2.0,0,0,3,3290,959,25,0,0
565000.0,2.0,1.75,1330,6000,1.0,0,0,4,960,2568,111,1,1
874150.0,4.0,3.5,3530,14406,2.0,0,1,3,2570,3952,38,1,1
545000.0,4.0,2.5,2090,6023,2.0,0,0,3,2090,2242,35,0,1
500000.0,4.0,2.5,2040,8400,1.0,0,0,3,1420,3648,62,1,1
687000.0,4.0,2.5,2370,10083,2.0,0,0,5,2370,638,59,0,0
810000.0,4.0,2.5,2810,10613,2.0,0,0,3,2810,999,36,0,0
439500.0,3.0,2.5,2050,40003,1.0,0,0,4,1570,937,48,1,0
802000.0,3.0,1.75,2870,5000,1.5,0,0,4,1840,2384,118,1,0
732600.0,4.0,2.5,2130,7300,1.0,0,0,4,1230,3472,62,1,0
374000.0,4.0,2.5,2580,6260,2.0,0,0,3,2580,2105,21,0,1
330000.0,4.0,2.5,2380,13550,2.0,0,0,3,2380,2848,26,0,0
365000.0,4.0,2.0,1940,25600,1.0,0,0,1,1940,3146,63,0,0
290900.0,2.0,2.0,1610,17600,2.0,0,0,3,1610,692,95,0,1
577000.0,3.0,2.5,2060,5750,1.0,0,0,3,1330,3108,49,1,0
280000.0,2.0,1.0,1010,3000,1.0,0,0,4,1010,167,100,0,1
675000.0,4.0,2.5,2810,11120,2.0,0,0,3,2810,1884,43,0,0
800000.0,3.0,2.25,2380,11824,1.0,0,0,4,1450,3937,53,1,0
299995.0,2.0,1.0,1060,7200,1.0,0,0,4,1060,451,74,0,1
440000.0,3.0,1.75,1560,7207,1.0,0,0,3,1250,4314,42,1,1
249500.0,2.0,1.75,1500,8645,1.0,0,0,4,1500,2315,62,0,0
690000.0,2.0,1.0,970,4560,1.0,0,0,4,970,3088,118,0,0
235000.0,3.0,1.0,1170,11100,1.0,0,0,4,1170,4048,57,0,0
320000.0,3.0,2.5,2280,7417,2.0,0,0,3,2280,2400,27,0,1
350000.0,7.0,3.0,2800,9569,1.0,0,2,3,1400,1694,62,1,1
334000.0,4.0,1.5,1150,9360,1.5,0,0,3,1150,687,55,0,1
235000.0,6.0,3.0,2180,7956,2.0,0,0,3,2180,2777,45,0,0
442000.0,4.0,2.5,2520,7253,2.0,0,0,3,2520,3303,35,0,1
264000.0,3.0,1.75,1760,7482,1.0,0,0,4,1760,2367,59,0,0
275000.0,2.0,1.0,1180,6552,1.0,0,0,4,1180,1195,76,0,1
430000.0,2.0,1.5,950,4625,1.0,0,0,4,950,4251,76,0,1
550000.0,3.0,2.5,1900,3255,2.0,0,0,3,1900,2342,37,0,1
775000.0,4.0,2.5,2300,6158,2.0,0,0,3,2300,4326,26,0,0
603500.0,6.0,2.75,2660,8400,1.0,0,0,5,1550,556,63,1,0
230000.0,3.0,1.0,1530,389126,1.5,0,0,4,1530,2140,106,0,1
449000.0,4.0,2.5,1850,5040,1.0,0,0,3,1230,3904,95,1,1
2075000.0,4.0,3.5,4230,20377,2.0,0,0,3,4230,1214,28,0,0
420000.0,3.0,2.0,1200,5029,1.0,0,0,3,880,2603,88,1,1
735000.0,4.0,2.25,2270,5102,1.0,0,0,5,1340,2925,71,1,0
200000.0,3.0,1.5,1090,9600,1.0,0,0,4,1090,1352,57,0,0
286000.0,3.0,2.75,1100,750,2.0,0,0,3,780,3387,17,1,0
579000.0,3.0,2.5,1640,1269,3.0,0,0,3,1640,616,16,0,0
345100.0,3.0,3.75,1950,8625,1.0,0,0,3,1360,162,66,1,1
350000.0,3.0,1.75,1660,10150,1.5,0,0,3,1660,636,68,0,1
291500.0,3.0,1.0,880,9238,1.5,0,0,5,880,1221,79,0,0
649950.0,3.0,2.5,1500,1375,2.0,0,0,3,1200,2442,11,1,0
458500.0,3.0,2.0,1890,1599,2.0,0,0,3,1430,3804,13,1,1
500000.0,3.0,1.0,1150,5100,2.0,0,0,3,1150,3062,114,0,1
362300.0,3.0,2.5,2430,15264,2.0,0,0,3,2430,4386,28,0,0
324000.0,4.0,1.75,2110,7208,1.0,0,0,3,1170,1354,50,1,0
495000.0,3.0,2.0,2950,12196,2.0,0,0,4,2310,2111,107,1,1
233500.0,3.0,2.25,1650,2958,2.0,0,0,3,1650,2013,40,0,0
479000.0,3.0,2.25,2110,11319,2.0,0,0,4,2110,1122,47,0,1
322200.0,4.0,2.25,2010,19000,2.0,0,0,4,2010,2216,50,0,0
835000.0,4.0,2.5,3030,29163,2.0,0,0,3,3030,3568,27,0,1
347000.0,3.0,1.0,1270,8400,1.0,0,0,3,1270,154,70,0,1
725000.0,3.0,1.75,1610,8613,1.0,0,0,5,1610,204,63,0,0
345000.0,3.0,1.0,1140,4200,2.0,0,0,4,1140,320,121,0,0
345950.0,3.0,2.5,2110,4118,2.0,0,0,3,2110,836,36,0,0
550000.0,3.0,1.75,1840,8086,1.0,0,0,4,1840,780,61,0,0
399950.0,3.0,1.75,1560,5223,1.0,0,0,4,810,2937,85,1,1
269500.0,3.0,1.75,1840,7412,1.0,0,0,4,1240,1997,49,1,1
494000.0,4.0,2.5,1830,7345,1.0,0,0,4,1540,465,52,1,0
453000.0,4.0,1.75,2120,7420,1.0,0,0,4,1060,1082,69,1,0
442500.0,3.0,1.75,1600,10280,1.0,0,0,3,1050,783,48,1,1
235000.0,4.0,1.75,1450,8891,1.5,0,0,3,1180,3264,63,1,1
389800.0,3.0,1.75,1880,12821,1.0,0,0,3,1880,1968,66,0,1
346000.0,3.0,1.75,1270,8100,1.0,0,0,3,880,3784,75,1,1
360000.0,4.0,1.5,1720,6417,1.0,0,0,3,1720,728,72,0,0
650000.0,4.0,2.5,2400,7351,2.0,0,0,3,2400,2044,35,0,1
290000.0,3.0,1.0,1150,8145,1.0,0,0,4,990,1177,93,1,1
234000.0,2.0,1.0,870,11100,1.0,0,0,3,870,239,85,0,1
260000.0,4.0,2.5,2000,37045,2.0,0,0,3,2000,2509,36,0,0
349900.0,3.0,2.0,2420,38781,1.0,0,0,5,1210,1252,76,1,0
275000.0,3.0,1.0,1080,6000,1.0,0,0,4,1080,2019,73,0,0
725000.0,4.0,2.5,3420,30410,2.0,0,0,3,3420,1508,37,0,1
375000.0,4.0,2.5,1870,7471,2.0,0,0,3,1870,90,35,0,1
806000.0,4.0,2.5,2500,206474,1.0,0,0,3,2500,4241,28,0,0
470000.0,3.0,2.5,2150,8221,2.0,0,0,3,2150,1441,33,0,0
490000.0,3.0,2.25,1470,2500,2.0,0,0,3,1080,3781,41,1,0
615000.0,5.0,2.0,2130,4180,1.5,0,0,5,1270,2716,99,1,0
249000.0,3.0,1.0,1000,19204,1.0,0,0,3,1000,2680,57,0,1
396500.0,3.0,1.75,2390,7149,1.0,0,0,3,1350,647,70,1,1
405000.0,2.0,1.0,860,2599,1.0,0,0,4,860,3745,124,0,0
560000.0,3.0,2.5,1960,12476,2.0,0,0,4,1960,579,36,0,0
459950.0,4.0,2.5,2000,6107,2.0,0,0,3,2000,4317,22,0,0
265000.0,3.0,1.0,1620,9450,1.5,0,0,3,1620,7,97,0,1
502000.0,6.0,2.5,2890,8122,1.0,0,0,3,1630,2078,48,1,1
430000.0,3.0,1.75,1300,12731,1.0,0,0,3,1300,869,44,0,1
525000.0,2.0,1.0,1080,3500,1.0,0,3,3,1080,3493,101,0,1
415000.0,4.0,2.5,2170,8518,1.0,0,3,3,1350,197,70,1,1
600000.0,3.0,2.5,2260,10153,2.0,0,0,3,2260,1706,38,0,1
225000.0,3.0,1.75,1580,8820,1.0,0,0,4,1580,2674,58,0,0
300000.0,4.0,2.5,2620,4469,2.0,0,0,3,2620,1276,17,0,0
491234.0,4.0,2.5,1540,1860,2.0,0,0,3,1540,2193,11,0,0
1580000.0,4.0,2.5,4570,74487,2.0,0,4,5,4570,541,77,0,1
905000.0,4.0,3.25,3440,7661,2.0,0,0,3,3440,1186,19,0,0
199950.0,5.0,2.5,1740,8750,1.0,0,0,4,1740,2015,66,0,0
450000.0,4.0,1.75,2160,4333,1.0,0,0,4,1260,4204,83,1,1
899000.0,3.0,1.0,1480,6978,2.0,0,0,4,1480,3278,76,0,1
649000.0,2.0,1.75,2260,280962,2.0,0,2,3,1890,2543,20,1,0
780000.0,4.0,3.5,3910,59863,2.0,0,0,4,2490,648,38,1,0
400000.0,4.0,1.75,1700,20283,1.5,0,0,3,1340,1636,60,1,1
831500.0,5.0,2.5,4470,35124,2.5,0,0,3,4470,980,41,0,0
471001.0,3.0,1.75,1800,6000,1.0,0,0,5,900,3915,120,1,0
385000.0,3.0,3.25,1630,1677,3.0,0,0,3,1630,2900,18,0,0
326000.0,3.0,1.0,1030,9834,1.0,0,0,3,1030,656,56,0,1
335000.0,1.0,1.0,720,5100,1.0,0,0,3,720,3953,118,0,1
320000.0,4.0,1.5,1890,43560,1.0,0,0,4,1890,2620,51,0,0
300000.0,4.0,2.5,1840,5550,2.0,0,0,3,1840,388,21,0,1
269950.0,4.0,2.5,2540,8400,2.0,0,0,5,2540,2194,48,0,0
1220000.0,4.0,3.75,3520,3944,1.5,0,0,5,2200,2226,112,1,0
590000.0,4.0,2.5,3220,7875,1.5,0,0,4,3220,1207,59,0,0
750000.0,3.0,2.0,1820,5000,1.5,0,0,4,1720,1834,84,1,1
239950.0,3.0,1.75,1230,9600,1.0,0,0,4,1230,2281,41,0,0
215000.0,3.0,2.0,1340,8505,1.0,0,0,3,1340,2385,94,0,0
165000.0,3.0,1.0,1200,13100,1.0,0,0,3,1200,871,82,0,1
261350.0,3.0,1.75,1390,18200,1.0,0,0,4,1390,1087,63,0,0
569000.0,4.0,2.0,1730,3884,1.0,0,0,5,1060,3918,101,1,1
425000.0,3.0,2.25,1580,39189,1.0,0,0,3,1180,2399,33,1,0
800000.0,4.0,3.0,3520,4895,1.0,0,0,3,1980,2570,71,1,1
715000.0,4.0,2.5,2650,30500,1.0,0,0,4,1680,1992,65,1,1
337000.0,3.0,1.75,1310,12750,1.0,0,0,3,1310,957,32,0,0
560000.0,4.0,2.5,2300,7989,2.0,0,0,3,2300,1942,35,0,1
449500.0,3.0,2.25,1780,7280,1.0,0,2,3,1340,4432,53,1,1
660000.0,3.0,3.25,1980,2850,3.0,0,0,3,1980,3230,38,0,1
685000.0,2.0,1.5,1300,1676,1.0,0,2,3,1300,815,82,0,1
905000.0,5.0,3.5,3500,10155,2.0,0,0,3,2570,1073,29,1,0
403500.0,3.0,1.0,1830,8004,1.0,0,0,3,1200,706,65,1,1
405000.0,3.0,2.25,1520,1245,3.0,0,0,3,1520,4238,21,0,1
385000.0,4.0,2.75,2700,37011,2.0,0,0,3,2700,1528,41,0,0
1700000.0,3.0,2.75,2810,18731,2.0,1,4,4,2810,2485,51,0,0
285000.0,3.0,2.5,1660,6263,2.0,0,0,3,1660,2427,22,0,0
249900.0,3.0,2.0,1310,6738,1.0,0,0,4,1310,1589,35,0,0
633634.0,4.0,3.5,2960,6000,2.0,0,0,3,2960,2833,11,0,0
329900.0,3.0,2.5,2242,4995,2.0,0,0,3,2242,4515,14,0,0
310000.0,3.0,2.5,2540,4775,2.0,0,0,3,2540,1852,19,0,0
345000.0,3.0,1.5,1420,1192,2.0,0,0,3,1140,1298,17,1,0
160797.0,3.0,1.5,1270,2356,2.0,0,0,3,1270,3090,13,0,1
562500.0,3.0,2.25,1300,907,2.0,0,0,3,1000,1665,19,1,0
664950.0,5.0,3.0,3190,7081,1.0,0,2,3,1890,4013,12,1,1
515000.0,5.0,3.25,2910,5027,2.0,0,0,3,2040,1576,12,1,1
497000.0,3.0,2.25,1630,3817,2.0,0,0,3,1630,1641,20,0,0
312891.0,5.0,3.0,2300,8214,2.0,0,0,3,2300,2780,12,0,1
670000.0,3.0,2.5,3310,5300,2.0,0,2,3,2440,4423,17,1,0
362500.0,2.0,1.5,940,1768,2.0,0,0,3,940,281,16,0,0
402101.0,2.0,0.75,1020,1350,2.0,0,0,3,1020,4331,16,0,0
438000.0,3.0,1.75,1520,6380,1.0,0,0,3,790,1955,77,1,1
687500.0,4.0,1.75,2330,5000,1.5,0,0,4,1510,3957,96,1,0
160000.0,3.0,1.5,1010,9600,1.0,0,0,4,1010,1810,63,0,0
415000.0,3.0,1.75,1070,8000,1.0,0,0,3,1070,206,48,0,1
405000.0,3.0,2.5,3170,12750,2.0,0,0,3,2360,2520,30,1,0
880000.0,4.0,2.5,3030,3841,3.0,0,0,3,3030,3822,20,0,0
585000.0,3.0,2.5,2270,100545,2.0,0,0,3,2270,151,27,0,1
640000.0,4.0,2.5,2341,9594,2.0,0,0,3,2341,212,28,0,0
819000.0,3.0,3.5,2130,6150,2.0,0,2,5,1530,2707,117,1,0
520000.0,3.0,1.75,2300,35722,1.0,0,0,3,2300,1163,41,0,0
367500.0,3.0,1.0,1660,11783,1.0,0,0,4,1160,1378,47,1,1
762500.0,4.0,2.75,2610,8760,1.0,0,0,4,1760,4177,47,1,1
300000.0,3.0,1.0,2150,7007,1.0,0,0,3,2150,2659,71,0,1
625000.0,3.0,2.5,2410,64073,1.0,0,0,4,1820,956,49,1,1
530000.0,2.0,1.5,1580,3680,1.0,0,2,3,1280,2593,84,1,1
379000.0,3.0,2.5,1740,30886,2.0,0,0,3,1740,3393,33,0,0
615000.0,2.0,1.0,1270,5000,1.0,0,0,3,1090,3978,76,1,1
660000.0,2.0,2.25,2550,6000,2.0,0,0,5,1860,3693,123,1,0
380000.0,3.0,2.25,1860,15559,2.0,0,0,4,1860,3530,62,0,0
314900.0,4.0,1.75,2700,27072,1.0,0,0,3,1380,2873,67,1,1
324950.0,3.0,1.5,1460,8710,1.0,0,0,3,1460,1197,70,0,1
225000.0,3.0,1.75,1330,13102,1.0,0,0,3,1330,4339,57,0,1
535000.0,3.0,2.5,2070,4132,2.0,0,0,3,2070,3360,26,0,0
348500.0,3.0,1.5,1360,10726,1.0,0,0,4,1360,414,59,0,0
725000.0,4.0,2.5,2650,18295,2.0,0,0,3,2650,1775,39,0,0
925000.0,4.0,3.0,3580,35261,1.5,0,0,3,3580,1386,40,0,0
549000.0,2.0,1.0,2034,13392,1.0,1,4,5,1159,641,78,1,0
400000.0,3.0,2.0,1230,11413,1.0,0,0,3,990,1938,41,1,0
620000.0,4.0,2.5,2450,55387,2.0,0,0,3,2450,2214,31,0,0
665000.0,6.0,2.75,2840,8346,1.0,0,0,5,1420,3563,64,1,0
1215000.0,4.0,3.75,3820,53574,1.0,0,0,3,3820,912,31,0,0
1157400.0,3.0,2.5,2740,5925,2.0,0,2,3,2740,493,112,0,1
349950.0,4.0,2.5,2090,5289,2.0,0,0,3,2090,1605,36,0,0
2466350.0,5.0,4.75,6390,13180,2.0,0,0,3,4560,512,85,1,1
339000.0,4.0,2.0,2470,5080,1.5,0,0,3,1970,4097,77,1,1
615000.0,3.0,1.75,1720,4080,1.0,0,0,4,960,2710,101,1,0
751000.0,4.0,3.25,3090,9571,2.0,0,0,3,2370,363,21,1,1
941000.0,4.0,1.75,2320,3825,1.5,0,0,5,1820,600,99,1,0
600000.0,4.0,1.75,1740,7700,1.0,0,0,5,1740,1410,57,0,0
455000.0,4.0,2.5,2950,4502,2.0,0,0,3,2950,3478,20,0,0
1295648.0,0.0,0.0,4810,28008,2.0,0,0,3,4810,1716,35,0,1
485000.0,3.0,2.5,1500,5412,1.0,0,0,5,900,3657,105,1,0
358000.0,3.0,1.5,1810,100188,1.0,0,0,5,1810,3213,56,0,0
339000.0,3.0,1.0,1100,4128,1.0,0,0,4,720,4173,83,1,1
258000.0,3.0,1.0,1490,7435,1.0,0,0,3,1120,2259,56,1,1
455000.0,2.0,1.5,1200,1259,2.0,0,0,3,1000,2569,12,1,1
437000.0,4.0,2.5,1890,8505,1.0,0,0,3,1290,4273,45,1,0
689000.0,3.0,1.75,2200,9840,1.0,0,0,5,1500,1029,47,1,0
319000.0,4.0,2.5,2510,7992,1.0,0,0,3,1610,2968,47,1,0
510000.0,3.0,2.25,1420,1309,3.0,0,0,3,1420,3013,19,0,0
440000.0,3.0,1.75,2000,9900,1.0,0,2,4,1480,1384,68,1,1
1010000.0,2.0,2.0,1460,9052,1.0,0,2,5,1460,643,125,0,0
875000.0,4.0,2.5,3220,22588,2.0,0,0,3,3220,875,29,0,0
304000.0,4.0,2.0,1310,8454,1.0,0,0,4,1310,1372,72,0,1
139000.0,2.0,1.0,690,5280,1.0,0,0,4,690,4023,83,0,1
464500.0,3.0,1.75,1150,10466,1.0,0,0,5,1150,478,66,0,0
336500.0,3.0,1.0,1480,7284,1.0,0,0,3,970,3697,62,1,1
230000.0,4.0,1.75,1850,6000,1.0,0,0,4,1270,3863,81,1,0
425000.0,3.0,2.5,1930,4500,2.0,0,0,3,1930,2201,35,0,1
300000.0,2.0,1.0,750,5120,1.0,0,0,4,750,4093,84,0,1
457500.0,3.0,2.25,1430,2003,2.0,0,0,3,980,755,29,1,0
366000.0,3.0,1.75,1840,11440,1.0,0,0,4,1340,968,48,1,0
502000.0,3.0,2.0,1300,14350,1.0,0,0,3,1300,3097,70,0,1
194000.0,3.0,1.0,1050,7577,1.0,0,0,3,1050,2871,42,0,1
305000.0,4.0,2.25,2210,9371,2.0,0,0,4,2210,3148,57,0,0
1250000.0,4.0,2.5,3220,15600,1.0,0,0,5,1680,627,52,1,0
575000.0,4.0,2.5,4620,20793,2.0,0,0,4,4620,3400,34,0,0
343500.0,4.0,1.75,1760,6204,1.0,0,2,4,1180,215,75,1,1
325000.0,3.0,1.0,850,6906,1.0,0,0,3,850,1102,77,0,1
600000.0,4.0,3.25,4690,14930,2.0,0,2,3,3680,1623,30,1,0
850000.0,4.0,3.5,3920,37122,2.0,0,0,3,3920,2188,29,0,0
420000.0,3.0,2.5,2140,3821,2.0,0,0,3,2140,2535,20,0,0
257500.0,2.0,2.0,1180,9265,1.0,0,0,3,1180,700,85,0,1
317000.0,5.0,2.5,2360,11375,1.0,0,0,4,1180,3742,63,1,0
970000.0,3.0,2.25,3060,9950,1.5,0,2,4,1810,2379,95,1,0
252000.0,3.0,2.25,1670,7881,1.0,0,0,4,1190,430,48,1,0
683500.0,3.0,1.5,1820,5756,1.5,0,0,3,1640,3911,79,1,0
289000.0,3.0,2.5,1970,9607,2.0,0,0,3,1090,2475,37,1,1
355000.0,2.0,2.25,930,747,2.0,0,0,3,630,1768,18,1,0
675000.0,3.0,3.5,2300,5611,1.0,0,0,3,2300,2002,21,0,1
396500.0,3.0,2.5,2590,18980,1.0,0,0,4,2590,2104,49,0,1
362500.0,4.0,1.75,1450,8450,1.0,0,0,3,1450,3164,65,0,1
395000.0,4.0,1.75,1540,5120,1.0,0,0,5,770,3970,82,1,0
599000.0,5.0,2.75,2730,22572,1.0,0,0,3,2080,1920,57,1,1
218000.0,3.0,1.0,880,18205,1.0,0,0,4,880,286,80,0,0
589950.0,4.0,2.5,3190,8195,2.0,0,0,3,3190,2394,19,0,0
218000.0,3.0,1.5,1330,7600,1.0,0,0,4,1330,2206,57,0,0
360000.0,3.0,1.75,1500,7200,1.0,0,0,3,1500,1659,68,0,1
350000.0,2.0,1.0,740,7680,1.0,0,0,4,740,4291,103,0,0
350000.0,4.0,3.0,2560,5606,2.0,0,0,3,2560,492,21,0,1
845000.0,3.0,2.0,2540,4750,1.5,0,0,5,1840,4010,95,1,0
839000.0,3.0,2.5,3200,203425,1.0,0,0,3,3200,1477,25,0,0
850000.0,4.0,3.0,3330,4000,1.0,0,0,3,1790,3086,67,1,1
329950.0,2.0,1.0,900,5220,1.0,0,0,4,900,84,69,0,0
425000.0,4.0,1.5,1600,6180,1.5,0,0,3,1600,3033,79,0,0
210000.0,2.0,1.0,970,5500,1.0,0,0,3,970,3458,69,0,1
631500.0,2.0,1.0,1130,2640,1.0,0,0,4,1130,2287,98,0,0
295000.0,2.0,1.0,650,5400,1.0,0,0,3,650,1463,75,0,1
575000.0,3.0,2.25,2400,5000,1.5,0,0,4,1440,4210,99,1,1
415000.0,3.0,2.5,2280,6031,2.0,0,0,3,2280,2428,14,0,0
859000.0,4.0,2.25,3550,13900,1.0,0,0,3,1830,1107,15,1,0
639888.0,4.0,2.5,2050,2772,2.0,0,0,3,2050,943,13,0,1
329445.0,2.0,1.5,830,1119,2.0,0,0,3,830,1949,20,0,0
745641.0,4.0,2.5,2440,4850,2.0,0,0,3,2440,349,12,0,1
395000.0,3.0,2.5,1600,1936,2.0,0,0,3,1600,3310,18,0,0
790000.0,4.0,3.5,3190,31450,2.0,0,0,3,3190,248,15,0,0
890000.0,4.0,1.0,2550,4000,2.0,0,0,3,2370,1444,120,1,1
400000.0,3.0,2.5,2180,7508,1.0,0,0,4,1420,1417,63,1,0
365500.0,3.0,2.0,1410,9600,1.0,0,0,4,1410,1434,42,0,0
245000.0,3.0,2.0,1410,5760,1.0,0,0,3,1410,2248,40,0,0
390000.0,4.0,2.5,2340,8548,2.0,0,0,3,2340,384,32,0,0
196500.0,3.0,1.0,1320,9000,1.0,0,0,3,1320,2476,59,0,1
1200000.0,4.0,1.75,3990,13470,2.0,0,0,3,3990,1069,19,0,0
276900.0,3.0,1.0,1270,7566,1.0,0,0,4,1270,1308,67,0,1
995000.0,3.0,4.5,4380,47044,2.0,1,3,3,3720,901,57,1,1
2300000.0,4.0,3.25,4250,8570,2.0,0,0,3,4250,3481,21,0,1
505000.0,3.0,2.5,1860,8060,2.0,0,0,4,1860,3237,38,0,0
1229000.0,4.0,3.5,3770,37034,2.0,0,0,3,2830,844,36,1,0
352000.0,4.0,1.0,1530,8890,1.0,0,0,3,980,4098,100,1,1
597326.0,4.0,4.0,3570,8250,2.0,0,0,3,2860,4226,12,1,1
800000.0,2.0,1.0,1740,5719,1.0,0,0,3,1740,3705,70,0,1
270000.0,3.0,2.5,1670,8364,1.0,0,0,4,1300,1584,35,1,0
235000.0,4.0,2.0,1570,9415,2.0,0,0,4,1570,2681,41,0,0
409900.0,2.0,2.5,1590,1845,2.0,0,0,3,1590,524,28,0,0
739900.0,5.0,2.5,2980,5377,2.0,0,0,3,2980,399,19,0,0
608000.0,4.0,2.5,2690,4736,2.0,0,0,3,2690,4481,24,0,0
381500.0,2.0,1.0,900,2910,1.0,0,0,5,900,3509,101,0,1
562100.0,2.0,0.75,1440,3700,1.0,0,0,3,1200,3631,111,1,1
740000.0,4.0,2.5,3000,10392,2.0,0,0,3,3000,4287,30,0,0
308000.0,3.0,1.0,1640,18144,1.5,0,0,3,1640,271,83,0,1
905000.0,5.0,3.5,3100,10200,1.0,0,4,3,1660,3116,55,1,1
762000.0,4.0,3.5,4000,15253,2.0,0,0,3,4000,2821,18,0,0
356000.0,4.0,2.0,2020,48693,1.5,0,0,3,2020,3245,76,0,1
750000.0,3.0,1.5,1840,5000,1.5,0,0,5,1340,2773,110,1,0
418800.0,4.0,2.25,2100,9984,1.0,0,0,4,1290,3985,52,1,0
276000.0,4.0,2.25,2460,11250,1.0,0,0,4,2460,218,66,0,0
725000.0,3.0,2.5,2610,7510,2.0,0,0,3,2610,1044,29,0,0
285000.0,3.0,2.0,1460,6377,1.0,0,0,3,1460,2071,30,0,0
205000.0,3.0,1.0,1050,8498,1.0,0,0,3,1050,1885,67,0,1
583000.0,3.0,2.5,1790,8144,2.0,0,0,3,1790,4350,36,0,0
657000.0,4.0,2.5,2180,3375,1.5,0,0,4,1420,4038,99,1,1
386000.0,4.0,2.25,2050,9583,2.0,0,2,3,1770,1907,60,1,1
589950.0,5.0,3.0,2790,19439,1.0,0,3,5,1500,1526,52,1,0
575000.0,3.0,2.25,1700,3333,1.5,0,0,3,1100,3825,101,1,1
574000.0,3.0,2.5,2380,6832,2.0,0,0,3,2380,3896,23,0,0
690500.0,5.0,2.0,2000,4211,1.5,0,2,4,1280,2066,117,1,0
565000.0,2.0,1.75,1670,4008,1.0,0,0,3,1670,1818,20,0,0
500000.0,3.0,1.5,1190,4750,1.0,0,0,3,970,1893,85,1,1
330000.0,6.0,2.25,3040,28535,1.0,0,0,3,1890,3712,74,1,1
286000.0,2.0,1.0,780,3475,1.0,0,0,4,780,1650,95,0,0
450000.0,3.0,1.5,2330,11740,1.0,0,0,3,1330,1196,71,1,1
870000.0,4.0,2.75,2840,4000,1.5,0,0,5,1960,1683,113,1,0
725000.0,4.0,2.5,2490,5170,2.0,0,0,4,2490,701,25,0,0
275000.0,2.0,1.0,770,4840,1.0,0,0,4,770,3625,98,0,0
645000.0,3.0,2.75,1850,16960,1.0,0,2,4,1850,3756,72,0,1
152000.0,3.0,1.0,1090,3264,1.0,0,0,4,1090,390,56,0,0
315000.0,4.0,2.0,1780,5336,1.5,0,0,5,930,64,107,1,0
190000.0,1.0,0.75,930,29258,1.0,0,0,3,930,4046,84,0,1
700000.0,4.0,2.5,2770,5686,2.0,0,0,3,2770,4357,21,0,1
233000.0,3.0,1.0,1250,6180,1.5,0,0,3,1250,2713,70,0,1
249000.0,4.0,2.25,1830,6136,2.0,0,0,3,1830,2283,35,0,1
310000.0,2.0,1.0,870,5400,1.0,0,0,3,870,4391,75,0,1
265950.0,3.0,1.5,1150,8450,1.0,0,0,4,1150,4258,74,0,1
860000.0,5.0,3.25,4500,9648,2.0,0,4,4,3000,3180,57,1,0
200000.0,3.0,1.0,1150,4800,1.5,0,0,4,1150,1749,87,0,0
402000.0,4.0,2.25,2000,3672,2.0,0,0,5,1650,3801,99,1,0
305000.0,6.0,2.0,1900,8240,1.0,0,0,2,1200,2457,61,1,0
505000.0,3.0,1.75,1640,10695,1.0,0,2,3,1640,591,50,0,0
1355000.0,3.0,1.5,2680,4775,2.0,0,2,5,1880,1132,112,1,0
482000.0,3.0,2.5,2420,7307,2.0,0,0,3,2420,3929,27,0,1
299950.0,3.0,1.75,1790,7650,1.0,0,3,3,1790,2653,47,0,0
770000.0,4.0,2.5,3920,12415,2.0,0,0,3,3920,1952,28,0,0
245700.0,3.0,2.25,1640,8400,1.0,0,0,3,1180,2218,57,1,1
283000.0,3.0,1.0,890,8400,1.0,0,0,4,890,244,71,0,1
650000.0,4.0,2.75,1910,16532,1.0,0,0,4,1420,4336,85,1,1
530000.0,5.0,2.25,2140,7910,1.0,0,0,3,1070,1922,63,1,1
440000.0,3.0,1.75,2030,17100,1.0,0,0,4,2030,2113,72,0,1
1005000.0,4.0,4.5,4225,284011,2.0,0,0,4,4225,2034,40,0,0
599990.0,3.0,2.25,2680,9162,1.0,0,0,3,1570,3185,47,1,0
544000.0,4.0,2.5,2030,3974,2.0,0,0,3,2030,3188,31,0,0
1700000.0,5.0,3.5,5850,22885,2.0,0,2,4,4670,4461,47,1,1
270000.0,2.0,1.0,2060,8398,1.0,0,0,3,1260,123,63,1,1
435000.0,2.0,1.0,1060,3036,1.5,0,0,4,1060,3174,82,0,0
349000.0,3.0,1.0,1010,8184,1.0,0,0,4,1010,1065,78,0,1
1140000.0,4.0,2.25,3310,127631,2.0,0,0,5,3310,1061,101,0,1
320000.0,4.0,2.5,2000,10051,2.0,0,0,3,2000,2032,28,0,0
804100.0,4.0,2.5,3070,8086,2.0,0,0,3,3070,3861,20,0,0
594000.0,3.0,2.25,1270,1406,2.0,0,0,3,1060,3395,11,1,0
531500.0,4.0,2.75,3110,49765,1.0,0,0,4,3110,1902,67,0,1
1150000.0,3.0,2.0,2110,18815,2.0,0,0,5,2110,2521,46,0,0
374500.0,3.0,2.25,1400,11400,2.0,0,0,3,1400,4161,41,0,0
450000.0,4.0,2.75,2310,5650,1.0,0,2,3,1330,4495,73,1,1
744500.0,5.0,2.5,2700,16570,1.0,0,0,4,1750,3210,58,1,0
913888.0,5.0,2.25,2370,15512,2.0,0,0,4,2370,847,44,0,0
760000.0,4.0,2.5,2760,6000,2.0,0,0,5,2230,4150,83,1,0
346500.0,2.0,1.75,1610,6300,1.0,0,0,3,1010,3560,84,1,1
280000.0,3.0,1.75,1230,8250,1.0,0,0,3,1230,519,59,0,1
557500.0,3.0,1.75,1900,11165,1.0,0,0,4,1900,2847,66,0,0
260000.0,3.0,1.5,1580,8184,1.0,0,0,3,1140,1599,71,1,1
1330000.0,3.0,1.5,1940,2885,1.5,0,2,3,1940,497,125,0,1
640000.0,3.0,1.75,1620,6000,1.0,0,0,5,1040,4120,78,1,0
280000.0,7.0,2.5,1940,5458,2.0,0,0,3,1940,501,31,0,0
205000.0,3.0,1.0,1230,8750,1.0,0,0,3,1230,2614,60,0,1
957000.0,5.0,3.25,3160,5000,2.0,0,2,3,2180,2961,20,1,0
625000.0,5.0,2.5,2700,21208,1.0,0,0,4,1950,786,70,1,1
680000.0,4.0,1.5,1880,6200,1.0,0,2,5,1440,3067,71,1,0
150000.0,2.0,1.0,890,8100,1.0,0,0,3,890,682,83,0,1
255950.0,3.0,2.5,1720,3676,2.0,0,0,3,1720,330,33,0,0
246500.0,3.0,2.5,1620,7686,2.0,0,0,3,1620,1844,36,0,0
450000.0,2.0,1.0,1380,4390,1.0,0,0,4,880,4334,94,1,0
595888.0,3.0,1.75,1870,9000,1.0,0,0,5,1870,551,67,0,0
454000.0,3.0,1.0,1970,22144,1.0,0,0,4,1970,4254,55,0,0
299900.0,3.0,1.0,1110,8593,1.0,0,0,3,1110,1415,46,0,1
200000.0,3.0,2.0,1190,6833,1.0,0,0,3,1190,2661,30,0,0
346500.0,3.0,1.0,1150,11802,1.0,0,0,4,1150,3330,93,0,1
585000.0,4.0,2.75,2890,6825,1.0,0,0,3,1560,386,52,1,1
383000.0,3.0,1.75,1500,13430,1.0,0,0,3,1500,1561,48,0,1
519000.0,4.0,2.5,1950,2617,1.5,0,0,4,1250,282,115,1,0
410000.0,3.0,1.5,1250,7700,1.0,0,0,5,1250,3922,57,0,0
578000.0,4.0,2.5,2070,5415,2.0,0,0,3,2070,2171,29,0,0
1280000.0,4.0,3.5,4660,17398,2.0,0,2,3,4660,1297,22,0,0
395000.0,2.0,2.25,1350,1493,2.0,0,0,3,1050,3226,18,1,0
364000.0,3.0,2.5,1800,2790,2.0,0,0,3,1800,2573,14,0,0
240000.0,3.0,2.25,1481,2820,2.0,0,0,3,1481,3169,13,0,1
328423.0,3.0,2.5,1730,3600,2.0,0,0,3,1730,298,11,0,0
594000.0,4.0,2.75,2720,4613,2.0,0,0,3,2720,4299,20,0,0
425000.0,3.0,2.5,2320,2267,3.0,0,0,3,2320,50,16,0,0
309620.0,3.0,2.5,1860,3730,2.0,0,0,3,1860,0,13,0,1
260000.0,5.0,2.5,2025,7760,2.0,0,0,3,2025,464,18,0,0
563500.0,3.0,2.5,1400,1312,3.5,0,0,3,1400,2940,18,0,0
975000.0,5.0,3.0,2620,5477,2.0,0,0,3,2620,2953,16,0,0
937000.0,3.0,1.75,2450,2691,2.0,0,0,3,1750,1733,110,1,0
518500.0,3.0,3.5,1590,1102,3.0,0,0,3,1590,4052,15,0,0
563500.0,4.0,1.75,2085,174240,1.0,0,0,3,1610,2966,61,1,1
1050000.0,4.0,3.5,3450,7832,2.0,0,0,3,3450,3340,18,0,0
350000.0,3.0,2.25,1780,16290,2.0,0,0,4,1780,1081,38,0,0
826000.0,4.0,2.5,3060,7140,2.0,0,0,3,3060,2053,19,0,0
225000.0,3.0,2.0,1700,11475,1.0,0,0,5,970,2039,80,1,0
235867.0,4.0,2.0,1330,5926,1.0,0,0,4,1330,1774,83,0,1
399000.0,4.0,3.0,3060,5000,2.0,0,0,3,3060,1154,24,0,0
177500.0,3.0,1.5,1220,6000,1.0,0,0,3,1220,3381,57,0,1
224000.0,4.0,1.5,1600,9289,1.0,0,0,4,1600,1807,66,0,0
302000.0,4.0,1.75,1530,17664,1.5,0,0,3,1530,1202,57,0,1
760000.0,3.0,2.5,1980,13964,1.0,0,0,5,1980,3173,66,0,0
460000.0,3.0,2.5,1730,8490,1.0,0,0,3,1210,4342,56,1,1
415000.0,3.0,1.0,1170,6700,1.0,0,0,3,1170,2885,68,0,1
669000.0,2.0,1.75,1950,10766,1.0,0,3,4,1160,2904,73,1,0
254600.0,3.0,2.0,1470,20000,1.0,0,0,4,1470,1630,57,0,0
357250.0,3.0,1.5,1400,8840,1.0,0,0,4,1400,1332,73,0,0
910000.0,4.0,3.5,4040,50479,2.0,0,0,3,4040,717,38,0,1
725000.0,6.0,3.0,3110,5000,1.5,0,0,5,1810,4154,104,1,0
670000.0,3.0,1.5,1490,4400,1.5,0,0,4,1490,4417,119,0,1
440000.0,4.0,1.5,1770,5750,2.0,0,0,3,1770,3316,78,0,1
1025000.0,4.0,3.5,3320,19850,1.0,0,2,4,2040,4232,48,1,0
320000.0,2.0,1.0,950,5316,1.0,0,2,3,950,2989,77,0,1
310000.0,4.0,2.5,2430,5499,2.0,0,0,3,2430,1169,23,0,0
772650.0,4.0,2.5,2660,10800,1.0,0,0,3,2660,507,70,0,1
669950.0,4.0,2.5,2670,11877,2.0,0,0,3,2670,2196,29,0,0
690000.0,5.0,3.5,2720,7598,2.0,0,0,3,1860,4315,32,1,0
385000.0,4.0,2.5,3200,22651,1.0,0,0,5,1610,1998,55,1,0
663000.0,3.0,2.5,2480,37843,1.5,1,3,4,2480,3886,51,0,0
300000.0,3.0,2.25,1780,10395,1.0,0,0,3,1780,862,58,0,1
225500.0,2.0,1.75,1590,11276,1.0,0,0,4,1590,4422,53,0,0
320000.0,3.0,2.0,1550,34175,1.5,0,0,3,1550,3410,26,0,0
775000.0,3.0,2.75,2850,14800,1.0,0,0,4,1920,3427,49,1,1
805000.0,3.0,2.75,2600,5875,1.5,0,2,5,1600,3639,96,1,0
252750.0,4.0,1.0,1230,7410,1.5,0,0,3,1230,3777,81,0,0
254000.0,5.0,2.0,2080,16117,1.0,0,0,5,1740,2494,66,1,0
620000.0,6.0,3.5,3600,6875,2.0,0,0,3,2740,3835,21,1,1
435000.0,4.0,2.75,2110,8751,1.0,0,0,3,1510,1483,63,1,1
460000.0,4.0,2.5,2550,19017,1.0,0,0,4,1300,1592,64,1,1
268000.0,3.0,2.5,1650,6684,2.0,0,0,3,1650,379,34,0,0
446000.0,2.0,1.5,1370,1221,2.0,0,0,3,1080,1743,17,1,0
285000.0,2.0,1.0,1010,7200,1.0,0,0,3,1010,1513,50,0,0
530000.0,3.0,2.0,2330,26571,2.5,0,0,3,2330,749,38,0,1
402000.0,2.0,1.0,620,2475,1.0,0,0,5,620,3441,114,0,1
358000.0,3.0,1.5,2450,12497,1.0,0,0,4,2450,4050,58,0,0
354950.0,4.0,2.75,2530,7350,1.0,0,0,5,1280,2705,48,1,0
405000.0,4.0,2.5,2220,4652,2.0,0,0,3,2220,3422,24,0,0
568000.0,4.0,1.75,2110,265716,1.0,0,0,4,2110,3593,46,0,0
575000.0,5.0,3.0,3690,49709,1.0,0,2,3,2690,2014,65,1,1
315000.0,4.0,2.5,1940,10200,1.0,0,0,4,1140,1753,48,1,0
280927.0,4.0,2.25,2070,7350,2.0,0,0,4,2070,2340,48,0,0
440000.0,4.0,2.5,2160,7826,1.0,0,0,4,1390,1671,49,1,1
270000.0,4.0,2.25,2600,9900,1.0,0,0,3,1600,4055,60,1,1
755000.0,4.0,2.75,2880,4000,1.5,0,0,3,2100,1762,113,1,1
289659.0,4.0,2.25,2260,7200,2.0,0,0,4,2260,1779,41,0,0
555000.0,5.0,3.0,3640,6930,2.0,0,0,3,3640,2136,21,0,1
450000.0,3.0,1.5,1530,23660,1.0,0,0,3,1530,2699,73,0,1
1145000.0,3.0,2.5,2490,4000,2.0,0,0,5,1670,2067,107,1,0
495000.0,3.0,1.75,1440,11787,1.0,0,0,3,1440,1944,42,0,1
1250000.0,3.0,3.0,3760,8500,2.5,0,3,4,3060,3483,115,1,0
580000.0,4.0,1.75,1720,6975,1.0,0,0,3,1420,3318,50,1,0
560000.0,4.0,2.5,2480,16360,1.0,0,0,5,1510,1485,66,1,0
1080000.0,4.0,3.5,3990,5267,2.0,0,0,3,3990,1159,17,0,0
450000.0,2.0,1.75,840,3340,1.0,0,0,3,700,3592,113,1,1
815000.0,3.0,2.0,2270,11989,1.0,0,0,4,2270,3807,57,0,0
354000.0,4.0,2.5,2580,5476,2.0,0,0,3,2580,47,20,0,0
279900.0,3.0,1.75,1580,6620,1.0,0,0,3,1580,2054,37,0,1
339000.0,2.0,1.0,950,7954,1.0,0,0,4,950,1679,84,0,1
1340000.0,4.0,3.5,3190,5040,2.0,0,3,3,2160,264,22,1,0
710000.0,3.0,3.25,3740,136915,2.5,0,0,3,3100,1215,35,1,1
815000.0,4.0,2.75,2620,4743,1.0,0,2,4,1310,2789,76,1,1
800000.0,3.0,1.75,2080,75794,1.0,0,0,3,2080,307,67,0,1
638000.0,3.0,2.0,1660,3729,1.0,0,0,5,970,3750,103,1,1
475580.0,3.0,1.75,1520,11085,1.0,0,0,3,1520,1710,42,0,1
243800.0,3.0,1.0,1140,27760,1.0,0,0,4,1140,2404,44,0,0
600000.0,3.0,2.5,3240,8016,2.0,0,0,3,2910,2876,21,1,1
620000.0,3.0,2.0,2460,41343,1.0,0,0,4,2460,2045,37,0,0
750000.0,4.0,2.75,1750,5080,1.5,0,0,3,1750,908,122,0,1
626000.0,3.0,1.75,2430,5000,2.0,0,0,4,1760,3826,80,1,0
230000.0,3.0,1.0,1060,9946,1.0,0,0,4,1060,1389,69,0,0
537000.0,3.0,3.0,2410,7479,2.0,0,2,3,2410,2974,83,0,1
210000.0,2.0,1.0,720,8040,1.0,0,0,3,720,1038,82,0,1
200500.0,3.0,1.75,1260,9346,1.0,0,0,4,1260,343,62,0,0
253500.0,3.0,1.0,1640,12384,1.0,0,0,4,1090,2297,71,1,1
150000.0,3.0,1.0,1310,9612,1.0,0,0,3,960,2827,63,1,1
440000.0,3.0,1.5,2120,6290,1.0,0,0,4,1220,3192,76,1,1
667000.0,3.0,1.75,3320,478288,1.5,0,3,4,2260,3092,92,1,1
660000.0,3.0,1.0,1210,9622,1.0,0,1,3,1210,413,70,0,1
695000.0,3.0,2.75,2590,12063,2.0,0,0,3,2590,3628,32,0,0
440000.0,4.0,2.5,2250,7526,2.0,0,0,3,2250,3487,36,0,0
1388000.0,4.0,3.0,4040,20001,1.0,0,0,3,2020,2836,53,1,1
219500.0,3.0,1.0,1090,6710,1.5,0,0,5,1090,339,113,0,0
220000.0,3.0,1.5,1660,15600,2.0,0,0,3,1660,3011,44,0,1
270000.0,2.0,1.0,1780,81021,1.0,0,3,4,1780,2959,71,0,1
900000.0,4.0,3.5,3370,5000,2.0,0,2,3,2470,2863,17,1,0
1990000.0,5.0,3.0,4480,5000,2.5,0,0,5,3420,4387,123,1,0
800000.0,4.0,2.5,2990,16809,2.0,0,0,3,2990,1637,35,0,1
365000.0,5.0,2.0,2280,19000,1.5,0,0,3,2280,970,101,0,1
1387800.0,3.0,3.0,2480,5500,2.0,0,3,3,1730,2484,75,1,1
451000.0,5.0,2.75,2830,8925,1.5,0,0,3,2830,445,58,0,1
202000.0,2.0,1.0,920,7569,1.0,0,0,4,920,453,75,0,1
1410000.0,4.0,2.25,3250,16684,2.0,0,0,3,3250,2192,46,0,1
471000.0,2.0,1.75,1240,6417,1.0,0,0,5,1240,3799,101,0,1
827000.0,4.0,2.5,3230,12100,1.0,0,0,3,1870,3351,48,1,1
235000.0,5.0,2.5,2500,9583,1.0,0,0,3,1300,1187,46,1,1
216500.0,2.0,1.75,1390,4482,1.0,0,0,4,1390,2145,45,0,0
359000.0,5.0,1.75,1940,6654,1.5,0,0,4,1940,1025,72,0,1
252500.0,3.0,2.0,1900,8002,1.0,0,0,3,1900,439,34,0,0
370000.0,3.0,1.5,2380,14500,1.0,0,0,4,1850,3758,64,1,1
663000.0,3.0,2.0,1480,3876,1.0,0,0,5,860,3884,97,1,1
971971.0,4.0,3.75,3460,6738,2.0,0,0,3,3460,929,12,0,1
420000.0,3.0,1.75,1444,249126,1.5,0,0,3,1444,1848,17,0,0
330675.0,4.0,3.0,1930,3031,1.0,0,0,3,1200,2312,19,1,0
240000.0,4.0,1.0,1200,2171,1.5,0,0,3,1200,175,92,0,0
334888.0,3.0,2.5,1769,7324,2.0,0,0,3,1769,328,13,0,1
414000.0,3.0,2.5,2490,4540,2.5,0,0,3,2490,3383,13,0,1
782900.0,4.0,3.25,3060,3898,2.0,0,0,3,2300,2022,11,1,0
525000.0,4.0,2.75,3030,6625,2.0,0,0,3,3030,3432,14,0,0
429900.0,3.0,2.5,2370,5353,2.0,0,0,3,2370,914,16,0,0
390000.0,3.0,3.25,1370,913,2.0,0,0,3,1100,3283,19,1,0
224000.0,3.0,1.75,1500,11968,1.0,0,0,3,1500,2735,11,0,0
257500.0,3.0,2.25,1715,6819,2.0,0,0,3,1715,3545,30,0,0
665000.0,2.0,1.0,1110,3200,1.0,0,0,3,1110,1143,100,0,1
327000.0,5.0,2.75,2400,8050,2.0,0,0,3,2400,3453,27,0,1
425000.0,3.0,1.0,1520,213444,1.5,0,3,5,1520,128,37,0,0
687500.0,4.0,2.75,3190,10970,2.0,0,0,3,3190,2303,31,0,0
672500.0,3.0,2.25,2400,5300,1.5,0,0,4,1250,4117,86,1,1
140000.0,3.0,1.0,1060,7473,1.0,0,0,3,1060,2251,66,0,1
215500.0,2.0,1.75,1220,15600,1.0,0,0,3,1220,2902,53,0,1
464900.0,4.0,2.25,2020,8424,1.0,0,0,4,1380,794,46,1,0
417000.0,4.0,2.25,2300,7700,1.0,0,0,3,1380,3548,66,1,1
453000.0,4.0,2.75,2300,37533,1.0,0,3,5,1550,4059,46,1,0
700000.0,3.0,2.5,1660,1545,2.0,0,2,3,1400,4159,23,1,0
1619999.0,4.0,3.0,3900,9750,1.0,0,4,5,2520,3382,53,1,0
259500.0,3.0,1.75,1650,12349,1.0,0,0,3,1650,3127,68,0,1
460000.0,4.0,2.5,2110,35091,1.0,0,0,4,1290,2121,40,1,0
561500.0,3.0,1.75,1960,6380,1.0,0,0,4,980,104,86,1,1
641000.0,4.0,2.5,2770,63118,2.0,0,0,3,2770,3757,28,0,0
330000.0,4.0,1.75,2440,7350,1.0,0,0,3,1610,2975,47,1,0
447000.0,2.0,1.0,1320,8380,1.0,0,0,3,1320,105,72,0,0
320000.0,4.0,2.5,2570,4865,2.0,0,0,3,2570,2362,20,0,0
212700.0,2.0,1.0,940,5040,1.0,0,0,3,940,3910,99,0,1
260000.0,2.0,1.0,700,4800,1.0,0,0,3,700,1020,103,0,1
410000.0,3.0,2.0,1400,45738,2.0,0,0,4,1400,2346,44,0,0
355000.0,4.0,2.5,1890,7867,2.0,0,0,3,1890,2154,29,0,0
275500.0,2.0,1.0,720,11400,1.0,0,0,5,720,1493,74,0,0
415000.0,3.0,1.75,2410,8944,1.0,0,0,4,1860,1293,58,1,0
279000.0,3.0,2.5,1630,7950,1.0,0,0,3,1320,1670,40,1,0
350000.0,5.0,1.75,2330,14322,1.0,0,0,4,1180,781,57,1,0
355000.0,2.0,2.25,1330,10838,2.0,0,0,3,1330,1586,40,0,0
750000.0,4.0,2.25,3190,11597,2.0,0,0,3,2300,2185,41,1,0
235000.0,3.0,1.75,1400,6300,1.0,0,0,3,1400,1401,27,0,1
209950.0,3.0,1.0,970,9583,1.0,0,0,4,970,2798,58,0,0
230000.0,3.0,1.75,1010,9600,1.0,0,0,5,1010,1527,56,0,0
725000.0,3.0,2.5,3580,54450,1.5,0,0,3,3580,1973,35,0,1
430000.0,2.0,1.0,1050,2570,1.0,0,0,5,850,3794,98,1,0
661500.0,5.0,2.5,2500,7200,1.0,0,0,4,1490,1206,48,1,0
738000.0,3.0,3.0,2630,4896,2.0,0,0,3,2630,101,19,0,0
1820000.0,4.0,4.5,6640,53330,2.0,0,0,3,6640,1859,32,0,0
221000.0,3.0,1.0,910,8789,1.0,0,0,3,910,3760,59,0,1
665000.0,3.0,2.5,2610,35000,2.0,0,0,3,2610,1049,37,0,1
255000.0,3.0,2.5,1720,6194,2.0,0,0,3,1720,3492,27,0,1
1195000.0,5.0,2.75,3650,13297,2.0,0,0,5,2750,3658,56,1,0
355000.0,3.0,1.75,2040,22693,1.0,0,0,4,2040,1015,45,0,0
755000.0,5.0,2.5,3260,24300,1.5,0,1,4,2310,3488,75,1,1
300000.0,3.0,1.5,1590,8911,1.0,0,0,3,1590,3813,69,0,1
500000.0,4.0,1.0,1440,7100,1.5,0,0,3,1440,2563,119,0,1
191000.0,2.0,1.0,900,3400,1.0,0,0,5,900,4252,120,0,0
315000.0,6.0,4.0,3120,4240,2.0,0,2,4,2090,4100,32,1,0
415000.0,3.0,2.5,1060,1536,2.0,0,0,3,1060,2511,25,0,0
394000.0,4.0,2.5,3000,9793,2.0,0,0,3,3000,2302,23,0,0
490000.0,3.0,2.5,2230,5348,2.0,0,0,3,2230,3956,25,0,0
523460.0,5.0,1.75,1890,5000,1.5,0,0,3,1090,287,119,1,1
550000.0,4.0,3.5,4150,16197,2.0,0,0,3,4150,385,19,0,0
342000.0,3.0,1.75,1780,10409,1.0,0,0,3,1280,1083,44,1,1
560000.0,4.0,2.5,2710,6583,2.0,0,0,3,2710,3706,22,0,0
1050000.0,4.0,4.25,4390,13833,2.0,0,3,3,3320,3503,22,1,0
710000.0,2.0,1.5,1640,4080,1.5,0,0,5,1540,3329,109,1,0
1020000.0,3.0,2.25,1670,4800,1.5,0,3,3,1670,3909,122,0,1
399950.0,3.0,2.5,2570,10431,2.0,0,0,3,2570,4448,36,0,0
480000.0,2.0,1.0,1500,3420,1.0,0,0,3,1500,3272,123,0,0
410000.0,3.0,1.0,2710,19000,2.0,0,3,4,2710,1362,75,0,1
530000.0,4.0,1.75,2860,48351,1.0,0,0,3,1710,1536,47,1,0
528000.0,2.0,0.75,840,40642,1.0,1,4,4,840,4312,88,0,0
469900.0,4.0,2.5,2990,8913,2.0,0,0,4,2990,1506,34,0,0
397000.0,5.0,1.0,1170,6757,1.0,0,0,4,800,888,81,1,0
718500.0,3.0,1.5,1200,6240,1.0,0,0,3,1030,2745,73,1,1
195000.0,2.0,1.0,1020,8100,1.0,0,0,3,1020,382,85,0,1
285000.0,2.0,1.0,910,8155,1.0,0,0,4,910,1048,77,0,0
295000.0,1.0,1.0,700,2500,1.0,0,0,4,700,3128,118,0,0
602000.0,4.0,1.75,2420,37800,1.0,0,0,4,1880,2030,44,1,0
235000.0,3.0,1.75,1950,8712,1.0,0,0,3,1950,1451,65,0,1
465000.0,4.0,2.5,3060,6000,2.0,0,0,3,3060,1789,13,0,1
234000.0,4.0,1.0,1390,18000,1.0,0,0,3,1390,3049,70,0,1
504200.0,2.0,1.5,1200,1687,3.0,0,0,3,1200,2867,17,0,0
710000.0,3.0,2.5,2440,4153,2.0,0,0,3,2440,3817,22,0,0
589500.0,3.0,3.25,2310,3075,2.0,0,0,3,1730,3259,20,1,0
415000.0,3.0,2.75,2600,64626,1.5,0,0,3,2600,3868,16,0,0
735000.0,3.0,2.25,1490,1212,2.0,0,0,3,1040,3199,14,1,0
427000.0,3.0,2.5,2432,9391,2.0,0,2,3,2432,2477,20,0,0
982000.0,4.0,2.75,3610,8580,2.0,0,0,3,3610,532,11,0,0
459000.0,4.0,3.0,2530,10000,2.0,0,0,3,2530,247,12,0,1
483453.0,4.0,2.75,2790,5527,2.0,0,0,3,2790,4320,11,0,0
246950.0,3.0,3.0,1670,4440,1.0,0,0,3,1670,3438,11,0,0
235000.0,1.0,1.5,1170,1456,2.0,0,0,3,1070,2556,18,1,0
288790.0,4.0,2.0,1350,942,3.0,0,0,3,1350,4365,17,0,0
229800.0,2.0,1.75,1110,1773,2.0,0,0,3,1110,3183,11,0,0
516500.0,1.0,1.25,1100,638,3.0,0,0,3,1100,3161,11,0,0
1600000.0,3.0,4.25,2820,7200,2.0,0,0,4,2460,2717,95,1,0
234000.0,3.0,1.0,1040,8128,1.0,0,0,3,1040,2339,42,0,1
230000.0,2.0,1.75,1910,3376,2.0,0,0,3,1910,1803,45,0,0
300000.0,4.0,1.0,1370,8499,1.0,0,0,3,1370,935,76,0,1
470000.0,3.0,1.5,1500,5000,1.5,0,0,4,1140,3839,98,1,0
339900.0,3.0,1.0,1200,9087,1.0,0,0,5,1200,4309,56,0,0
650000.0,2.0,1.0,1050,2542,1.0,0,0,3,880,1338,121,1,0
585000.0,5.0,2.5,2670,16777,1.5,0,0,4,1620,2166,105,1,0
699900.0,4.0,2.5,2190,11500,1.0,0,0,4,1430,3269,53,1,0
598000.0,4.0,2.5,3130,40918,2.0,0,0,3,3130,3362,31,0,0
475000.0,3.0,2.5,1700,9100,1.0,0,0,3,1160,3950,27,1,1
314500.0,3.0,1.75,1700,17355,1.0,0,0,3,1200,2324,47,1,0
397000.0,3.0,3.5,1360,1275,2.0,0,0,3,1240,711,18,1,0
345000.0,3.0,2.0,1610,15005,1.0,0,0,4,1610,2685,39,0,0
325000.0,5.0,2.75,2130,6222,1.0,0,0,3,1300,3287,34,1,0
265000.0,3.0,1.0,1800,7650,1.0,0,0,5,1800,3670,68,0,0
402000.0,4.0,2.75,2950,15540,1.0,0,0,4,2120,2092,51,1,0
835000.0,3.0,2.25,2120,54014,2.0,0,0,4,2120,3175,61,0,0
780000.0,4.0,2.5,3500,7048,2.0,0,0,3,3500,4311,20,0,0
250000.0,3.0,2.0,1440,9220,1.0,0,0,3,1440,2249,60,0,1
1200000.0,4.0,2.0,2120,3360,2.0,0,0,3,2120,3170,120,0,1
935000.0,2.0,2.5,1780,2067,2.0,0,0,5,1780,1894,51,0,0
300000.0,2.0,1.0,960,8153,1.0,0,0,3,960,2277,78,0,1
419000.0,2.0,1.75,1510,4980,1.0,0,0,3,1510,725,19,0,0
410000.0,1.0,1.5,1010,5750,1.0,0,0,3,1010,3349,114,0,1
1165000.0,3.0,3.0,3790,5001,2.0,0,0,3,2810,3003,36,1,0
461000.0,3.0,1.75,3600,8666,2.0,0,0,4,2400,642,77,1,0
385000.0,3.0,1.75,1300,7030,1.0,0,0,3,1300,718,57,0,1
669500.0,4.0,2.25,2500,4046,1.5,0,0,4,1520,4131,85,1,1
491950.0,3.0,2.25,2090,10733,1.0,0,0,3,1440,3255,67,1,1
1230000.0,3.0,1.75,2200,14630,1.5,0,1,3,2200,4416,77,0,1
560000.0,3.0,2.25,2070,15002,1.5,0,0,3,2070,3489,70,0,1
370000.0,3.0,1.0,1320,7341,1.0,0,0,3,1320,945,43,0,0
263400.0,4.0,2.0,1360,60548,1.0,0,0,3,960,2956,65,1,1
100000.0,2.0,1.0,930,7623,1.0,0,0,2,930,108,83,0,0
289950.0,3.0,2.5,1760,8584,1.5,0,0,5,1760,1106,88,0,0
263000.0,3.0,1.75,1410,8100,2.0,0,0,3,1410,1874,40,0,0
397500.0,4.0,2.5,2570,7859,2.0,0,0,3,2570,1890,33,0,0
245000.0,3.0,2.75,1300,14197,1.0,0,0,3,860,372,29,1,0
535000.0,3.0,1.0,1580,6300,1.0,0,0,3,1180,1772,100,1,1
449000.0,4.0,2.5,2960,6031,2.0,0,0,3,2960,1917,20,0,0
490000.0,4.0,3.0,2330,3497,2.0,0,0,3,1920,3537,22,1,0
445800.0,4.0,2.25,2070,39446,1.0,0,0,3,1470,1676,48,1,1
345000.0,2.0,1.0,970,5750,1.0,0,0,4,970,3608,93,0,1
327500.0,3.0,2.25,2310,7200,2.0,0,0,3,2310,249,35,0,1
436500.0,4.0,2.5,2290,11173,2.0,0,0,4,2290,712,37,0,0
550000.0,3.0,2.25,1720,9600,1.0,0,0,4,1220,3611,58,1,0
441000.0,2.0,1.5,1190,3400,1.0,0,0,3,990,3676,106,1,1
406500.0,2.0,1.0,870,5750,1.0,0,0,4,870,3281,78,0,1
243000.0,2.0,1.5,1068,1758,2.0,0,0,3,1068,3936,35,0,1
359500.0,4.0,2.75,2140,10316,2.0,0,0,3,2140,2417,32,0,0
760000.0,4.0,2.5,3300,165528,2.0,0,0,3,3300,1547,41,0,0
1925000.0,5.0,4.25,4830,8050,2.5,0,2,4,3710,2329,111,1,1
408000.0,5.0,3.25,2820,6589,1.5,0,0,3,2320,3977,119,1,1
480000.0,4.0,3.0,2440,9664,2.0,0,0,3,1890,1512,44,1,1
875000.0,4.0,1.5,1800,3245,1.5,0,0,4,1800,1961,96,0,0
308000.0,3.0,1.0,1010,8800,1.0,0,0,4,1010,3668,71,0,1
880000.0,4.0,2.75,3220,4392,1.5,0,0,4,2320,3642,94,1,0
1730000.0,5.0,3.5,5000,26540,2.0,0,3,3,3410,3267,17,1,0
170000.0,2.0,1.0,1200,24792,2.0,0,0,2,1200,2567,49,0,0
491500.0,3.0,2.25,1470,4322,2.0,0,0,3,1470,3236,40,0,0
515000.0,3.0,2.5,2600,4506,2.0,0,0,3,2600,950,22,0,0
550000.0,4.0,1.5,2750,128502,1.0,0,0,2,1500,1510,67,1,0
255000.0,2.0,1.0,1320,9967,1.0,0,0,3,940,3015,106,1,1
635000.0,3.0,2.5,3350,4007,2.0,0,0,3,2550,30,20,1,0
850000.0,3.0,2.5,2650,2387,2.0,0,0,3,1830,3117,105,1,1
265000.0,2.0,2.0,1860,10856,1.0,0,0,3,1260,289,73,1,1
349810.0,3.0,1.0,960,8855,1.0,0,0,4,960,760,67,0,1
972000.0,4.0,1.75,2010,6300,1.0,0,2,5,1610,2464,88,1,0
235000.0,2.0,1.0,900,28800,1.0,0,0,1,900,4222,97,0,0
330000.0,4.0,2.5,2340,11784,2.0,0,0,3,2340,2089,28,0,0
500000.0,4.0,3.0,3720,15048,3.0,0,0,3,3720,73,46,0,1
570000.0,3.0,2.0,1890,29185,1.0,0,0,3,1470,624,76,1,1
1309500.0,4.0,2.5,2680,12215,1.0,1,4,3,1590,1422,69,1,1
544000.0,3.0,2.5,1460,1613,2.0,0,0,3,1180,3823,18,1,0
439000.0,3.0,2.5,3180,7904,1.0,0,0,3,1810,2447,19,1,0
530000.0,4.0,2.25,1980,15086,2.0,0,0,3,1980,1745,44,0,1
427500.0,2.0,2.0,1090,934,3.0,0,0,3,1090,1274,17,0,0
337000.0,4.0,2.5,2230,5970,2.0,0,0,4,2230,1093,23,0,0
1095000.0,4.0,2.75,3330,9143,2.0,0,0,4,3330,272,30,0,0
435000.0,4.0,2.0,1880,3840,1.0,0,0,3,970,217,121,1,0
765000.0,5.0,3.0,2870,5700,1.0,0,0,3,1950,3314,61,1,1
492650.0,4.0,1.75,2120,9786,1.0,0,0,3,1640,3510,58,1,1
383962.0,4.0,2.5,2700,6998,2.0,0,0,3,2700,964,24,0,0
950000.0,4.0,2.5,3670,7680,2.5,0,0,3,3670,2504,18,0,0
457000.0,3.0,2.5,1220,1330,2.0,0,0,3,1010,4220,17,1,0
1510000.0,5.0,3.25,4390,11250,2.0,0,0,3,4390,4234,18,0,0
882566.0,4.0,2.5,3560,5265,3.0,0,0,3,3560,1313,11,0,0
963000.0,4.0,3.25,3530,8589,2.0,0,0,3,3530,189,18,0,0
345000.0,4.0,2.5,2280,5000,2.0,0,0,3,2280,2353,19,0,0
2065000.0,4.0,3.75,4350,7965,2.0,0,0,3,4350,1654,12,0,1
800000.0,3.0,3.5,3830,221284,2.0,0,0,3,3530,1521,32,1,0
314500.0,3.0,2.0,2050,13303,1.0,0,0,3,2050,2971,32,0,0
530000.0,3.0,2.5,3660,39478,2.0,0,2,4,3260,2415,36,1,0
650000.0,4.0,2.5,3350,46748,2.0,0,0,3,3350,2493,21,0,1
349500.0,3.0,2.0,1270,3600,1.0,0,0,3,1270,2359,62,0,1
1198000.0,4.0,3.5,3400,3850,2.5,0,0,3,2790,1958,17,1,0
165050.0,3.0,1.0,1200,8514,1.0,0,0,3,1200,840,66,0,1
580000.0,3.0,2.5,2200,11000,2.0,0,2,3,2200,870,47,0,0
330000.0,3.0,2.5,1680,11312,1.0,0,0,3,1080,198,66,1,1
875000.0,5.0,3.5,3840,8279,2.0,0,0,3,3840,1767,24,0,0
500000.0,2.0,1.0,950,4500,1.0,0,2,3,850,3096,99,1,1
445000.0,4.0,2.5,2280,42077,2.0,0,0,3,2280,1645,31,0,0
274900.0,4.0,2.5,1970,6600,2.0,0,0,3,1970,2452,38,0,1
219950.0,3.0,1.5,1620,9310,1.0,0,0,4,1620,1365,58,0,0
691500.0,4.0,2.5,2600,7200,2.0,0,0,3,2600,4343,63,0,1
459500.0,2.0,1.0,1250,3825,1.0,0,0,3,850,3887,96,1,0
955500.0,4.0,1.75,2130,5080,1.5,0,0,3,2130,2241,111,0,1
328950.0,4.0,1.75,2550,8976,1.0,0,0,5,1300,1591,47,1,0
307000.0,3.0,1.0,1150,6000,1.5,0,0,3,1150,1923,98,0,1
382500.0,3.0,1.75,1040,9000,1.0,0,0,4,1040,3202,58,0,0
1150000.0,4.0,2.5,3340,10422,2.0,0,0,3,3340,164,29,0,0
1297000.0,6.0,2.75,2630,9420,2.0,0,0,5,2510,3597,125,1,0
478000.0,3.0,2.25,1640,3896,2.0,0,0,3,1640,3195,31,0,0
260000.0,2.0,1.0,770,7906,1.0,0,0,4,770,4217,77,0,0
850000.0,4.0,3.25,4350,112750,1.0,0,0,3,2200,3764,19,1,0
616000.0,4.0,1.75,1700,5846,1.0,0,0,3,1700,3077,68,0,1
540000.0,3.0,1.75,2050,9580,1.0,0,0,3,1400,1915,41,1,0
300000.0,3.0,2.25,1660,5128,2.0,0,0,3,1660,2426,24,0,0
507500.0,3.0,1.75,1990,9594,1.0,0,0,3,1190,1043,48,1,1
3800000.0,5.0,5.5,7050,42840,1.0,0,2,4,4320,757,47,1,1
241000.0,3.0,2.0,1770,7000,1.0,0,0,3,1770,2555,39,0,0
485000.0,3.0,2.25,2440,47916,2.0,0,0,3,2090,2592,34,1,0
695000.0,3.0,2.5,2620,51354,2.0,0,0,3,2620,2001,27,0,1
548000.0,4.0,2.5,2440,11005,2.0,0,0,3,2440,473,31,0,0
345000.0,2.0,1.0,1080,7775,1.0,0,0,3,1080,3772,70,0,1
280000.0,3.0,1.0,1090,10710,1.0,0,0,4,1090,125,63,0,0
450000.0,3.0,1.75,1400,13775,1.0,0,0,3,1400,3730,62,0,1
515000.0,3.0,2.5,2010,7200,2.0,0,0,3,2010,4297,31,0,0
1014250.0,3.0,1.0,1640,12855,1.5,0,0,5,1500,3916,105,1,0
739900.0,5.0,2.5,3290,5029,2.0,0,0,3,3290,2916,21,0,1
600000.0,2.0,2.5,2510,14878,2.0,0,0,3,2510,1336,35,0,1
370000.0,2.0,1.0,860,6050,1.0,0,0,3,860,3010,73,0,1
729032.0,4.0,2.5,2840,12866,1.0,0,0,4,1780,2690,48,1,0
510000.0,3.0,1.75,1750,7020,2.0,0,0,3,1750,2616,91,0,1
425000.0,3.0,1.5,1300,19163,1.0,0,0,3,1300,797,61,0,1
1080000.0,3.0,2.75,3890,7216,2.0,0,1,3,3260,3524,58,1,1
337000.0,3.0,2.25,1460,941,3.0,0,0,3,1460,358,19,0,0
563000.0,4.0,1.0,1410,3376,1.5,0,0,5,1410,3726,114,0,1
1695000.0,4.0,2.75,3770,10900,2.0,0,2,5,3070,2804,101,1,1
245000.0,3.0,2.0,1190,4072,1.5,0,0,5,1190,4202,118,0,0
590000.0,3.0,2.0,1410,6413,1.0,0,0,4,910,3940,78,1,1
695000.0,3.0,2.0,2500,4080,1.5,0,0,5,1680,4381,103,1,1
402500.0,2.0,1.0,800,2280,1.0,0,0,5,800,3196,79,0,0
435000.0,3.0,2.5,2530,13446,2.0,0,0,3,2530,2454,32,0,0
660000.0,3.0,2.0,2570,28500,1.0,0,0,3,1970,998,42,1,1
300000.0,3.0,2.75,2090,9620,1.0,0,0,3,1340,2951,38,1,1
600000.0,5.0,2.25,2980,7781,1.0,0,0,3,1580,3324,65,1,1
205000.0,3.0,1.75,1170,8239,1.0,0,0,3,1170,2279,44,0,1
357500.0,3.0,3.5,2080,5100,2.0,0,0,3,2080,2444,21,0,1
1110000.0,5.0,3.25,3350,4000,2.0,0,0,4,2510,3398,28,1,0
332888.0,2.0,2.5,1050,1029,2.0,0,0,3,950,35,18,1,0
174000.0,2.0,1.0,900,13531,1.0,0,0,3,900,60,46,0,1
515000.0,2.0,1.0,1050,5000,1.0,0,0,5,1050,3617,118,0,0
392000.0,5.0,2.25,3740,32481,1.5,0,0,3,2240,1939,67,1,1
485000.0,4.0,1.75,1430,4096,2.0,0,0,3,1430,1832,125,0,1
217500.0,3.0,1.75,1400,9546,1.0,0,0,4,1400,1948,41,0,0
502000.0,3.0,2.25,1600,45613,2.0,0,0,4,1600,1312,42,0,0
820000.0,3.0,2.25,2880,9750,2.0,0,0,3,2880,1228,36,0,0
1640000.0,3.0,3.25,3140,5445,2.0,0,3,4,2240,3376,112,1,0
102500.0,2.0,1.0,820,4320,1.0,0,0,3,820,4494,88,0,1
925000.0,5.0,5.5,5190,12637,2.0,0,2,3,5190,3797,24,0,0
540000.0,4.0,2.5,2180,10140,1.0,0,0,4,1180,4322,57,1,0
600000.0,2.0,1.0,910,2002,1.5,0,0,3,910,2,125,0,1
406000.0,4.0,1.0,1580,8475,1.5,0,2,4,1580,23,97,0,0
620000.0,4.0,3.0,2130,6325,1.0,0,0,5,1440,3075,77,1,1
1060000.0,4.0,2.5,4570,16015,2.0,0,2,3,4570,1185,35,0,1
401000.0,3.0,2.0,1240,11172,1.0,0,0,3,1000,2584,41,1,0
725000.0,3.0,1.75,1860,6000,2.0,0,2,4,1860,2860,66,0,0
276000.0,1.0,0.75,370,1801,1.0,0,0,5,370,2182,102,0,0
500000.0,5.0,3.25,3130,12087,2.0,0,0,3,2180,2319,50,1,0
375000.0,3.0,1.75,2530,35150,1.0,0,0,4,1800,1230,48,1,0
2300000.0,4.0,4.75,3970,9778,2.0,0,2,4,3390,681,97,1,0
260000.0,3.0,2.25,1920,9680,1.0,0,0,4,1300,203,64,1,1
1565000.0,4.0,2.75,2970,12750,1.5,0,1,4,2130,4453,107,1,1
431000.0,4.0,2.5,2300,6087,2.0,0,0,3,2300,1966,24,0,0
321000.0,4.0,2.5,1830,9601,2.0,0,0,3,1830,2409,22,0,0
433000.0,4.0,1.5,1550,5053,1.0,0,0,4,1180,3371,62,1,0
920000.0,4.0,3.5,4080,10666,2.0,0,0,3,4080,4319,20,0,0
482000.0,3.0,2.25,1710,21485,2.0,0,0,3,1710,75,36,0,0
712000.0,3.0,2.5,2375,4094,2.0,0,0,3,2375,3736,23,0,0
505000.0,4.0,2.75,2200,9778,1.0,0,0,4,1100,490,63,1,0
2367000.0,3.0,2.25,3530,17450,1.0,1,3,3,1840,3992,95,1,1
452000.0,3.0,1.75,1110,9012,1.0,0,0,4,1110,3544,59,0,0
581000.0,4.0,1.0,1630,2566,1.5,0,0,3,1630,1446,104,0,1
952500.0,4.0,1.5,2550,5055,2.0,0,0,4,2550,1543,115,0,0
808000.0,4.0,2.25,2500,8866,2.0,0,0,4,2500,924,38,0,0
476000.0,4.0,3.0,2890,6885,1.0,0,0,3,1590,3789,80,1,1
535000.0,4.0,1.75,1420,5000,1.5,0,0,4,1420,2585,80,0,0
1356925.0,4.0,3.5,4270,5800,2.0,0,3,5,3170,2576,88,1,0
629800.0,3.0,2.5,2390,1984,2.0,0,0,3,2220,2766,17,1,0
417838.0,4.0,2.5,2530,5048,2.0,0,0,3,2530,2390,11,0,0
399895.0,4.0,2.5,2701,4500,2.0,0,0,3,2701,3599,11,0,0
825000.0,4.0,2.75,3990,6637,2.0,0,0,3,3990,4420,22,0,0
300000.0,4.0,2.5,2303,3826,2.0,0,0,3,2303,704,19,0,0
640000.0,2.0,2.25,1540,965,3.0,0,0,3,1540,1442,18,0,0
460000.0,3.0,2.5,1450,1053,2.0,0,0,3,940,814,17,1,0
525000.0,2.0,2.5,1160,1458,2.0,0,0,3,1040,1741,13,1,1
499990.0,4.0,2.75,2910,6334,2.0,0,0,3,2910,310,12,0,1
1020000.0,4.0,3.5,3770,8501,2.0,0,0,3,3770,110,17,0,0
675000.0,5.0,2.25,2900,10300,1.0,0,0,3,1450,873,40,1,0
512031.0,3.0,1.75,1540,3000,1.0,0,2,3,770,3800,105,1,1
310000.0,2.0,1.0,700,3000,1.0,0,0,4,700,4404,107,0,1
1075000.0,3.0,2.5,3280,10302,1.0,0,0,3,1680,3028,55,1,1
255000.0,4.0,2.0,2430,8960,1.0,0,0,3,1430,4114,65,1,1
435000.0,3.0,2.5,1900,7984,2.0,0,0,3,1900,4523,32,0,0
453000.0,3.0,2.0,1660,15050,1.0,0,0,3,1260,716,42,1,1
260000.0,4.0,2.0,1620,7992,2.0,0,0,4,1620,1971,50,0,0
659000.0,4.0,2.0,2090,10800,1.0,0,0,4,2090,2985,74,0,1
223000.0,3.0,2.0,1110,7231,1.0,0,0,4,1110,1886,34,0,0
851000.0,5.0,3.25,3760,9792,2.0,0,0,3,2550,3263,41,1,0
605000.0,3.0,2.25,2080,12134,1.0,0,0,4,1530,2068,52,1,0
895000.0,4.0,2.25,1950,5950,1.0,0,0,3,1330,1889,78,1,1
519000.0,5.0,2.25,2570,13054,1.0,0,1,3,1470,666,75,1,1
535000.0,3.0,1.75,2330,12141,1.0,0,0,3,1390,911,42,1,1
489000.0,3.0,3.0,3700,10375,2.0,0,0,3,3700,2787,43,0,0
250000.0,3.0,2.25,1920,7738,1.0,0,0,3,1520,2151,60,1,1
580000.0,3.0,2.25,1900,3960,1.5,0,0,3,1200,268,120,1,1
1038000.0,4.0,1.75,1440,13296,1.0,0,0,4,1440,68,58,0,0
605000.0,4.0,2.25,2940,48788,1.0,0,0,5,1520,1078,64,1,0
599950.0,4.0,3.5,2500,3080,2.0,0,0,3,1810,4095,17,1,0
700000.0,3.0,2.5,2490,23891,2.0,0,0,3,2490,1985,32,0,0
480000.0,3.0,2.0,1470,10052,1.0,0,0,4,1470,707,69,0,0
329950.0,4.0,2.5,2120,4558,2.0,0,0,3,2120,2043,23,0,0
250000.0,3.0,1.75,1200,24805,1.0,0,0,3,1200,199,41,0,0
345000.0,5.0,2.5,2450,6994,2.0,0,0,3,2450,267,23,0,0
175000.0,4.0,2.5,1780,6000,2.0,0,0,3,1780,2055,34,0,0
185000.0,5.0,1.0,1590,6700,1.5,0,0,3,1090,155,83,1,1
411000.0,4.0,2.0,2370,76665,2.0,0,0,4,2370,2908,47,0,1
690000.0,3.0,1.5,1760,4000,2.0,0,0,3,1760,1975,103,0,1
265000.0,4.0,3.0,1940,8170,1.0,0,0,4,1940,995,77,0,0
720000.0,4.0,3.0,3550,12327,1.5,0,0,4,2180,1350,35,1,0
256000.0,4.0,2.5,2050,5787,2.0,0,0,3,2050,688,23,0,0
255000.0,4.0,2.25,1680,3179,2.0,0,0,3,1680,350,23,0,0
540000.0,3.0,2.25,1320,1800,2.0,0,0,3,1320,2829,31,0,0
481015.0,3.0,2.25,1550,5511,2.0,0,0,3,1550,146,38,0,1
575000.0,3.0,1.75,2680,8625,1.0,0,0,5,1590,4,51,1,0
339950.0,3.0,2.5,2390,34041,1.0,0,0,3,1840,2411,41,1,0
475000.0,4.0,2.5,2040,7260,2.0,0,0,4,2040,1047,62,0,0
732000.0,3.0,3.75,2670,6517,2.5,0,4,4,2020,2987,48,1,0
860000.0,4.0,1.75,1880,3720,1.5,0,0,4,1880,976,101,0,0
389000.0,4.0,1.75,2400,7700,1.5,0,0,4,1500,1819,98,1,0
645000.0,3.0,1.75,2270,11472,1.0,0,0,4,1370,133,69,1,0
475000.0,4.0,2.5,1850,5444,2.0,0,0,5,1850,754,44,0,0
550000.0,4.0,2.75,2160,5005,1.0,0,0,3,1430,4435,38,1,1
305000.0,2.0,1.0,2160,12960,1.0,0,0,3,1360,941,57,1,1
782000.0,2.0,1.5,1570,3600,1.5,0,2,4,1320,1582,119,1,1
545000.0,3.0,2.0,1340,7200,1.5,0,0,4,1340,3378,102,0,0
394500.0,4.0,2.5,3002,6042,2.0,0,0,3,3002,345,21,0,1
600000.0,5.0,2.0,2190,9072,1.0,0,0,5,1110,879,60,1,0
1300000.0,4.0,1.75,2610,21600,1.0,0,0,4,2610,1006,59,0,0
300000.0,2.0,1.0,1010,11919,1.0,0,0,3,1010,1142,78,0,1
330000.0,4.0,2.5,2105,6093,2.0,0,0,3,2105,2413,22,0,0
723000.0,4.0,2.25,2430,4748,1.5,0,0,3,1630,997,97,1,1
2271150.0,4.0,3.25,4040,18916,1.0,0,0,4,4040,4044,71,0,1
480000.0,5.0,2.5,2160,7737,2.0,0,0,3,2160,3872,27,0,1
496000.0,2.0,1.0,900,9260,1.0,0,0,3,900,1858,79,0,0
625000.0,3.0,3.0,1820,1641,3.0,0,0,3,1540,1,19,1,0
475000.0,4.0,2.0,2100,13468,1.0,0,0,5,1050,364,63,1,0
275250.0,3.0,2.25,1520,7199,2.0,0,0,4,1520,1954,33,0,0
253000.0,2.0,1.0,1310,7128,1.0,0,0,4,940,311,45,1,0
630000.0,4.0,2.5,2190,9880,1.0,0,0,4,1410,341,46,1,0
660500.0,5.0,2.5,2950,5500,1.5,0,0,5,1720,2389,107,1,0
262000.0,5.0,1.0,1870,7800,1.0,0,0,3,1580,4338,63,1,1
2147500.0,3.0,3.5,4660,5500,2.0,0,4,5,3040,2461,116,1,1
552000.0,3.0,2.5,1840,9900,1.0,0,0,3,1840,2546,47,0,0
1411600.0,2.0,2.5,3180,9400,2.0,0,4,5,2610,3363,40,1,0
736000.0,2.0,1.0,1500,4000,1.0,0,0,3,1100,2056,92,1,0
355000.0,3.0,1.75,1730,7416,1.5,0,0,3,1730,1412,71,0,1
305000.0,3.0,1.0,1580,7424,1.0,0,0,3,1010,578,63,1,1
484998.0,4.0,2.5,1540,1870,2.0,0,0,3,1540,2193,11,0,0
1054690.0,4.0,3.5,3390,3979,2.0,0,0,3,2610,3040,11,1,0
334500.0,2.0,1.5,830,1858,2.0,0,0,3,830,1949,20,0,0
475000.0,4.0,2.75,2620,6178,2.0,0,0,3,2620,4506,12,0,1
309780.0,3.0,2.5,2242,4500,2.0,0,0,3,2242,4508,11,0,0
795000.0,4.0,2.5,2890,7798,2.0,0,0,3,2890,1121,20,0,0
274500.0,3.0,2.25,1450,4050,2.0,0,0,3,1450,2284,15,0,0
265050.0,2.0,1.5,800,2119,2.0,0,0,3,800,3533,17,0,0
567500.0,3.0,2.5,2280,2502,2.0,0,0,3,1880,3618,19,1,0
915000.0,3.0,4.5,3850,62726,2.0,0,0,3,3120,1778,12,1,1
285000.0,5.0,2.5,2270,6300,2.0,0,0,3,2270,613,30,0,0
445838.0,3.0,2.5,2250,5692,2.0,0,0,3,2250,11,25,0,0
304900.0,4.0,1.75,2600,11325,1.0,0,0,4,1610,1959,56,1,0
940000.0,4.0,2.0,2490,9525,2.0,0,0,5,2490,3339,57,0,0
1127000.0,4.0,2.5,3160,8281,2.0,0,0,4,3160,3897,30,0,0
835000.0,4.0,4.25,4930,25714,2.0,0,0,3,4930,2758,20,0,0
290000.0,3.0,1.0,1440,11250,1.0,0,0,3,1440,1545,58,0,1
250000.0,3.0,1.75,1770,8868,1.0,0,0,4,1770,410,66,0,0
342000.0,4.0,2.5,2300,6448,2.0,0,0,3,2300,2132,24,0,0
1012000.0,4.0,2.5,2980,16263,2.0,0,0,3,2980,3765,36,0,0
400000.0,4.0,2.25,2230,7200,1.0,0,0,4,1300,2025,62,1,0
312500.0,3.0,1.75,1830,7969,1.0,0,0,3,930,2609,75,1,1
267000.0,3.0,1.0,1740,10875,1.0,0,0,4,1020,3101,63,1,0
575000.0,3.0,1.75,1530,6743,1.0,0,0,3,1410,3436,70,1,1
810000.0,3.0,1.5,1520,9041,1.0,0,0,4,1520,4447,71,0,1
850000.0,3.0,2.5,3230,5000,2.0,0,2,5,2430,2106,80,1,0
1015000.0,3.0,3.25,3620,4000,2.0,0,0,3,2730,2883,20,1,0
1100000.0,4.0,3.75,5070,60123,2.0,0,0,3,5070,3643,25,0,0
240000.0,3.0,1.75,1570,8750,1.0,0,0,3,1570,1397,65,0,1
198000.0,4.0,1.75,2080,7200,1.0,0,0,4,1050,3134,59,1,0
565000.0,4.0,2.5,2230,8624,1.0,0,0,4,1430,806,56,1,0
1195000.0,5.0,3.0,3420,18129,2.0,0,0,3,2540,4047,73,1,1
340000.0,8.0,2.75,2790,6695,1.0,0,0,3,1470,1371,48,1,1
815000.0,4.0,2.5,3150,4203,2.0,0,0,3,3150,4470,23,0,0
1875000.0,4.0,3.25,3930,10929,2.0,0,0,3,3930,209,19,0,0
588000.0,5.0,3.0,2190,4900,2.0,0,0,5,1490,4208,85,1,0
280500.0,4.0,2.5,1890,6962,2.0,0,0,3,1890,2554,28,0,0
390000.0,4.0,2.0,1900,76877,1.0,0,0,3,1900,1310,21,0,1
509000.0,2.0,1.5,1930,3521,2.0,0,0,3,1930,4077,36,0,0
490600.0,3.0,2.5,3316,11447,2.0,0,0,3,3316,2800,39,0,0
650000.0,3.0,1.5,1380,4500,1.0,0,0,5,1380,2374,65,0,0
715000.0,3.0,4.0,2080,2250,3.0,0,4,3,2080,3235,28,0,0
529950.0,3.0,1.0,1240,5000,1.5,0,0,5,1240,4170,116,0,1
265000.0,3.0,1.0,1020,8610,1.0,0,0,5,1020,2963,66,0,0
1755000.0,3.0,2.0,2360,4800,2.0,0,0,3,2360,526,116,0,1
1140000.0,3.0,2.5,2780,33503,1.5,0,1,4,2110,2431,56,1,0
610000.0,3.0,2.0,2300,13418,1.0,0,0,3,1430,2809,70,1,1
554729.0,4.0,2.5,2020,4350,2.0,0,0,5,1730,3129,82,1,0
395000.0,5.0,1.75,1840,10453,1.0,0,2,3,1360,2373,77,1,1
341000.0,3.0,1.0,1390,4814,1.5,0,0,3,1390,4153,117,0,1
264500.0,4.0,2.25,2060,11385,1.0,0,0,4,1200,1826,63,1,0
395000.0,4.0,2.75,2640,35070,1.5,0,0,3,2640,1638,62,0,1
640000.0,3.0,2.25,1980,10115,1.0,0,0,3,1980,2610,66,0,1
430000.0,3.0,1.5,1810,5080,1.0,0,0,3,1030,3951,67,1,1
410000.0,4.0,2.5,1700,9000,1.0,0,0,5,1700,851,53,0,0
220000.0,4.0,1.0,1200,6000,1.5,0,0,3,1200,4099,102,0,1
1625000.0,4.0,3.25,2980,3600,2.0,0,0,3,2150,1448,26,1,0
405500.0,2.0,2.75,1350,1252,2.0,0,0,3,1120,4359,19,1,0
633000.0,4.0,2.5,2360,10000,1.0,0,3,3,1980,2797,48,1,1
295950.0,2.0,1.0,1190,6200,1.0,0,0,3,1190,1150,77,0,1
1042031.0,4.0,5.0,4110,43560,2.0,0,0,4,4110,2440,47,0,1
605000.0,4.0,2.5,2800,10786,1.0,0,0,3,1420,1236,55,1,1
255000.0,2.0,1.5,920,1598,2.0,0,0,3,920,179,30,0,0
474000.0,3.0,1.75,1530,8000,2.0,0,0,3,1530,193,47,0,0
370000.0,2.0,1.0,860,5040,1.0,0,0,3,860,4400,69,0,1
288000.0,3.0,2.5,1520,3593,2.0,0,0,3,1520,1901,21,0,1
100000.0,2.0,0.75,660,5240,1.0,0,0,4,660,3999,113,0,1
1150000.0,5.0,2.5,3580,8921,2.0,0,0,3,3580,3119,25,0,0
600000.0,5.0,2.25,3000,13899,2.0,0,0,4,3000,1377,50,0,0
515000.0,5.0,3.25,2740,9629,1.0,0,0,5,1390,177,48,1,0
345000.0,4.0,2.5,2040,5523,2.0,0,0,3,2040,3335,26,0,0
975000.0,6.0,2.75,2520,54160,2.0,1,4,3,2520,2831,71,0,1
850000.0,3.0,2.0,2470,8800,2.0,0,0,3,2470,3048,64,0,1
439990.0,3.0,2.5,1930,1348,2.0,0,0,3,1300,2850,20,1,0
554950.0,3.0,2.5,2950,10254,2.0,0,0,3,2950,3120,19,0,0
605000.0,3.0,2.5,2610,6405,2.0,0,0,3,2610,3902,24,0,0
609000.0,3.0,1.75,1630,1526,3.0,0,0,3,1630,2944,11,0,0
425000.0,3.0,1.5,1400,1022,3.0,0,0,3,1400,57,18,0,0
399900.0,2.0,1.75,1410,1005,1.5,0,0,3,900,4412,14,1,0
1025000.0,4.0,3.5,4370,10860,2.0,0,0,3,4370,3549,17,0,0
2351956.0,4.0,4.25,5010,19412,2.0,0,1,3,4000,3766,11,1,0
519995.0,4.0,3.0,2590,6160,2.0,0,0,3,2590,798,11,0,0
625000.0,3.0,1.5,1300,7200,1.0,0,0,5,1300,3718,65,0,0
600000.0,3.0,2.5,2320,7609,2.0,0,0,3,2320,4053,22,0,0
1200000.0,4.0,2.5,2700,4275,2.0,0,0,3,2700,514,21,0,1
1738000.0,4.0,2.25,2920,6513,2.0,0,0,4,2260,1644,88,1,0
671000.0,4.0,3.0,3130,5700,1.5,0,0,3,1750,3186,72,1,0
459500.0,3.0,1.75,1470,4950,1.0,0,0,3,1030,872,41,1,0
499000.0,3.0,2.5,1540,1326,3.0,0,0,3,1390,2473,30,1,0
1280000.0,4.0,2.5,3160,4620,1.5,0,4,3,2020,1345,108,1,1
395000.0,3.0,1.75,1480,7700,1.0,0,0,3,1480,738,50,0,0
861990.0,5.0,2.75,3595,5639,2.0,0,0,3,3595,4460,11,0,0
382500.0,2.0,1.0,1190,4440,1.0,0,0,3,1190,3019,44,0,1
404950.0,4.0,2.25,2340,217014,1.0,0,0,4,2340,1610,43,0,1
530000.0,3.0,1.75,1320,2500,1.0,0,0,3,870,1771,107,1,0
195000.0,2.0,1.0,1190,27007,1.0,0,0,4,1190,1721,115,0,0
747500.0,4.0,2.25,2350,18600,2.0,0,0,4,2350,1192,48,0,0
199990.0,3.0,1.0,1100,8560,1.0,0,0,3,1100,1806,64,0,1
548800.0,4.0,1.0,1660,4704,1.5,0,0,3,1260,4272,95,1,1
870000.0,4.0,3.0,3040,36246,1.5,0,0,3,2680,1648,102,1,1
588000.0,3.0,2.0,1860,4777,2.0,0,0,5,1860,4186,117,0,0
775000.0,4.0,3.25,4100,241322,2.0,0,0,3,2500,1429,44,1,1
670000.0,6.0,3.0,4050,36171,2.0,0,0,4,2620,940,55,1,0
445000.0,2.0,2.0,1240,2500,2.0,0,0,3,1240,2478,40,0,0
300000.0,4.0,3.0,2200,10800,1.0,0,0,3,2200,1339,65,0,1
480000.0,3.0,2.25,1680,9090,1.0,0,0,4,1130,2604,66,1,0
300000.0,3.0,1.0,930,5160,1.5,0,0,5,930,4277,106,0,1
360000.0,3.0,1.5,1800,22000,2.0,0,0,3,1800,2973,94,0,0
527000.0,6.0,3.5,3000,8401,1.0,0,0,3,1500,599,46,1,1
875000.0,3.0,1.5,1820,12686,1.0,0,0,4,1820,2100,73,0,0
266000.0,4.0,2.25,1995,7102,2.0,0,0,4,1995,2813,44,0,0
866000.0,4.0,3.25,3990,9786,2.0,0,0,3,3990,4517,21,0,1
335950.0,2.0,1.5,800,5192,1.0,0,0,5,800,65,74,0,0
215000.0,3.0,1.0,960,9563,1.0,0,0,5,960,1180,58,0,0
481000.0,4.0,2.5,2286,8269,2.0,0,0,3,2286,1469,23,0,0
320000.0,3.0,1.75,2220,11646,1.0,0,0,3,1270,3614,75,1,1
295000.0,3.0,1.75,1940,7500,1.5,0,0,4,1940,1300,107,0,1
295000.0,3.0,1.5,1640,7222,2.0,0,0,4,1640,4346,117,0,0
320000.0,3.0,1.0,1120,10576,1.0,0,0,4,1120,1387,56,0,0
780000.0,4.0,2.0,2600,4800,1.0,0,2,3,1400,1607,72,1,0
437500.0,3.0,2.0,1490,4800,2.0,0,0,5,1490,2623,77,0,1
443000.0,5.0,1.75,1650,3000,1.5,0,0,3,1650,4163,123,0,0
575000.0,4.0,2.5,2400,6137,2.0,0,0,3,2400,1905,35,0,1
245000.0,2.0,1.0,1500,6685,1.0,0,0,3,1190,476,99,1,1
450000.0,3.0,2.5,1990,12793,2.0,0,0,3,1990,918,32,0,0
536000.0,2.0,1.5,1130,746,2.0,0,0,3,1030,3566,16,1,0
685000.0,3.0,3.25,2030,11070,2.0,0,0,4,2030,1249,45,0,0
373000.0,4.0,1.75,1590,7920,2.0,0,0,4,1590,1129,65,0,1
450000.0,3.0,1.75,1480,8394,1.0,0,0,4,1480,3721,54,0,0
645000.0,4.0,2.5,2690,18653,2.0,0,0,3,2690,3138,40,0,0
1275000.0,3.0,2.5,3870,46609,2.0,0,3,3,3870,1277,28,0,0
230000.0,3.0,1.0,1390,6000,1.0,0,0,3,1390,4290,71,0,1
593000.0,3.0,2.75,1830,1850,2.0,0,0,3,1690,1763,14,1,0
558000.0,2.0,2.0,1580,5750,1.0,0,0,5,790,3109,115,1,0
538250.0,3.0,2.25,2590,15229,2.0,0,3,3,2590,1970,41,0,0
475000.0,5.0,2.5,2510,8050,1.0,0,0,4,1490,565,48,1,0
209950.0,3.0,1.5,1180,7300,1.0,0,0,4,1180,2265,57,0,0
410000.0,3.0,2.25,1450,19206,2.0,0,0,3,1450,240,36,0,0
1636000.0,3.0,2.5,3110,6765,2.0,0,1,4,2550,4192,79,1,1
670000.0,5.0,2.5,2860,68519,2.0,0,0,5,2860,2998,67,0,0
821000.0,3.0,2.75,2760,8476,1.0,0,0,4,1690,3867,58,1,0
665000.0,5.0,2.0,2800,17788,1.0,0,0,4,1400,4002,62,1,0
339000.0,3.0,2.5,1450,3748,2.0,0,0,3,1450,4043,21,0,1
631500.0,4.0,2.0,2530,5650,1.5,0,0,4,1910,2496,115,1,0
570000.0,3.0,2.0,1640,2808,1.0,0,3,4,820,2696,101,1,0
437000.0,3.0,1.75,2220,17568,1.0,0,0,4,2220,1219,58,0,0
542500.0,3.0,2.5,2040,10086,2.0,0,0,3,2040,4242,38,0,1
229500.0,3.0,1.0,1230,6000,1.0,0,0,4,1230,1146,58,0,0
170500.0,2.0,1.0,1060,7700,1.0,0,0,3,820,59,44,1,1
391500.0,3.0,2.5,1920,9625,2.0,0,0,3,1920,4450,32,0,0
296475.0,3.0,2.5,1520,4170,2.0,0,0,3,1520,2108,21,0,1
1450000.0,4.0,3.25,3770,4103,2.0,0,0,5,2710,3121,100,1,0
888550.0,3.0,2.5,3540,38322,2.0,0,0,3,3540,1856,36,0,0
1360000.0,4.0,3.0,5430,108900,2.0,0,0,4,5430,1925,38,0,0
328000.0,3.0,2.0,2250,7904,1.5,0,0,3,2250,1011,27,0,1
300000.0,4.0,2.5,2090,5195,2.0,0,0,3,2090,1930,18,0,0
500000.0,3.0,2.5,1720,3012,2.0,0,0,3,1720,805,14,0,0
494815.0,3.0,2.5,1910,2091,2.0,0,0,3,1910,598,11,0,0
378000.0,3.0,2.5,1601,2491,3.0,0,0,3,1536,506,18,1,0
505000.0,2.0,2.25,1060,1209,2.0,0,0,3,940,1653,19,1,0
680000.0,4.0,2.75,2330,3920,2.0,0,0,3,2330,2853,20,0,0
351999.0,3.0,2.5,2370,4200,2.0,0,0,3,2370,2252,11,0,0
510000.0,3.0,2.5,1420,1237,3.0,0,0,3,1420,1911,11,0,0
1300000.0,4.0,2.25,2360,4000,2.0,0,0,3,2360,1499,12,0,1
374000.0,2.0,1.5,1260,1575,2.0,0,0,3,1260,2495,24,0,0
509900.0,3.0,2.5,3030,9053,2.0,0,0,3,3030,3523,16,0,0
230000.0,3.0,1.75,1140,1201,2.0,0,0,3,1140,3273,11,0,0
527700.0,5.0,2.5,2820,9375,1.0,0,0,4,1550,1115,57,1,0
438000.0,2.0,2.0,1270,1372,3.0,0,0,3,1270,4237,25,0,0
900000.0,3.0,2.5,3180,12600,2.0,0,0,4,3180,2558,47,0,1
1131000.0,3.0,2.25,2790,13791,1.0,0,3,3,2790,1438,19,0,0
439000.0,4.0,2.25,2570,9503,2.0,0,0,3,2570,1516,45,0,0
315000.0,2.0,1.0,1080,2674,1.0,0,0,4,720,3416,106,1,1
765000.0,4.0,4.0,3010,7221,2.0,0,0,3,3010,2465,21,0,1
332000.0,3.0,2.25,2120,14915,1.0,0,0,3,1720,2424,46,1,1
600000.0,3.0,2.25,1900,46609,1.5,0,0,4,1440,1348,56,1,0
378500.0,3.0,2.5,2860,43821,2.0,0,0,4,2860,966,35,0,0
190000.0,3.0,1.0,910,10575,1.0,0,0,4,910,2211,57,0,0
645000.0,4.0,2.5,2850,37522,2.0,0,0,3,2850,2261,38,0,1
780000.0,2.0,2.5,2560,2500,2.0,0,0,5,1690,3165,124,1,0
370000.0,3.0,1.75,1570,16817,2.0,0,0,3,1570,3250,43,0,0
875000.0,4.0,3.5,3110,108464,2.0,0,2,4,3110,2076,46,0,0
1049000.0,4.0,3.75,4740,126759,2.0,0,0,4,4740,2368,34,0,0
479000.0,3.0,1.0,1340,13750,1.0,0,0,4,1340,848,70,0,1
245000.0,4.0,2.25,2600,6390,1.0,0,0,3,1390,2350,47,1,0
542000.0,3.0,1.75,1070,8030,1.0,0,0,3,1070,780,59,0,1
557500.0,3.0,2.25,1820,9670,2.0,0,0,3,1820,1334,41,0,0
480000.0,2.0,1.0,1060,3040,1.0,0,0,3,860,2011,101,1,1
330000.0,3.0,2.25,2220,4060,1.0,0,0,3,1330,3557,32,1,0
160000.0,3.0,1.0,1350,8700,1.5,0,0,3,1350,1294,83,0,1
695500.0,5.0,2.75,2510,9180,1.0,0,1,4,1600,2791,50,1,0
235500.0,5.0,2.5,2340,13713,1.0,0,0,2,1670,2581,58,1,0
326500.0,3.0,1.0,1060,7920,1.0,0,0,4,1060,3158,57,0,0
300000.0,4.0,2.5,2200,8065,2.0,0,0,3,2200,4446,27,0,1
267000.0,3.0,1.0,1400,8100,1.5,0,0,3,1400,331,81,0,0
292600.0,3.0,1.5,1520,7123,1.0,0,0,4,1520,44,66,0,0
362000.0,5.0,3.0,1810,3000,2.0,0,0,3,1810,3312,27,0,1
1087500.0,2.0,2.0,2360,11340,1.5,0,0,3,2360,2612,28,0,0
357562.0,2.0,1.75,1210,1032,2.0,0,0,3,1210,2193,11,0,0
789900.0,3.0,2.5,3420,25150,1.0,0,0,4,1750,819,38,1,0
513000.0,3.0,2.5,1810,4592,2.0,0,0,3,1810,2243,33,0,0
336000.0,3.0,2.25,2760,10160,1.0,0,0,3,2760,850,56,0,1
560000.0,4.0,2.25,1950,9800,1.0,0,0,3,1330,422,57,1,1
1150000.0,3.0,2.5,3830,48743,2.0,0,0,3,3830,1153,34,0,0
410000.0,4.0,2.25,2060,7283,1.0,0,0,3,1220,1074,62,1,1
371500.0,3.0,1.0,1650,6400,1.0,0,0,4,980,4388,71,1,1
368000.0,4.0,1.75,2100,11942,1.0,0,0,3,1030,3654,61,1,1
650000.0,4.0,3.0,3720,57499,1.0,0,0,3,1880,3229,22,1,0
308950.0,4.0,2.5,1920,8562,2.0,0,2,4,1920,1701,31,0,0
440000.0,3.0,2.0,1860,217800,2.0,0,2,3,1860,4466,27,0,1
630000.0,2.0,2.5,2290,3507,2.0,0,0,3,2290,2258,20,0,0
228950.0,3.0,1.75,1200,9085,1.0,0,0,4,1200,2911,57,0,0
782000.0,4.0,3.5,5270,53428,2.0,0,0,3,3440,1502,21,1,1
245000.0,3.0,2.5,1600,2788,2.0,0,0,4,1600,335,33,0,0
410000.0,4.0,2.5,2560,4020,2.0,0,0,3,2560,2414,19,0,0
427550.0,2.0,1.0,880,4000,1.0,0,0,3,880,4028,85,0,1
235000.0,2.0,1.0,1020,7920,1.0,0,0,3,1020,1311,86,0,1
210000.0,3.0,2.0,960,9380,1.0,0,0,3,960,649,76,0,1
485000.0,4.0,2.25,1900,7200,1.0,0,0,3,1370,228,48,1,1
410000.0,3.0,2.0,1320,6000,1.5,0,0,4,1320,1864,105,0,0
435000.0,4.0,2.75,2230,9640,1.0,0,0,3,1320,710,27,1,1
300000.0,3.0,1.0,1150,7314,1.0,0,0,3,1150,1272,65,0,1
455000.0,4.0,3.5,3440,6000,2.0,0,0,4,3440,1842,23,0,0
210000.0,3.0,1.0,1070,8179,1.0,0,0,3,1070,284,76,0,1
1050000.0,4.0,2.75,2250,3433,1.5,0,0,3,1500,1726,98,1,1
458400.0,4.0,2.5,1910,10300,1.0,0,0,3,1910,126,104,0,1
390000.0,3.0,1.75,1180,16552,1.0,0,0,4,1180,1243,58,0,0
148226.0,3.0,1.0,1400,7360,1.0,0,0,4,1400,348,57,0,0
711600.0,4.0,3.0,3580,9316,2.5,0,0,3,2370,1063,34,1,0
819000.0,3.0,2.75,3176,13391,2.0,0,3,4,2726,3083,40,1,0
613000.0,2.0,2.0,1170,1890,1.5,0,1,4,1170,2103,98,0,0
592350.0,2.0,2.0,1570,4665,1.0,0,0,3,1570,4507,19,0,0
232000.0,3.0,1.5,1460,15000,1.0,0,0,3,1460,2666,59,0,1
250000.0,3.0,1.75,1140,10400,1.0,0,0,4,1140,1291,42,0,0
115000.0,1.0,2.0,1150,9812,1.0,0,0,4,1150,2841,63,0,0
1115000.0,4.0,2.5,3180,31931,1.0,0,0,4,2390,2631,47,1,1
585000.0,4.0,2.5,2630,6185,2.0,0,0,3,2630,2882,26,0,0
580000.0,3.0,2.25,1940,5980,1.0,0,0,3,1520,292,38,1,1
165000.0,1.0,1.0,850,8050,1.0,0,0,2,850,2886,119,0,0
430000.0,3.0,2.0,1550,6039,1.0,0,0,5,830,3803,83,1,0
383000.0,3.0,2.25,2090,15000,1.0,0,0,3,2090,3698,64,0,1
1195000.0,4.0,3.5,3960,6654,2.0,0,0,3,2850,2501,19,1,0
201500.0,3.0,1.0,1320,5000,1.5,0,0,3,1320,3179,113,0,1
690000.0,4.0,2.5,3220,35400,2.0,0,0,3,3220,1264,34,0,0
325000.0,2.0,1.0,800,7260,1.0,0,0,3,800,3972,72,0,0
375000.0,3.0,1.75,1660,9673,1.0,0,0,3,1130,691,49,1,0
600000.0,4.0,2.5,2250,11370,2.0,0,0,3,2250,510,34,0,0
340000.0,3.0,2.25,2120,13090,1.0,0,0,3,2120,653,28,0,0
890000.0,4.0,2.75,2310,4020,3.0,0,0,5,2310,1131,46,0,0
415000.0,4.0,1.75,1920,7700,2.0,0,0,4,1920,3925,55,0,0
255000.0,3.0,1.75,1550,9720,1.0,0,0,3,1050,1937,49,1,0
530000.0,2.0,2.5,1785,779,2.0,0,0,3,1595,1125,50,1,0
468000.0,3.0,1.5,1830,9848,1.0,0,0,5,1830,405,63,0,0
970000.0,5.0,2.75,3500,5040,2.0,0,2,3,2950,3576,98,1,1
599000.0,3.0,2.0,2560,14680,1.0,0,0,3,1330,1227,38,1,1
399500.0,4.0,1.75,1360,4840,1.5,0,0,4,1360,3465,97,0,0
2458000.0,4.0,5.25,6500,14986,2.0,0,0,3,5180,1876,24,1,0
1205000.0,4.0,3.5,3150,5500,2.0,0,0,3,3150,3428,11,0,0
325000.0,2.0,1.0,810,4080,1.0,0,0,4,810,2931,84,0,1
1135250.0,5.0,4.0,7320,217800,2.0,0,0,3,7320,1557,33,0,0
568000.0,4.0,1.75,2790,17476,1.0,0,2,3,1450,2370,69,1,1
517000.0,2.0,1.5,1920,3408,1.0,0,0,4,960,225,113,1,1
469950.0,4.0,2.75,2530,14178,2.0,0,0,3,2530,1021,28,0,0
1675000.0,3.0,2.5,3490,8343,2.0,1,4,4,2150,4511,86,1,1
2180000.0,6.0,2.75,4710,11000,2.0,0,3,3,3690,3322,94,1,0
623000.0,3.0,1.75,2050,16313,1.0,0,0,2,2050,3081,52,0,0
720000.0,4.0,2.25,2410,8400,2.0,0,0,5,2410,1213,60,0,0
205000.0,3.0,1.0,1180,8240,1.0,0,0,4,1180,2572,58,0,0
148000.0,2.0,1.0,630,4200,1.0,0,0,3,630,4076,95,0,1
950000.0,3.0,2.5,3480,7800,1.0,0,0,4,1750,96,84,1,1
405000.0,3.0,1.5,1010,7683,1.5,0,0,5,1010,545,72,0,0
293000.0,3.0,2.25,1910,3481,2.0,0,0,3,1910,1606,16,0,0
550000.0,3.0,3.5,2490,3582,2.0,0,0,3,1720,2688,20,1,0
435000.0,4.0,2.5,2150,3143,2.0,0,0,3,2150,742,15,0,0
355000.0,4.0,2.75,3000,5470,2.0,0,0,3,3000,1926,20,0,0
673000.0,3.0,2.75,2830,3496,2.0,0,0,3,2830,2129,13,0,1
449990.0,4.0,2.5,2680,5539,2.0,0,0,3,2680,774,12,0,1
249000.0,2.0,1.5,1090,2686,2.0,0,0,3,1090,658,43,0,0
380000.0,4.0,2.5,1984,32400,1.0,0,0,3,1564,2344,63,1,1
760005.0,4.0,2.75,3090,5859,2.0,0,0,3,3090,3026,15,0,0
674600.0,4.0,2.5,2610,5140,2.0,0,0,3,2610,4382,19,0,0
812000.0,4.0,3.5,3370,3634,2.0,0,0,3,2750,1828,18,1,0
333490.0,4.0,2.5,2250,3916,2.0,0,0,3,2250,2499,11,0,0
320000.0,3.0,3.25,1450,1387,2.0,0,0,3,1180,3479,12,1,1
999000.0,4.0,2.5,3130,10849,2.0,0,0,3,3130,4323,12,0,1
810000.0,2.0,2.75,2700,8572,1.0,0,0,3,2700,1941,18,0,0
399950.0,5.0,2.75,1970,5400,1.0,0,0,3,1320,1383,39,1,0
550000.0,3.0,2.0,1970,4166,2.0,0,3,5,1270,2919,96,1,0
290000.0,3.0,1.5,1950,15954,1.0,0,0,4,1950,63,66,0,0
232500.0,3.0,1.5,1940,9887,1.0,0,0,4,1140,3297,56,1,0
1355000.0,4.0,3.5,3550,11000,1.0,0,2,3,2260,1045,26,1,0
565000.0,3.0,2.5,2500,7394,2.0,0,0,3,2500,531,35,0,1
749950.0,4.0,2.75,2910,18700,1.0,0,0,3,2210,4180,68,1,1
720500.0,4.0,2.5,3350,35298,2.0,0,0,4,3350,1927,40,0,0
507000.0,3.0,1.75,2140,40098,1.0,0,0,5,1490,1343,75,1,0
989000.0,5.0,4.5,4030,13474,2.0,0,0,3,4030,2245,25,0,0
463000.0,4.0,2.5,1980,6660,2.0,0,0,4,1980,607,51,0,0
310000.0,3.0,1.5,1460,9908,1.0,0,0,3,1460,1622,73,0,1
284000.0,4.0,1.75,1880,8800,1.0,0,0,3,1130,6,65,1,1
737500.0,3.0,1.75,2320,10900,2.0,0,0,3,2320,4125,90,0,1
569000.0,3.0,3.25,2220,8227,1.5,0,0,5,1770,3145,96,1,0
700000.0,3.0,1.0,1410,7200,2.0,0,0,4,1410,279,124,0,0
660000.0,3.0,1.0,1240,3500,1.0,0,0,4,1240,4051,98,0,0
275000.0,4.0,2.0,2030,8426,2.0,0,0,3,2030,2889,81,0,0
570000.0,6.0,3.75,4000,6015,2.0,0,2,3,3080,1234,21,1,1
150000.0,3.0,0.75,490,38500,1.5,0,0,4,490,393,66,0,0
356000.0,3.0,2.5,1590,3411,2.0,0,0,3,1590,4086,25,0,0
610000.0,3.0,2.5,2630,5827,2.0,0,0,3,2630,4504,24,0,0
498800.0,2.0,1.75,1350,4614,1.0,0,0,3,1350,521,17,0,0
226550.0,3.0,1.0,990,4440,1.0,0,0,3,990,4335,82,0,1
692500.0,4.0,2.75,3710,7984,2.0,0,0,3,3710,3949,26,0,0
250000.0,3.0,1.0,990,8062,1.0,0,0,4,990,1752,65,0,1
660000.0,4.0,2.5,2510,4543,2.0,0,0,3,2510,1910,23,0,0
295000.0,2.0,1.0,800,6500,1.0,0,0,4,800,184,72,0,1
154950.0,4.0,1.0,1600,10183,1.0,0,0,4,1600,2890,59,0,0
409124.0,5.0,3.25,3320,11340,2.0,0,0,4,2480,801,26,1,0
287000.0,5.0,1.5,1730,9230,1.0,0,0,3,1010,1340,63,1,1
810000.0,4.0,1.75,2000,3988,1.0,0,4,4,1000,675,67,1,1
525000.0,4.0,2.75,2910,6308,1.0,0,0,3,1640,951,40,1,0
525000.0,4.0,1.75,1710,10440,1.0,0,0,4,1710,3024,70,0,1
275000.0,3.0,1.0,1200,7800,1.0,0,0,4,1200,4397,71,0,1
583000.0,3.0,2.5,2600,5100,2.0,0,1,3,2600,31,27,0,1
237950.0,2.0,1.75,1460,7926,1.0,0,0,4,1460,2294,38,0,0
1065000.0,4.0,3.75,4260,9800,2.0,0,0,3,4260,4080,17,0,0
679000.0,4.0,2.75,2100,4480,1.5,0,0,4,1780,3594,97,1,0
1465000.0,6.0,4.5,4230,6420,2.0,0,3,4,2360,434,109,1,0
410000.0,3.0,1.75,1660,6250,1.0,0,0,3,830,1572,45,1,0
306000.0,3.0,1.0,1450,7200,1.0,0,0,3,1010,149,56,1,1
215000.0,4.0,1.5,1860,5040,1.5,0,0,5,1860,1346,105,0,0
594950.0,4.0,2.5,2720,10006,2.0,0,0,3,2720,1865,36,0,0
1250000.0,4.0,2.5,2920,5500,1.0,0,3,3,2030,2117,68,1,1
305000.0,3.0,1.5,1800,12196,1.0,0,0,4,1800,2548,59,0,0
425000.0,2.0,1.0,1320,8830,1.0,0,0,3,1020,2270,86,1,1
215000.0,3.0,1.75,1770,29004,1.0,0,0,3,1770,1912,66,0,1
480000.0,5.0,2.75,2550,7725,1.0,0,0,5,1390,562,58,1,0
550000.0,4.0,1.75,2150,9000,1.0,0,0,4,1110,1279,59,1,0
750000.0,4.0,2.5,3020,7465,2.0,0,0,3,3020,285,21,0,1
137124.0,3.0,1.0,960,27442,1.0,0,0,4,960,1057,55,0,0
840000.0,3.0,2.0,2783,11177,2.0,0,0,3,2783,2957,115,0,1
624800.0,3.0,2.0,2250,14274,1.0,0,0,4,1500,2981,61,1,0
630000.0,3.0,1.75,1710,8767,1.0,0,0,4,1710,134,39,0,0
590000.0,3.0,2.5,2650,9380,1.0,0,0,5,1680,3397,50,1,0
599950.0,3.0,3.25,1830,1804,3.0,0,0,3,1830,986,11,0,0
299880.0,3.0,2.5,1460,3044,2.0,0,0,3,1460,3786,25,0,0
400000.0,3.0,2.0,1760,6875,1.0,0,0,4,1760,4509,58,0,0
560000.0,3.0,2.5,1960,6058,2.0,0,0,3,1960,2169,23,0,0
229000.0,4.0,2.25,2010,7688,1.0,0,0,3,1170,2750,46,1,1
525000.0,4.0,2.5,3670,9958,2.0,0,0,3,3670,741,20,0,0
737000.0,2.0,2.25,2290,9772,1.0,0,0,3,2290,740,18,0,0
680000.0,3.0,2.0,1780,5720,1.0,0,0,5,980,3553,100,1,0
635000.0,4.0,2.5,3080,35430,2.0,0,0,3,3080,4483,28,0,0
740000.0,4.0,2.5,3360,15091,2.0,0,0,3,3360,3793,28,0,0
335500.0,3.0,1.0,1370,6780,2.0,0,0,3,1370,409,95,0,1
270000.0,4.0,2.5,1660,8063,1.0,0,0,4,1660,2186,47,0,1
1037000.0,4.0,3.5,4440,10660,2.0,0,0,3,4440,1013,22,0,0
450000.0,5.0,2.5,2850,209523,1.0,0,0,4,1930,1986,100,1,1
379000.0,3.0,2.5,1530,2913,2.0,0,0,4,1530,377,39,0,0
468000.0,4.0,2.5,2100,8400,1.0,0,0,4,1240,931,49,1,1
321500.0,1.0,1.0,730,1942,1.0,0,0,3,730,4392,17,0,0
443000.0,3.0,2.25,1920,8223,2.0,0,0,4,1920,949,36,0,0
340000.0,3.0,1.0,1600,7324,1.0,0,0,4,1600,973,67,0,1
470000.0,4.0,2.25,2380,17199,2.0,0,0,3,1530,3591,46,1,1
545000.0,3.0,2.5,2760,17377,2.0,0,0,3,2760,3714,23,0,0
415000.0,4.0,1.5,1840,11367,1.5,0,0,4,1840,1525,75,0,1
599000.0,7.0,2.5,2580,5750,1.0,0,0,4,1880,543,124,1,0
759000.0,4.0,1.75,2100,4750,1.0,0,0,3,1340,3623,50,1,0
300000.0,4.0,1.75,1820,5015,1.0,0,0,4,1190,1319,99,1,1
1681000.0,5.0,5.25,4830,18707,2.0,0,1,5,3930,3820,73,1,1
359000.0,3.0,1.5,1550,4980,1.0,0,0,3,1080,89,47,1,0
550000.0,4.0,1.0,1440,3600,1.5,0,0,4,1440,3014,101,0,0
395000.0,2.0,1.0,930,6380,1.0,0,0,4,930,3587,85,0,1
486000.0,4.0,2.5,3560,12047,2.0,0,0,3,3560,3475,37,0,1
187000.0,2.0,1.0,840,11600,1.0,0,0,3,840,503,73,0,1
734950.0,4.0,3.25,4280,47179,2.0,0,0,3,3050,2810,23,1,0
284000.0,3.0,1.5,1500,10018,1.0,0,0,4,1500,988,68,0,1
696000.0,4.0,3.5,3650,38546,2.0,0,0,3,2550,3341,29,1,0
380000.0,2.0,1.0,780,3910,1.0,0,0,3,780,3133,107,0,0
625000.0,4.0,1.0,1600,5500,1.5,0,0,4,1600,4445,79,0,1
252000.0,4.0,1.75,1120,8250,1.0,0,0,4,1120,475,59,0,0
560000.0,2.0,1.0,1010,9219,1.0,0,0,4,1010,1200,65,0,1
395000.0,4.0,2.75,1970,37026,1.0,0,0,4,1970,1505,64,0,1
900000.0,4.0,2.5,2230,4372,2.0,0,0,5,1540,3630,90,1,0
2680000.0,5.0,3.0,4290,20445,2.0,0,0,4,4290,438,40,0,0
625000.0,3.0,1.75,3160,76230,1.0,0,0,4,2160,2772,47,1,1
580000.0,3.0,1.75,1850,5100,1.0,0,0,3,1020,3260,116,1,1
309000.0,3.0,2.25,1980,8755,1.0,0,0,4,1300,1996,62,1,0
412000.0,4.0,3.5,3360,9767,2.0,0,0,3,2450,2748,35,1,1
495000.0,3.0,2.0,2660,192099,1.0,0,0,4,2660,3248,61,0,0
215000.0,3.0,1.0,1200,7280,1.0,0,0,4,1200,3300,58,0,0
741500.0,2.0,2.5,2150,5760,1.0,0,0,3,2150,539,15,0,0
749000.0,3.0,2.75,2820,5348,2.0,0,0,3,2820,437,17,0,0
659950.0,4.0,2.75,3510,9400,2.0,0,0,3,3510,3780,11,0,0
530000.0,3.0,2.5,1790,3078,2.0,0,0,3,1790,3319,15,0,0
749000.0,4.0,2.75,2700,6000,2.0,0,0,4,2100,1590,115,1,0
2321000.0,5.0,4.75,5780,17004,2.0,0,0,3,4260,4426,19,1,0
595000.0,4.0,3.25,3730,4560,2.0,0,0,3,2760,1980,12,1,1
487000.0,4.0,2.5,2540,5001,2.0,0,0,3,2540,3836,20,0,0
760000.0,4.0,2.25,3300,8365,3.0,0,0,3,3300,3961,11,0,0
1240000.0,5.0,3.5,5430,10327,2.0,0,2,3,4010,3716,18,1,0
435000.0,4.0,2.5,2550,5200,2.0,0,0,3,2550,3646,16,0,0
374950.0,3.0,2.25,1390,1484,3.0,0,0,3,1390,4260,18,0,0
440000.0,3.0,1.5,1270,1413,3.0,0,0,3,1270,57,18,0,0
360000.0,4.0,2.5,2380,5000,2.0,0,0,3,2380,1940,20,0,0
879000.0,4.0,2.5,3360,22111,2.0,0,0,3,3360,2081,31,0,0
1550000.0,5.0,4.25,6070,171626,2.0,0,0,3,6070,2522,26,0,0
505000.0,2.0,1.0,1240,57000,1.0,0,0,3,1240,1765,63,0,1
545000.0,2.0,2.0,2930,14057,1.0,0,2,4,1680,1909,45,1,0
600000.0,2.0,2.5,2410,102366,1.0,0,0,4,1940,2664,113,1,1
775000.0,6.0,2.75,2980,5000,1.5,0,0,3,2480,3574,109,1,1
725000.0,2.0,1.75,1950,2719,1.0,0,0,5,1010,2922,106,1,1
610000.0,4.0,2.75,2600,36583,1.0,0,0,5,1580,1795,49,1,0
350000.0,4.0,1.0,1170,8147,1.5,0,0,3,1170,2923,66,0,1
410000.0,3.0,1.0,1470,6500,1.0,0,0,4,1470,903,72,0,1
639000.0,4.0,2.0,1840,5419,1.0,0,0,4,920,2605,83,1,1
439000.0,4.0,2.0,1560,7500,1.0,0,0,4,1560,845,57,0,0
499950.0,4.0,1.75,1520,7700,1.0,0,0,4,1520,952,58,0,0
800000.0,3.0,2.75,2220,4000,2.0,0,0,3,1700,1325,111,1,1
350000.0,4.0,2.5,2800,9538,2.0,0,0,3,2800,1777,32,0,0
279000.0,2.0,1.0,670,6300,1.0,0,0,5,670,4471,83,0,0
290256.0,3.0,2.25,1720,7885,2.0,0,0,3,1720,2721,42,0,1
355000.0,3.0,2.5,2110,4038,2.0,0,0,4,2110,2046,36,0,0
263000.0,3.0,1.75,1580,9187,1.0,0,0,3,1180,2410,32,1,0
880000.0,6.0,2.5,2640,3680,2.0,0,0,5,1760,2565,103,1,1
426500.0,4.0,2.5,2700,6515,2.0,0,0,3,2700,1496,27,0,1
735000.0,3.0,2.5,2820,8159,2.0,0,0,3,2820,2736,21,0,1
720000.0,4.0,2.5,3340,8930,2.0,0,2,3,3340,2907,26,0,0
265000.0,3.0,2.5,1530,6000,2.0,0,0,4,1530,1946,34,0,0
840000.0,4.0,3.5,3840,85728,2.0,0,0,3,3840,3713,27,0,1
657500.0,3.0,2.0,2320,10960,1.0,0,0,3,1510,527,69,1,1
850000.0,5.0,2.0,2310,13430,1.5,0,0,4,2310,2689,59,0,0
436110.0,3.0,2.5,1770,1235,3.0,0,0,3,1600,338,18,1,0
589900.0,2.0,3.0,3160,66646,2.0,0,0,3,3160,1936,32,0,0
620000.0,3.0,1.5,1620,6630,1.0,0,0,3,1280,2456,71,1,1
254000.0,4.0,2.0,1510,4235,1.0,0,0,3,1510,2575,70,0,1
375000.0,3.0,1.75,960,8106,1.0,0,0,3,960,772,63,0,1
455000.0,4.0,2.25,1740,8449,1.0,0,0,4,1170,1164,67,1,1
445000.0,4.0,2.0,1470,8395,1.0,0,0,4,1470,1245,60,0,0
568500.0,4.0,2.5,2460,4200,2.0,0,0,3,2460,3584,27,0,1
352500.0,3.0,1.75,1170,8182,1.0,0,0,3,1170,942,63,0,1
342500.0,2.0,1.75,1210,7507,1.0,0,0,3,1210,4146,43,0,0
299950.0,3.0,2.5,1870,7942,2.0,0,0,3,1870,3225,35,0,1
425000.0,3.0,2.5,1950,5689,2.0,0,0,3,1950,4434,16,0,0
561000.0,4.0,2.5,2570,5250,2.0,0,0,3,2570,2952,35,0,1
455500.0,3.0,2.0,1460,10311,1.0,0,0,4,1460,4176,50,0,0
400000.0,3.0,2.5,2970,23100,1.0,0,0,3,1510,1053,58,1,1
443500.0,4.0,2.5,2040,21781,2.0,0,0,3,2040,3216,31,0,0
1234582.0,5.0,3.25,3240,6551,1.5,0,4,4,2500,3857,86,1,1
370000.0,4.0,2.75,3150,67518,1.0,0,0,4,2250,200,60,1,0
475000.0,3.0,2.25,1820,8008,1.0,0,0,3,1240,1330,44,1,1
580000.0,4.0,2.5,2130,35752,1.0,0,0,3,1490,3008,45,1,0
518000.0,3.0,1.5,1430,8000,1.0,0,0,4,1430,2205,69,0,0
525000.0,3.0,2.5,2030,6970,2.0,0,0,4,2030,3047,34,0,0
236000.0,4.0,2.75,2000,5827,2.0,0,0,3,2000,2330,28,0,0
278500.0,4.0,2.25,1940,6206,2.0,0,0,3,1940,2767,35,0,1
205425.0,2.0,1.75,880,6780,1.0,0,0,4,880,316,80,0,0
248000.0,3.0,1.0,950,9400,1.0,0,0,4,950,3051,71,0,1
505000.0,3.0,2.25,1670,1596,2.0,0,0,3,1220,2578,23,1,0
657500.0,3.0,2.5,2670,10496,2.0,0,0,3,2670,1569,36,0,0
670000.0,3.0,2.5,2700,1438,2.0,0,0,3,1280,3997,22,1,0
202000.0,1.0,1.0,590,833,1.0,0,0,4,590,3878,99,0,1
440000.0,4.0,2.25,2160,8119,1.0,0,0,3,1080,470,59,1,1
690000.0,4.0,2.5,2700,8810,2.0,0,0,3,2700,353,21,0,1
375000.0,6.0,2.25,3206,5793,2.0,0,0,3,3206,2255,13,0,1
291000.0,3.0,1.75,1560,9788,1.0,0,0,3,1560,609,61,0,1
230000.0,3.0,1.75,1400,6956,1.0,0,0,4,1400,165,68,0,1
850000.0,4.0,3.25,3090,6744,2.0,0,4,3,3090,1560,12,0,1
84350.0,4.0,2.0,2630,16475,2.0,0,0,4,2630,4341,72,0,1
12899000.0,3.0,2.5,2190,11394,1.0,0,0,3,1550,3573,69,1,1
2110000.0,4.0,1.0,2100,9200,1.0,0,0,3,1050,816,66,1,1
2199900.0,4.0,1.5,1120,5427,1.0,0,0,3,1120,1542,56,0,1
188000.0,4.0,2.75,3260,19542,1.0,0,0,4,2170,1036,57,1,0
26590000.0,3.0,2.0,1180,7793,1.0,0,0,4,1180,408,33,0,0
7800.0,2.0,1.0,780,16344,1.0,0,0,1,780,3190,83,0,0
237227.857143,4.0,2.5,2200,9397,2.0,0,0,3,2200,3519,38,0,1
117833.333333,3.0,1.0,1340,306848,1.0,0,0,3,1340,1400,72,0,0
0.0,3.0,1.75,1490,10125,1.0,0,0,4,1490,3045,63,0,0
744312.5,4.0,2.5,2800,5900,1.0,0,0,3,1660,3893,62,1,1
0.0,4.0,2.75,2600,5390,1.0,0,0,4,1300,1785,65,1,1
0.0,6.0,2.75,3200,9200,1.0,0,2,4,1600,496,72,1,1
0.0,5.0,3.5,3480,36615,2.0,0,0,4,2490,1855,42,1,0
439333.333333,3.0,3.5,3020,4082,2.0,0,0,3,2080,2822,71,1,1
280000.0,3.0,2.25,1970,11088,1.0,0,0,4,1180,1518,58,1,0
0.0,5.0,1.5,1500,7112,1.0,0,0,5,760,962,105,1,0
0.0,4.0,4.0,3680,18804,2.0,0,0,3,3680,481,35,0,1
176225.0,3.0,2.0,1570,7200,1.0,0,0,4,1570,540,73,0,0
500324.0,3.0,2.5,2280,2289,2.0,0,0,3,1880,3647,19,1,0
444845.0,3.0,2.5,1600,3573,2.0,0,0,3,1600,2453,12,0,1
330000.0,3.0,3.0,1680,1570,3.0,0,0,3,1680,3140,11,0,0
292285.714286,3.0,1.75,1890,13860,1.0,0,0,5,1890,898,59,0,0
160000.0,2.0,1.0,520,22334,1.0,0,0,2,520,2434,74,0,0
274333.333333,3.0,2.25,1780,191228,2.0,0,2,3,1780,3284,37,0,1
537500.0,4.0,3.0,2920,33976,1.0,0,3,5,1460,3774,61,1,0
232333.333333,3.0,2.25,2430,73151,1.0,0,0,3,2430,859,51,0,0
237333.333333,3.0,2.75,3010,1842,2.0,0,0,3,3010,2490,14,0,0
346750.0,3.0,1.0,1620,30736,1.5,0,0,4,1620,1220,114,0,1
0.0,2.0,2.5,2200,188200,1.0,0,3,3,2200,3065,18,0,0
1020000.0,3.0,2.25,2950,78843,1.5,0,0,3,2950,1571,19,0,0
0.0,4.0,2.25,2170,10500,1.0,0,2,4,1270,1833,65,1,1
254000.0,3.0,1.5,1770,17208,1.0,0,0,3,1160,1250,66,1,1
238750.0,3.0,1.0,1830,8209,1.0,0,0,3,1830,1095,83,0,1
268971.875,4.0,2.5,2380,7066,2.0,0,0,4,2380,573,28,0,0
642000.0,4.0,2.5,2550,10000,1.0,0,0,3,1290,981,61,1,1
571986.111111,3.0,2.5,3720,11610,2.0,0,0,3,3720,1853,43,0,0
0.0,5.0,4.5,4630,6324,2.0,0,0,3,3210,3865,19,1,0
0.0,5.0,4.0,4430,9000,2.0,0,0,3,4430,4389,12,0,1
554250.0,3.0,2.5,1490,1709,3.0,0,0,3,1490,2356,21,0,1
0.0,4.0,4.5,5030,11023,2.0,0,2,3,3250,3155,17,1,0
0.0,4.0,1.5,2180,22870,1.0,0,0,4,1280,2665,71,1,1
107500.0,4.0,1.5,1590,131551,1.0,0,3,4,1590,2041,59,0,0
300000.0,3.0,2.0,1510,7066,1.0,0,2,3,1230,136,52,1,1
0.0,4.0,3.5,4210,10308,2.0,0,0,3,4210,1897,19,0,0
540833.333333,3.0,2.0,1640,9972,1.0,0,0,4,1640,2195,48,0,0
274750.0,4.0,2.5,1840,1562,2.0,0,0,3,1400,2080,21,1,1
148612.5,3.0,1.0,1040,5000,1.0,0,0,3,1040,25,66,0,1
326428.571429,3.0,1.0,1250,4800,1.0,0,0,4,1250,3004,74,0,1
0.0,5.0,3.25,3690,12353,2.0,0,0,5,3690,1553,48,0,0
135333.333333,4.0,1.0,1530,7200,1.5,0,0,3,1400,3610,77,1,1
577437.5,4.0,2.5,2110,3750,2.0,0,0,3,2110,3838,25,0,0
440825.0,3.0,1.75,2150,4333,1.0,0,0,3,1200,3231,69,1,1
195000.0,5.0,3.75,5340,10655,2.5,0,3,4,3740,2264,113,1,1
257500.0,4.0,1.75,2420,7672,1.0,0,0,3,1480,3295,46,1,1
692000.0,4.0,3.25,5010,34460,2.0,0,0,3,5010,3741,37,0,1
176400.0,2.0,1.0,910,9612,1.0,0,0,4,910,827,44,0,0
193000.0,3.0,1.5,2200,5000,1.5,0,0,3,2200,2024,93,0,0
646212.5,4.0,2.5,3430,64441,2.0,0,0,3,3430,1625,12,0,1
268971.875,4.0,2.5,1860,6687,1.0,0,0,4,1220,1872,42,1,0
0.0,4.0,3.75,3300,4545,1.5,0,4,3,2600,2954,99,1,1
317061.875,3.0,1.75,1280,10716,1.0,0,0,4,1280,843,56,0,0
83300.0,3.0,2.0,1490,7770,1.0,0,0,4,1490,2267,35,0,0
0.0,5.0,2.25,2880,11965,2.0,0,0,4,2880,2220,35,0,0
266066.666667,4.0,1.0,1310,5200,1.5,0,0,3,1160,3906,80,1,1
342246.428571,4.0,2.5,1980,7403,2.0,0,0,3,1980,2551,37,0,1
0.0,5.0,2.25,2000,7900,1.0,0,0,4,1300,2694,39,1,0
0.0,3.0,3.0,1860,7440,1.0,0,0,5,1040,181,71,1,0
0.0,4.0,3.0,1990,6180,2.0,0,0,3,1990,2753,35,0,1
240015.333333,4.0,2.25,1720,8300,1.0,0,0,4,1720,2660,52,0,0
83300.0,3.0,2.0,1370,78408,1.0,0,0,5,1370,2052,61,0,0
316850.0,4.0,3.0,4060,35621,1.0,0,0,3,2030,2769,36,1,0
259585.571429,4.0,2.5,1960,9898,2.0,0,0,3,1960,2112,24,0,0
328211.904762,4.0,2.5,1720,9600,1.0,0,0,3,1120,1567,64,1,1
673476.818182,4.0,2.5,2740,12899,2.0,0,0,4,2740,2656,35,0,0
0.0,4.0,1.0,1360,13372,1.0,0,0,3,1360,1479,70,0,1
425000.0,3.0,2.5,1870,5449,2.0,0,0,3,1870,4340,22,0,0
127160.0,2.0,1.0,720,4222,1.0,0,0,4,720,4179,83,0,1
341750.0,3.0,2.25,2180,7741,2.0,0,0,3,2180,3228,39,0,0
178650.0,3.0,1.5,1430,8960,1.0,0,0,4,1430,856,72,0,1
87500.0,2.0,1.0,780,6685,1.0,0,0,4,780,2635,77,0,0
282508.888889,3.0,1.0,1180,5002,1.5,0,0,3,1180,1284,79,0,0
450385.714286,3.0,2.0,1300,3731,1.0,0,0,3,900,3939,32,1,0
435000.0,4.0,3.0,4260,18000,2.0,0,2,3,4260,3993,25,0,0
532500.0,2.0,1.75,2050,11900,1.0,0,0,4,2050,319,75,0,1
408900.0,3.0,1.75,2930,19876,1.0,0,0,3,2030,559,32,1,0
156766.666667,2.0,1.0,1500,4120,1.5,0,0,3,880,1863,97,1,1
452500.0,5.0,3.5,5960,13703,2.0,0,2,3,4770,3476,41,1,0
308830.769231,2.0,1.0,810,4800,1.0,0,0,3,810,3348,106,0,1
484991.666667,4.0,2.75,2320,4344,2.0,0,0,3,2320,3198,13,0,1
287919.782609,2.0,1.0,1090,5000,1.0,0,0,4,730,4269,83,1,1
247875.0,2.0,1.0,1000,4776,1.0,0,0,4,1000,3338,83,0,1
309487.5,3.0,2.5,2260,19821,2.0,0,0,3,2260,1331,31,0,0
173666.666667,4.0,1.0,1290,5000,1.5,0,0,3,1290,16,68,0,1
237481.25,3.0,2.0,2120,7560,1.0,0,0,3,2120,1500,34,0,0
326983.333333,3.0,2.25,1490,4522,2.0,0,0,3,1490,4106,16,0,0
790000.0,4.0,2.5,2310,5100,2.0,0,0,3,2310,893,12,0,1
0.0,1.0,1.0,720,6000,1.0,0,0,3,720,509,85,0,1
678333.333333,3.0,2.5,1840,3035,1.0,0,0,3,920,3076,99,1,1
542804.75,5.0,2.75,2910,36250,1.0,0,0,3,1590,1635,48,1,1
723243.75,4.0,2.75,3270,12880,2.0,0,0,3,3270,3855,11,0,0
667781.25,5.0,2.75,3040,10257,2.0,0,0,3,3040,3624,32,0,0
108333.333333,3.0,1.0,1200,9936,1.0,0,0,4,1200,2009,56,0,0
0.0,5.0,2.75,2740,5616,1.5,0,0,5,1670,49,100,1,0
535000.0,4.0,2.25,2290,5350,2.0,0,0,4,2120,2199,67,1,1
596165.428571,4.0,2.0,2580,6000,1.0,0,0,5,1300,2859,75,1,0
269187.5,3.0,1.75,1590,27200,1.5,0,0,4,1590,1642,99,0,1
148612.5,3.0,1.0,1040,6860,2.0,0,0,3,1040,46,83,0,1
0.0,3.0,1.0,1300,6710,1.0,0,0,4,1300,2407,73,0,0
0.0,5.0,2.5,2090,4698,2.0,0,0,3,2090,2412,27,0,1
341166.666667,5.0,2.75,2670,3800,2.0,0,0,3,2670,1188,11,0,0
132500.0,4.0,1.0,1540,115434,1.5,0,0,4,1540,4361,102,0,0
557125.0,4.0,2.75,3370,12447,2.0,0,0,3,3370,867,34,0,0
228944.444444,3.0,1.75,1730,11325,1.0,0,0,5,1730,2007,53,0,0
592105.714286,3.0,2.5,1640,29970,2.0,0,0,3,1640,2596,33,0,0
535000.0,4.0,2.25,2980,8051,1.5,0,2,4,2020,2224,90,1,0
420642.857143,3.0,2.0,1330,8100,1.0,0,0,4,1330,779,56,0,0
132250.0,4.0,2.25,2192,12128,2.0,0,0,3,2192,2313,19,0,0
237227.857143,4.0,2.5,2068,7242,2.0,0,0,4,2068,2557,49,0,1
440825.0,3.0,1.75,1980,6250,1.0,0,1,5,1090,3532,115,1,0
2560498.33333,3.0,2.5,1710,1664,2.0,0,0,5,1300,2462,22,1,0
423050.925926,2.0,1.0,890,4590,1.0,0,0,3,890,2795,102,0,1
1337044.2,4.0,3.5,4280,9583,2.0,0,0,3,4280,832,20,0,0
315368.7,3.0,2.5,3080,12476,2.0,0,0,3,3080,2198,35,0,1
417985.714286,4.0,2.25,2070,7500,2.0,0,0,4,2070,807,48,0,0
723243.75,4.0,2.75,3010,7215,2.0,0,0,3,3010,150,11,0,0
259950.0,4.0,2.0,2030,9300,1.0,0,0,4,2030,855,49,0,1
0.0,4.0,3.75,4060,19290,2.0,0,0,3,4060,1811,23,0,0
237333.333333,3.0,2.75,2340,16500,1.0,0,0,4,1500,1835,53,1,0
426090.0,3.0,2.5,2340,5957,2.0,0,0,3,2340,4084,30,0,0
458663.888889,2.0,1.0,1470,7137,1.0,0,0,3,1020,4478,84,1,1
812650.0,4.0,2.5,3700,21755,1.0,0,4,3,2620,3292,37,1,1
135333.333333,4.0,1.0,1200,7200,1.5,0,0,3,1200,3849,81,0,0
0.0,5.0,2.75,2910,53898,1.0,0,0,5,1510,729,46,1,0
0.0,5.0,2.0,1910,7200,1.0,0,0,4,1110,347,74,1,1
0.0,3.0,2.5,2880,13500,1.0,0,4,5,1520,4394,75,1,0
0.0,5.0,2.75,3240,6863,2.0,0,0,3,3240,637,12,0,1
387884.615385,3.0,1.75,1590,8219,1.5,0,0,5,970,575,87,1,0
437500.0,5.0,3.5,3690,11928,2.0,0,0,3,2540,300,19,1,0
641633.333333,3.0,2.5,2480,5137,2.0,0,0,3,2480,670,25,0,0
681965.78125,4.0,2.5,2683,40386,2.0,0,0,4,2683,191,38,0,0
229629.5,2.0,1.0,1100,8281,1.0,0,0,4,1100,435,78,0,1
0.0,4.0,1.0,2080,3500,1.5,0,0,5,1260,3782,99,1,0
210614.285714,3.0,2.5,2210,10119,1.0,0,0,4,1450,270,59,1,0
790000.0,4.0,3.25,2420,4000,1.5,0,0,5,1870,3104,114,1,1
435500.0,3.0,3.5,1240,1666,2.0,0,0,3,1000,3660,17,1,0
738190.857143,3.0,2.5,2300,3060,1.5,0,0,3,1510,3968,95,1,1
497333.333333,3.0,1.75,1760,12874,1.0,0,0,4,1230,623,58,1,0
300000.0,3.0,2.0,2020,8555,1.0,0,0,4,1220,737,68,1,1
1036200.0,4.0,3.25,2500,5801,1.5,0,0,3,1960,993,99,1,1
163785.714286,2.0,1.0,760,5500,1.5,0,0,3,760,224,78,0,1
351250.0,4.0,1.75,1580,5340,1.0,0,0,3,1130,1804,78,1,1
645325.0,3.0,2.5,2670,10481,2.0,0,0,3,2670,3859,22,0,0
171224.8,3.0,1.0,1140,8366,1.0,0,0,5,1140,2632,82,0,0
0.0,5.0,3.75,3870,8225,2.0,0,0,3,3870,36,27,0,1
540000.0,3.0,2.75,2750,18029,1.0,0,2,5,1810,3374,47,1,0
233166.666667,3.0,2.0,1570,7000,2.0,0,2,4,1050,3215,54,1,0
329333.333333,3.0,1.75,1160,22470,1.0,0,0,4,1160,1436,49,0,1
225279.428571,3.0,2.25,2110,7665,1.0,0,0,4,1360,2756,52,1,0
331366.666667,3.0,2.5,1270,2509,2.0,0,0,3,1270,2153,21,0,1
460886.923077,4.0,2.5,3250,4500,2.0,0,0,3,3250,3523,16,0,0
337945.75,2.0,1.0,940,9839,1.0,0,0,3,940,3123,115,0,1
0.0,4.0,1.5,2310,68824,2.0,0,0,4,2310,2531,57,0,0
243069.230769,3.0,1.0,1130,12519,1.0,0,0,3,1130,4216,67,0,1
0.0,6.0,3.0,3020,13783,2.0,0,0,3,3020,3135,73,0,1
690408.62069,4.0,2.5,3210,14910,2.0,0,0,3,3210,210,30,0,0
592105.714286,3.0,2.5,2650,40705,2.0,0,0,3,2650,3892,31,0,0
220083.333333,3.0,1.75,1150,8079,1.0,0,0,4,1150,416,42,0,0
280000.0,3.0,3.0,3910,19023,2.0,0,0,3,3910,2678,40,0,0
297857.142857,4.0,2.5,3490,5000,2.0,0,0,3,3490,1151,22,0,0
950833.333333,5.0,3.0,3330,19126,2.0,0,0,4,2610,3699,48,1,0
323833.333333,4.0,1.0,1940,5753,1.5,0,0,3,1940,485,78,0,1
309000.0,3.0,2.5,1800,2700,2.0,0,0,3,1800,2436,14,0,0
248400.0,3.0,1.75,1880,11249,1.0,0,0,3,1330,2107,40,1,0
994500.0,4.0,2.25,2870,6280,1.5,0,0,4,1980,1018,120,1,0
0.0,4.0,2.5,1960,11600,1.0,0,0,5,980,3469,94,1,0
0.0,4.0,1.0,1810,7500,1.0,0,0,2,1410,484,66,1,0
0.0,2.0,2.25,1490,6770,1.5,0,0,3,1490,3431,99,0,1
0.0,3.0,4.5,5230,17826,2.0,1,4,3,3740,3996,20,1,0
288500.0,5.0,2.5,3390,9760,1.0,0,0,5,1750,1030,47,1,0
379509.166667,2.0,1.0,880,6413,1.0,0,0,3,880,2845,75,0,1
180785.714286,2.0,1.0,2550,21675,1.0,0,1,4,1610,1896,67,1,1
950100.0,4.0,2.5,3160,13194,2.0,0,0,5,3160,3711,60,0,0
0.0,4.0,5.0,4550,18641,1.0,1,4,3,2600,3200,23,1,0
542500.0,5.0,2.75,3831,13800,2.0,1,4,3,3831,3723,66,0,1
362750.0,2.0,1.75,1240,3000,1.5,0,0,3,1240,978,119,0,1
234975.0,4.0,2.75,2520,14021,2.0,0,0,3,2520,2480,26,0,0
672500.0,4.0,2.25,2420,10200,2.0,0,0,4,2420,4245,52,0,0
391400.0,4.0,1.75,1250,7400,1.0,0,0,5,1250,109,66,0,0
0.0,3.0,2.75,1310,7300,1.0,0,0,3,1310,1178,68,0,1
198995.0,3.0,1.0,1410,8053,1.0,0,0,4,1410,94,74,0,1
278900.0,3.0,1.0,990,9798,1.0,0,0,3,990,654,57,0,1
171758.333333,3.0,1.0,1000,8512,1.0,0,0,3,1000,2825,34,0,0
325187.5,3.0,1.75,2000,7560,1.0,0,0,4,1300,569,57,1,0
190368.75,2.0,1.0,1120,5650,1.0,0,0,3,1120,3980,81,0,0
375000.0,5.0,3.25,3370,7947,2.0,0,0,3,3370,1461,24,0,0
216000.0,3.0,2.75,2210,4000,2.0,0,0,3,2210,207,17,0,0
0.0,5.0,3.5,2640,6895,2.0,0,0,3,2640,2861,24,0,0
360500.0,3.0,2.5,1150,887,3.0,0,0,3,1150,168,18,0,0
677099.565217,4.0,2.5,2150,27540,2.0,0,0,3,2150,2601,28,0,0
405125.0,4.0,2.75,4230,31747,2.0,0,0,4,4230,886,40,0,0
289987.5,3.0,1.75,1570,15330,1.0,0,0,3,1080,1105,69,1,1
264270.0,3.0,2.5,1630,7700,1.0,0,0,3,1120,4487,47,1,0
602761.0,4.0,2.5,2770,10274,2.0,0,0,3,2770,3016,36,0,0
251555.555556,3.0,1.0,1750,7800,1.0,0,0,4,1150,1127,69,1,0
214750.0,3.0,1.5,1090,8160,1.0,0,0,3,1090,1208,58,0,1
258125.0,2.0,1.0,930,7740,1.0,0,0,3,930,222,101,0,1
0.0,4.0,2.0,2100,4857,2.0,0,0,3,2100,3298,60,0,1
677099.565217,4.0,2.5,2540,38677,2.0,0,0,3,2540,3938,38,0,1
0.0,2.0,1.0,810,8424,1.0,0,0,4,810,2598,66,0,0
0.0,2.0,1.5,1520,8040,1.0,0,0,5,1520,334,74,0,0
167500.0,1.0,1.0,690,1950,1.0,0,0,3,690,4027,97,0,1
471500.0,4.0,3.0,2370,3672,1.5,0,0,5,1650,3844,109,1,0
0.0,4.0,4.25,3500,8750,1.0,0,4,5,2140,595,74,1,0
464600.0,2.0,1.0,840,3400,1.0,0,2,4,840,2097,101,0,0
132250.0,4.0,2.25,1830,8734,2.0,0,0,4,1830,448,34,0,0
433111.111111,3.0,2.25,1370,1524,3.0,0,0,3,1370,4332,20,0,0
542500.0,5.0,2.75,2520,16100,1.0,0,3,4,1570,4215,65,1,1
0.0,2.0,2.25,2130,4920,1.5,0,4,4,1530,2844,84,1,1
368112.5,4.0,2.5,2590,8483,2.0,0,0,3,2590,4313,34,0,0
673476.818182,4.0,2.5,1820,20011,2.0,0,0,3,1820,1879,38,0,1
558653.846154,3.0,2.5,1530,3210,1.5,0,0,5,1010,4247,97,1,1
0.0,4.0,2.5,4080,18362,2.0,0,2,4,4080,2361,42,0,0
168333.333333,2.0,1.0,1050,6600,1.5,0,0,3,1050,715,61,0,1
268971.875,4.0,2.5,1954,4805,2.0,0,0,3,1954,1603,20,0,0
318000.0,2.0,1.75,1530,3503,1.0,0,1,4,830,1580,109,1,0
550607.142857,4.0,2.0,1660,4800,1.5,0,0,3,1660,3079,103,0,1
1288333.33333,6.0,4.5,3830,4800,3.0,0,0,3,3050,2102,106,1,1
584000.0,3.0,1.75,1490,1036,2.0,0,0,3,1090,3219,17,1,0
0.0,3.0,1.0,1520,9030,1.0,0,0,3,1520,2208,69,0,1
0.0,5.0,6.25,8020,21738,2.0,0,0,3,8020,1647,24,0,0
245000.0,3.0,3.0,2470,7410,2.0,0,0,5,1860,4304,48,1,0
287919.782609,2.0,1.0,870,4600,1.0,0,0,4,870,4239,83,0,1
672500.0,4.0,2.25,2110,12653,2.0,0,0,4,2110,4001,53,0,0
454790.0,2.0,1.75,1990,4000,1.0,0,0,5,1090,4183,73,1,1
282508.888889,3.0,1.0,1560,7552,1.0,0,0,4,910,1934,77,1,0
473200.0,3.0,1.5,1740,4200,1.5,0,0,4,1640,3824,105,1,0
406062.5,2.0,1.0,1290,4650,1.0,0,0,4,1290,2645,119,0,1
282766.666667,4.0,2.0,1700,8640,1.0,0,0,3,850,2965,70,1,1
486445.833333,3.0,1.75,1880,10032,1.0,0,0,4,1880,709,41,0,0
486895.0,3.0,1.0,1890,3330,1.5,0,0,4,1390,3232,124,1,0
430277.777778,3.0,2.25,1620,1075,3.0,0,0,3,1540,4474,16,1,0
229629.5,2.0,1.0,770,8149,1.0,0,0,3,770,1144,77,0,1
0.0,4.0,2.25,2890,18226,3.0,1,4,3,2890,2724,41,0,0
182805.0,3.0,1.0,1040,8892,1.0,0,0,4,800,87,67,1,1
380680.555556,4.0,2.5,2620,8331,2.0,0,0,3,2620,747,34,0,0
396166.666667,3.0,1.75,1880,5752,1.0,0,0,4,940,2897,80,1,0
252980.0,4.0,2.5,2530,8169,2.0,0,0,3,2530,2994,32,0,0
289373.307692,3.0,2.5,2538,4600,2.0,0,0,3,2538,3638,12,0,1
210614.285714,3.0,2.5,1610,7223,2.0,0,0,3,1610,2301,31,0,0
308166.666667,3.0,1.75,1510,6360,1.0,0,0,4,1510,3447,71,0,1
534333.333333,3.0,2.5,1460,7573,2.0,0,0,3,1460,960,42,0,1
416904.166667,3.0,2.5,3010,7014,2.0,0,0,3,3010,4033,16,0,0
203400.0,4.0,2.0,2090,6630,1.0,0,0,3,1070,3498,51,1,0
220600.0,3.0,2.5,1490,8102,2.0,0,0,4,1490,1514,35,0,0
